customer_id,revenue,invoices,units,first_purchase,last_purchase,revenue_share_pct,cumulative_revenue_share_pct
18102,608821.65,145,188340,2009-12-01 09:24:00,2011-12-09 11:50:00,3.4424981201329343,3.4424981201329343
14646,528602.52,151,367193,2009-12-02 16:52:00,2011-12-08 12:12:00,2.988910104293321,6.431408224426255
14156,313759.82,156,165873,2009-12-01 12:30:00,2011-11-30 10:54:00,1.7741116639384422,8.205519888364696
14911,295832.39,398,149949,2009-12-01 11:41:00,2011-12-08 15:54:00,1.672743481526048,9.878263369890744
17450,246813.09,51,84700,2010-09-27 16:59:00,2011-12-01 13:29:00,1.3955706048712304,11.273833974761974
13694,196482.81,143,189205,2009-12-04 15:26:00,2011-12-06 09:32:00,1.1109849724684338,12.384818947230407
17511,175603.55,60,119656,2009-12-02 10:52:00,2011-12-07 10:12:00,0.9929260741034251,13.377745021333832
16446,168472.5,2,80997,2011-05-18 09:52:00,2011-12-09 09:15:00,0.9526045345859426,14.330349555919774
16684,147142.77,55,104810,2009-12-07 12:56:00,2011-12-05 14:06:00,0.8319985156837847,15.162348071603558
12415,144458.37,28,91447,2010-06-30 08:30:00,2011-11-15 14:22:00,0.8168199458124852,15.979168017416043
15061,137818.52,127,80711,2009-12-01 12:18:00,2011-12-06 12:06:00,0.7792758290042792,16.758443846420324
16029,122035.14,107,56386,2009-12-08 11:23:00,2011-11-01 10:27:00,0.6900308818521145,17.448474728272437
17949,118628.08,118,60658,2009-12-02 11:07:00,2011-12-08 18:46:00,0.6707661305983112,18.119240858870747
13089,116647.53,203,60150,2009-12-02 15:44:00,2011-12-07 09:02:00,0.6595673835566623,18.77880824242741
15311,116575.49,208,70931,2009-12-01 11:21:00,2011-12-09 12:00:00,0.6591600433042676,19.437968285731678
12931,92347.34,57,62906,2009-12-01 11:46:00,2011-11-18 12:39:00,0.5221653079342314,19.96013359366591
14298,91194.49,82,100272,2009-12-11 13:49:00,2011-12-01 13:12:00,0.5156466764798553,20.475780270145762
15769,88704.32,46,49104,2009-12-11 09:58:00,2011-12-02 13:52:00,0.5015663533773318,20.977346623523093
12346,77556.46,12,74285,2009-12-14 08:34:00,2011-01-18 10:01:00,0.438532315258771,21.415878938781866
13798,75836.87,110,48347,2009-12-08 16:21:00,2011-12-08 15:51:00,0.42880913057504716,21.844688069356913
15838,74163.0,34,64664,2009-12-15 09:51:00,2011-11-28 14:00:00,0.41934446333079445,22.264032532687708
17841,70081.86,211,37166,2009-12-02 15:41:00,2011-12-08 12:07:00,0.3962682196098306,22.660300752297537
16754,67502.47,29,67831,2010-03-08 11:32:00,2010-12-02 17:38:00,0.3816834143124342,23.04198416660997
14096,65164.79,17,16352,2011-08-30 10:49:00,2011-12-05 17:17:00,0.36846532490074463,23.410449491510715
14088,64036.8,16,15276,2010-10-14 19:46:00,2011-11-29 16:16:00,0.36208726089049015,23.772536752401205
16422,63589.07,109,66273,2010-01-12 11:57:00,2011-11-22 14:00:00,0.3595556333057498,24.132092385706954
13081,59205.15,28,41423,2009-12-08 13:58:00,2011-11-28 10:54:00,0.33476736179994315,24.4668597475069
14680,57369.38,58,27358,2009-12-04 12:36:00,2011-11-14 16:59:00,0.32438725331661894,24.791247000823518
17389,57215.33,61,17880,2009-12-04 12:06:00,2011-12-09 09:38:00,0.3235161988207638,25.11476319964428
16013,57140.44,84,25880,2009-12-08 10:24:00,2011-12-06 10:36:00,0.32309274363611856,25.437855943280397
17850,56600.08,155,22785,2009-12-05 12:28:00,2010-12-02 15:27:00,0.3200373524814265,25.757893295761825
13777,56478.42,61,26742,2009-12-02 09:47:00,2011-12-09 12:25:00,0.31934944277700755,26.077242738538832
12748,55511.09,336,38396,2009-12-04 17:31:00,2011-12-09 12:20:00,0.31387980859670495,26.391122547135538
13093,54943.65,55,26227,2009-12-04 10:32:00,2011-03-09 12:14:00,0.3106712973138223,26.70179384444936
13408,51733.462,106,29499,2009-12-04 09:31:00,2011-12-08 09:05:00,0.29251973165370937,26.994313576103067
17404,47781.12,23,50679,2010-01-07 11:31:00,2011-12-05 16:26:00,0.2701717584744993,27.264485334577568
13881,45179.1,43,29760,2010-03-04 14:41:00,2011-12-06 12:50:00,0.2554589949606717,27.51994432953824
15749,44534.3,3,18028,2011-01-11 12:55:00,2011-04-18 13:20:00,0.2518130622185268,27.77175739175677
16705,43515.051,42,22302,2009-12-09 13:34:00,2011-12-09 12:08:00,0.2460498592075179,28.017807250964285
14031,40919.58,44,14468,2009-12-03 15:35:00,2011-12-02 17:13:00,0.2313741261116933,28.249181377075978
17381,40002.37,38,45767,2010-06-09 12:55:00,2011-12-01 11:59:00,0.2261878885645116,28.475369265640488
12471,39918.19,79,16858,2009-12-07 10:41:00,2011-12-07 15:43:00,0.225711904355092,28.70108116999558
15098,39916.5,3,121,2011-06-10 15:22:00,2011-06-10 15:33:00,0.22570234848298554,28.926783518478565
15039,39726.89,93,18036,2009-12-10 11:39:00,2011-11-30 11:31:00,0.22463022486754183,29.151413743346108
16210,38489.51,35,14263,2009-12-02 12:54:00,2011-12-08 12:36:00,0.21763363017697837,29.369047373523088
17675,38259.6,70,16416,2009-12-10 16:10:00,2011-12-08 18:03:00,0.21633363576515058,29.585381009288238
17677,36675.06,54,21933,2009-12-16 11:23:00,2011-12-08 09:56:00,0.20737407269561217,29.79275508198385
12921,35921.04,74,21708,2009-12-01 13:43:00,2011-11-30 16:22:00,0.20311057051473108,29.99586565249858
13767,35540.53,73,15235,2009-12-01 10:52:00,2011-12-07 15:00:00,0.20095902915661448,30.196824681655194
12678,34281.18,21,22372,2010-01-07 16:46:00,2011-10-28 13:04:00,0.19383820812866748,30.39066288978386
13902,34095.26,5,220600,2009-12-15 10:02:00,2010-03-17 13:09:00,0.1927869491097165,30.58344983889358
15856,33847.27,52,20225,2009-12-03 14:02:00,2011-12-05 17:09:00,0.1913847238294365,30.774834562723015
16779,33165.94,53,19544,2009-12-03 13:03:00,2011-12-07 14:54:00,0.1875322372363757,30.96236679995939
14258,32051.34,25,17488,2009-12-04 08:36:00,2011-11-30 15:27:00,0.18122988513588753,31.14359668509528
17428,31819.760000000002,45,17504,2009-12-01 17:28:00,2011-12-09 09:45:00,0.17992044793919718,31.323517133034475
12681,30868.28,45,17596,2009-12-13 13:31:00,2011-11-25 11:33:00,0.1745404353996561,31.49805756843413
12709,30814.46,34,13911,2009-12-09 13:49:00,2011-11-24 15:38:00,0.1742361176264206,31.672293686060552
14606,30558.25,192,15474,2009-12-03 12:40:00,2011-12-08 19:28:00,0.17278741348891294,31.845081099549464
17940,30306.79,16,85148,2009-12-03 12:31:00,2011-10-21 13:27:00,0.17136556757182272,32.016446667121286
13078,29532.45,57,12183,2009-12-01 09:06:00,2011-12-06 15:36:00,0.16698716875117675,32.183433835872464
13098,28882.44,28,15968,2011-01-26 13:46:00,2011-12-08 14:14:00,0.16331177678200545,32.346745612654466
17857,28682.24,24,22060,2010-03-08 12:09:00,2011-12-05 13:13:00,0.16217977347093626,32.508925386125405
14527,27764.21,122,6755,2009-12-02 12:06:00,2011-12-07 12:19:00,0.15698889934675614,32.66591428547216
15513,27750.55,35,10831,2010-01-13 14:59:00,2011-11-06 14:36:00,0.15691166075919769,32.82282594623136
16333,26626.8,22,32184,2011-02-03 10:50:00,2011-12-02 12:19:00,0.1505575712446422,32.973383517476
17865,26312.190000000002,46,12950,2009-12-01 10:49:00,2011-11-09 12:08:00,0.14877865235505436,33.12216216983106
18251,26278.86,9,39639,2009-12-22 12:01:00,2011-09-13 15:03:00,0.14859019246315658,33.27075236229421
13802,26259.11,19,14129,2010-02-16 10:11:00,2011-07-24 10:54:00,0.1484785188098418,33.41923088110405
15498,25949.58,44,12598,2009-12-16 17:27:00,2011-12-07 12:48:00,0.1467283240801952,33.56595920518424
12731,25775.71,17,11641,2010-03-02 09:23:00,2011-11-16 11:59:00,0.14574520012567174,33.711704405309916
14062,25585.65,24,12794,2009-12-10 14:28:00,2011-11-30 10:04:00,0.14467053204724112,33.85637493735716
12744,25317.06,11,6994,2010-04-27 16:19:00,2011-10-19 11:18:00,0.14315182690578218,33.99952676426294
12939,25264.8,20,10328,2010-01-12 11:27:00,2011-10-06 14:33:00,0.142856329937568,34.142383094200504
14895,25119.54,38,10714,2009-12-10 14:22:00,2011-12-02 09:23:00,0.14203497728539063,34.284418071485895
12621,24775.81,35,13933,2010-02-09 12:01:00,2011-12-08 11:25:00,0.14009140336873818,34.42450947485463
16525,24562.74,48,14628,2009-12-02 13:53:00,2011-12-07 15:07:00,0.13888662841624314,34.563396103270875
17920,24256.74,54,12544,2009-12-06 10:37:00,2011-12-05 14:29:00,0.13715639358513834,34.70055249685601
13001,24042.65,33,13448,2009-12-03 16:21:00,2011-12-05 14:51:00,0.13594585118320626,34.83649834803922
12682,24025.51,52,10998,2009-12-01 09:28:00,2011-12-06 10:00:00,0.1358489354152156,34.97234728345444
15640,23828.03,29,12320,2009-12-14 16:36:00,2011-12-05 14:35:00,0.1347323119693118,35.10707959542375
14607,23763.13,22,15335,2009-12-15 11:25:00,2011-11-24 10:35:00,0.1343653438629762,35.24144493928672
12482,23691.4,29,27042,2010-02-24 10:24:00,2010-05-12 16:51:00,0.13395975646286132,35.37540469574959
12409,23419.29,7,13143,2010-05-23 15:21:00,2011-09-22 10:38:00,0.1324211479664825,35.50782584371607
16133,22992.260000000002,56,13653,2010-03-31 12:21:00,2011-12-06 11:24:00,0.13000656567914046,35.63783240939521
14063,22710.2,9,3850,2009-12-08 13:46:00,2010-09-27 16:18:00,0.12841169627893975,35.76624410567415
14051,22394.4,37,5923,2009-12-03 11:53:00,2011-12-09 10:20:00,0.12662604869834207,35.89287015437249
16839,22310.49,44,11527,2010-02-11 15:02:00,2011-12-01 09:03:00,0.12615159116671462,36.019021745539206
17340,22289.22,18,11162,2010-02-14 14:54:00,2011-11-10 10:45:00,0.12603132288286628,36.14505306842207
12540,22254.49,33,11019,2009-12-07 16:56:00,2011-11-20 11:31:00,0.12583494688389807,36.27088801530597
15159,22116.73,34,13512,2010-10-04 09:31:00,2011-12-08 12:05:00,0.12505600194816932,36.39594401725414
13340,22100.56,12,9636,2010-02-22 14:54:00,2011-10-25 13:15:00,0.12496457091150605,36.520908588165646
13319,22082.5,58,9270,2009-12-06 14:46:00,2011-12-04 13:34:00,0.12486245313029772,36.645771041295944
14667,21593.05,54,12705,2009-12-02 12:38:00,2011-11-29 11:30:00,0.12209492555485904,36.767865966850806
12753,21429.39,6,11421,2010-12-12 11:44:00,2011-11-17 10:52:00,0.12116953263832765,36.88903549948913
15615,21373.97,47,12090,2009-12-02 15:28:00,2011-11-29 14:42:00,0.12085616788558312,37.00989166737472
14866,20850.22,19,9233,2010-08-26 11:54:00,2011-11-29 11:45:00,0.11789469568691932,37.12778636306164
17706,20749.98,31,8049,2010-01-19 12:13:00,2011-12-05 13:34:00,0.11732790242067767,37.245114265482314
12433,20581.26,10,17116,2010-08-20 09:23:00,2011-12-09 10:02:00,0.11637389843144892,37.36148816391376
17243,20460.48,69,8024,2009-12-01 15:36:00,2011-12-08 13:26:00,0.11569096456575992,37.47717912847952
15251,20324.54,21,12108,2010-01-29 12:42:00,2011-11-30 15:02:00,0.11492231056922274,37.59210143904874
12477,20276.37,9,6119,2010-03-26 14:01:00,2011-11-17 09:51:00,0.11464993994237856,37.70675137899112
18008,19759.079999999998,23,7825,2010-01-06 12:35:00,2011-09-30 15:17:00,0.1117249949234825,37.818476373914606
16843,19571.43,35,18502,2009-12-10 11:40:00,2011-10-28 09:06:00,0.1106639538579374,37.929140327772544
17139,19566.76,25,9853,2010-01-11 11:31:00,2011-11-24 10:12:00,0.11063754798649535,38.039777875759036
17581,18737.95,43,9960,2009-12-03 12:34:00,2011-12-09 12:21:00,0.10595115605718836,38.145729031816224
12557,18716.14,8,6782,2009-12-17 10:39:00,2011-11-23 16:59:00,0.10582783441775569,38.251556866233976
14194,18670.59,36,10037,2010-01-06 12:16:00,2011-12-05 10:38:00,0.10557027821985758,38.357127144453834
13113,18603.04,37,4540,2010-03-28 16:13:00,2011-12-09 12:49:00,0.10518832605371012,38.46231547050754
12357,18287.66,3,6587,2010-11-16 10:05:00,2011-11-06 16:07:00,0.10340505330523357,38.56572052381277
17377,18232.57,78,7524,2009-12-02 12:39:00,2011-11-16 11:17:00,0.10309355449201277,38.668814078304784
15808,18133.3,21,7080,2009-12-01 16:30:00,2011-02-06 14:33:00,0.10253224595709849,38.771346324261884
16746,18046.75,42,11900,2009-12-04 13:00:00,2011-12-05 12:33:00,0.1020428609092811,38.87338918517116
12647,17924.35,36,6878,2010-01-13 15:06:00,2011-11-17 12:56:00,0.10135076697683919,38.974739952148
12472,17880.59,19,11350,2009-12-14 10:49:00,2011-11-07 14:01:00,0.10110333208726685,39.07584328423527
15078,17761.88,53,8990,2009-12-04 12:03:00,2011-12-02 15:41:00,0.10043210275131767,39.17627538698659
12901,17654.54,28,23075,2011-03-14 10:41:00,2011-12-01 10:07:00,0.09982516351350465,39.2761005505001
14952,17629.35,32,6977,2009-12-03 15:34:00,2011-10-11 10:33:00,0.09968273012985912,39.37578328062995
16652,17550.39,16,7477,2010-03-17 10:22:00,2011-10-12 09:38:00,0.09923626169108775,39.47501954232104
15189,17524.38,46,6902,2010-07-18 13:37:00,2011-12-08 13:22:00,0.09908919173044387,39.574108734051485
18172,17467.24,52,7407,2009-12-11 09:58:00,2011-11-25 11:12:00,0.09876610147472713,39.672874835526216
16019,17329.16,27,6959,2009-12-14 14:12:00,2011-10-24 11:51:00,0.09798534714309656,39.77086018266931
17416,17298.45,22,8769,2009-12-14 16:29:00,2011-11-10 12:47:00,0.09781170168014484,39.86867188434945
15523,17259.19,16,15633,2009-12-02 15:16:00,2011-09-16 16:29:00,0.09758971142044165,39.96626159576989
17735,17244.93,26,10901,2010-07-30 13:25:00,2011-12-07 16:47:00,0.0975090802155673,40.06377067598546
13027,17239.2,19,42840,2010-01-20 10:41:00,2011-08-18 09:39:00,0.09747668072020053,40.16124735670566
14277,17197.61,9,89806,2009-12-13 15:43:00,2011-11-24 15:01:00,0.09724151579658731,40.25848887250225
15358,17050.41,42,15378,2009-12-07 12:19:00,2011-12-05 09:04:00,0.09640919368175521,40.354898066184006
13564,17035.02,37,9133,2009-12-02 11:55:00,2011-07-18 14:33:00,0.09632217304760259,40.45122023923161
15125,17024.87,24,8433,2010-03-31 13:29:00,2011-11-14 13:57:00,0.09626478127134207,40.547485020502954
16656,16833.170000000002,30,15433,2009-12-04 12:59:00,2011-11-17 14:43:00,0.0951808400389147,40.64266586054187
12454,16679.78,5,7703,2010-10-14 17:33:00,2011-10-14 17:13:00,0.09431351742210696,40.736979377963976
16553,16584.01,33,16427,2010-02-11 18:46:00,2011-06-29 15:42:00,0.09377199915486871,40.830751377118844
13199,16432.89,67,12019,2009-12-05 10:11:00,2011-12-06 12:30:00,0.09291751194023945,40.92366888905909
14961,16410.15,22,8372,2009-12-04 11:32:00,2011-11-29 09:42:00,0.09278893174396717,41.016457820803055
13225,16260.07,16,7401,2009-12-17 09:09:00,2011-12-06 13:29:00,0.09194032506601879,41.108398145869074
16180,16249.87,13,9813,2010-06-23 13:19:00,2011-08-31 16:28:00,0.09188265057164864,41.20028079644072
12980,16245.78,21,1910,2009-12-02 11:26:00,2011-07-05 09:34:00,0.09185952423027864,41.292140320671
18092,16179.44,18,8830,2009-12-04 12:37:00,2011-12-07 13:14:00,0.09148441384238487,41.38362473451339
14733,16165.17,15,6479,2010-11-02 15:42:00,2011-11-23 15:39:00,0.09140372609388858,41.47502846060728
17107,16052.72,10,7530,2010-01-31 15:47:00,2011-11-06 14:14:00,0.09076789306526854,41.565796353672546
15044,16024.15,35,5241,2009-12-16 15:13:00,2011-11-20 13:20:00,0.09060634793741017,41.656402701609956
12971,15972.79,116,14587,2009-12-15 19:04:00,2011-12-06 12:20:00,0.09031593989516984,41.746718641505126
17716,15956.97,24,8819,2009-12-02 17:18:00,2011-11-17 12:00:00,0.09022648788527415,41.8369451293904
14849,15763.45,43,12026,2010-01-10 11:40:00,2011-11-18 10:58:00,0.08913225571365523,41.92607738510406
16191,15677.82,24,9348,2009-12-11 12:24:00,2011-12-07 11:26:00,0.08864807267905554,42.014725457783115
13488,15587.88,23,7891,2010-01-25 10:13:00,2011-11-22 14:41:00,0.08813951934340336,42.102864977126515
12949,15526.7,22,8233,2009-12-03 15:56:00,2011-11-09 11:25:00,0.08779358546442628,42.19065856259094
14769,15514.11,17,11058,2009-12-16 09:17:00,2011-12-07 10:24:00,0.0877223970444145,42.278380959635356
15768,15308.89,34,4215,2009-12-03 12:10:00,2011-08-16 10:48:00,0.08656200883513566,42.364942968470494
15601,14960.12,30,11061,2009-12-01 14:53:00,2011-11-28 15:15:00,0.08458993693302974,42.44953290540352
18087,14761.519999999999,17,7775,2009-12-01 09:43:00,2011-09-02 15:12:00,0.08346698060146958,42.532999886004994
16126,14644.6,15,6140,2009-12-02 13:34:00,2011-11-10 16:03:00,0.08280587257384617,42.61580575857884
17133,14622.33,12,10107,2010-03-21 12:31:00,2011-11-24 12:27:00,0.08267994992780464,42.698485708506645
16873,14617.39,12,8601,2010-02-09 14:17:00,2011-12-05 12:05:00,0.08265201737857046,42.781137725885216
14543,14587.87,39,2639,2009-12-01 13:47:00,2011-11-11 12:45:00,0.08248510060662861,42.86362282649184
16713,14529.99,32,8671,2009-12-15 12:49:00,2011-11-21 12:36:00,0.08215782612288891,42.94578065261473
17448,14523.67,46,11534,2010-03-04 17:29:00,2010-07-30 14:07:00,0.08212209055382819,43.02790274316856
14299,14499.49,27,8228,2009-12-02 10:58:00,2011-12-01 16:05:00,0.08198536807599775,43.10988811124456
12583,14447.44,27,8984,2009-12-06 11:57:00,2011-12-07 08:07:00,0.08169105852384415,43.1915791697684
15482,14417.36,19,6516,2009-12-02 16:59:00,2011-11-24 10:46:00,0.08152097530907411,43.27310014507748
15093,14326.11,23,11657,2009-12-08 12:46:00,2011-11-21 13:09:00,0.08100501475894892,43.35410515983643
17017,14110.61,29,10591,2009-12-03 13:22:00,2011-12-07 09:32:00,0.07978649970632447,43.43389165954275
13090,14100.14,24,3444,2010-08-02 13:58:00,2011-12-01 12:39:00,0.07972729853416216,43.51361895807691
12714,14093.71,12,8774,2009-12-04 10:00:00,2011-11-30 15:43:00,0.07969094098526018,43.59330989906217
12476,14083.91,23,5631,2010-07-26 09:04:00,2011-11-24 12:40:00,0.07963552823576728,43.67294542729794
13178,14059.19,21,8778,2009-12-16 14:00:00,2011-11-13 16:14:00,0.07949575240235256,43.75244117970029
18223,14000.85,26,6644,2009-12-04 12:20:00,2011-12-05 09:11:00,0.07916587691200402,43.83160705661229
15005,13977.08,56,8784,2009-12-01 14:19:00,2011-11-24 12:25:00,0.07903147272267277,43.91063852933497
15502,13933.27,14,5849,2010-06-03 11:12:00,2011-11-24 12:48:00,0.07878375511499075,43.98942228444996
12435,13925.93,6,4958,2009-12-02 13:58:00,2011-09-21 09:06:00,0.078742252096493,44.06816453654645
15760,13916.34,2,2,2010-03-19 11:35:00,2010-03-19 11:45:00,0.07868802676306066,44.14685256330951
16558,13873.51,38,8088,2009-12-03 18:11:00,2011-12-09 10:20:00,0.07844585043032792,44.225298413739836
15291,13846.56,40,5017,2009-12-03 11:09:00,2011-11-14 11:02:00,0.07829346536922246,44.30359187910906
17589,13837.94,18,8704,2010-03-07 13:48:00,2011-10-10 16:58:00,0.07824472476711748,44.381836603876174
15032,13780.65,8,8259,2009-12-10 15:27:00,2011-03-28 15:03:00,0.07792078635707175,44.45975739023324
15382,13733.550000000001,12,9178,2009-12-04 14:13:00,2011-11-25 10:58:00,0.07765446589777426,44.537411856131015
12567,13709.86,15,6086,2010-02-11 10:30:00,2011-11-17 11:02:00,0.07752051405741847,44.614932370188434
12989,13551.75,33,6935,2009-12-10 13:27:00,2011-12-06 15:28:00,0.07662650285105907,44.69155887303949
13468,13375.51,72,5812,2009-12-03 13:32:00,2011-12-08 10:39:00,0.07562997805813781,44.76718885109763
15738,13372.970000000001,41,9285,2009-12-10 15:52:00,2011-11-21 08:26:00,0.07561561597816721,44.842804467075794
13629,13370.86,19,7722,2010-02-11 17:34:00,2011-11-16 13:21:00,0.07560368527393965,44.918408152349734
13097,13324.1,28,5345,2009-12-01 13:31:00,2011-11-07 10:43:00,0.07533928729778783,44.99374743964752
13969,13291.05,35,6773,2010-03-25 13:15:00,2011-12-02 15:11:00,0.07515241062730411,45.068899850274825
16923,13157.130000000001,32,6190,2010-01-31 11:14:00,2011-11-27 13:00:00,0.07439517844239711,45.14329502871722
18225,13044.8,26,7298,2009-12-04 16:52:00,2011-12-06 13:27:00,0.07376002393724024,45.21705505265446
14049,13023.4,13,8480,2010-04-01 14:52:00,2011-11-23 12:20:00,0.07363902058630677,45.290694073240765
14110,12987.95,33,5825,2009-12-01 09:50:00,2011-12-06 12:26:00,0.0734385734465595,45.364132646687324
13668,12948.48,35,6096,2009-12-11 14:28:00,2011-12-07 12:11:00,0.07321539577079576,45.43734804245812
13316,12940.82,10,19931,2010-03-10 10:01:00,2011-11-02 13:40:00,0.0731720833563962,45.510520125814516
13952,12823.521,14,5947,2009-12-16 09:41:00,2011-05-06 09:00:00,0.07250883232550157,45.58302895814002
16549,12781.8,34,7087,2010-03-28 15:45:00,2011-11-29 15:06:00,0.07227292668044104,45.65530188482046
17858,12754.9,30,5458,2009-12-06 15:41:00,2011-12-04 11:56:00,0.07212082433744522,45.727422709157906
16161,12744.26,43,6343,2010-02-08 11:06:00,2011-12-08 12:10:00,0.07206066192371008,45.799483371081614
12683,12696.78,21,7683,2009-12-13 15:01:00,2011-12-05 16:31:00,0.07179219280677919,45.871275563888396
12437,12683.4,39,8000,2009-12-02 16:24:00,2011-12-08 11:35:00,0.07171653744063479,45.94299210132903
12451,12669.88,8,9359,2010-06-28 12:58:00,2011-11-29 08:40:00,0.07164009046378336,46.01463219179281
15465,12636.15,32,2763,2009-12-10 09:42:00,2011-11-20 10:11:00,0.07144936882700832,46.086081560619824
13013,12625.77,29,6463,2009-12-14 10:34:00,2011-12-08 15:01:00,0.0713906765474434,46.15747223716727
12536,12601.830000000002,3,2803,2011-10-11 14:52:00,2011-10-27 14:20:00,0.07125531111653934,46.22872754828381
14040,12523.81,35,4972,2009-12-01 12:14:00,2011-10-30 12:42:00,0.07081415777822954,46.29954170606204
15194,12427.69,28,9169,2009-12-03 10:37:00,2011-12-06 15:10:00,0.07027066048422369,46.36981236654626
14936,12410.81,12,6274,2010-05-05 12:26:00,2011-11-06 10:30:00,0.07017521485040326,46.439987581396664
16000,12393.7,3,5110,2011-12-07 12:14:00,2011-12-07 12:17:00,0.07007846871327843,46.51006605010994
12474,12372.75,31,7940,2010-02-11 09:41:00,2011-11-22 14:39:00,0.06996000982533186,46.58002605993527
12481,12344.89,15,7243,2010-04-11 13:10:00,2011-11-17 08:29:00,0.06980247929463063,46.6498285392299
13050,12314.53,35,7197,2009-12-15 15:06:00,2011-11-25 09:18:00,0.06963081285844651,46.71945935208835
14739,12287.5,25,10172,2009-12-02 13:23:00,2011-12-05 16:54:00,0.06947797544836559,46.788937327536715
13854,12253.96,39,3710,2010-01-08 11:28:00,2011-12-01 09:06:00,0.06928832814040724,46.858225655677124
14735,12240.16,56,4513,2009-12-04 11:32:00,2011-12-06 12:09:00,0.06921029794214173,46.927435953619266
16814,12198.14,36,4951,2010-04-11 12:45:00,2011-11-25 13:27:00,0.06897270164278545,46.99640865526205
13418,12182.9,31,7588,2009-12-11 12:51:00,2011-11-28 10:23:00,0.0688865291629618,47.06529518442501
15144,12160.31,29,5251,2009-12-13 11:35:00,2011-12-01 15:12:00,0.06875879712101848,47.13405398154603
15555,12062.69,36,9006,2009-12-06 11:58:00,2011-11-27 16:19:00,0.0682068182837229,47.20226079982975
15023,12008.05,20,4984,2010-02-03 15:45:00,2011-12-06 17:23:00,0.06789786393348901,47.27015866376324
14415,11980.09,23,6263,2009-12-16 14:08:00,2011-12-08 14:38:00,0.06773976796656847,47.33789843172981
17364,11972.92,28,7464,2009-12-07 15:28:00,2011-12-09 09:00:00,0.06769922618964357,47.40559765791946
17044,11962.3,12,5722,2009-12-07 12:25:00,2011-11-14 14:28:00,0.06763917686315227,47.47323683478261
13458,11959.27,16,6760,2010-11-16 14:01:00,2011-12-02 15:29:00,0.06762204414570702,47.54085887892832
16258,11942.52,15,7200,2010-03-10 14:19:00,2011-10-25 13:30:00,0.06752733357897173,47.60838621250729
16523,11916.33,28,4979,2010-01-24 13:14:00,2011-12-08 09:06:00,0.06737924583313304,47.67576545834042
17338,11889.33,17,5780,2010-03-10 16:09:00,2011-11-22 14:23:00,0.06722657805391792,47.74299203639434
13687,11880.84,1,87167,2010-09-27 16:30:00,2010-09-27 16:30:00,0.06717857251889806,47.81017060891324
14505,11879.08,19,5325,2009-12-09 14:48:00,2011-11-22 15:45:00,0.0671686208414381,47.877339229754675
18226,11878.88,26,7883,2010-03-05 10:05:00,2011-10-26 13:36:00,0.06716748996899946,47.94450671972368
12705,11762.1,14,7188,2010-06-24 09:51:00,2011-11-24 13:17:00,0.06650717355208308,48.01101389327576
14426,11727.94,17,7023,2010-03-04 14:36:00,2011-11-16 12:25:00,0.06631402053956498,48.077327913815324
13102,11696.92,37,6576,2010-05-06 13:12:00,2011-12-08 12:52:00,0.06613862222433338,48.14346653603966
13004,11650.85,36,8768,2009-12-15 09:44:00,2011-11-28 11:27:00,0.06587812575809483,48.20934466179776
13576,11551.74,28,4614,2009-12-08 15:12:00,2011-11-29 15:34:00,0.06531772192113144,48.27466238371889
15218,11468.83,22,6530,2010-01-26 11:33:00,2011-11-29 11:48:00,0.06484891875169715,48.33951130247059
13680,11419.67,12,5244,2009-12-04 14:14:00,2011-12-08 13:47:00,0.06457095030628175,48.404082252776874
14016,11403.41,11,5722,2010-01-08 14:12:00,2011-07-01 11:29:00,0.06447901037702108,48.468561263153894
12668,11383.03,10,5049,2010-01-31 15:45:00,2011-11-28 10:56:00,0.06436377447552463,48.53292503762942
17809,11337.39,20,3353,2009-12-02 14:52:00,2011-11-23 12:59:00,0.06410570938502913,48.59703074701445
14045,11313.029999999999,16,4587,2010-01-08 10:08:00,2011-08-22 15:27:00,0.06396796912200393,48.660998716136454
15874,11284.76,21,5102,2010-01-07 13:56:00,2011-10-07 12:31:00,0.0638081203028035,48.72480683643926
12539,11214.75,7,4535,2009-12-23 13:00:00,2011-11-17 13:30:00,0.06341225840566088,48.78821909484492
18055,11143.12,14,3828,2010-10-22 13:27:00,2011-12-02 14:25:00,0.06300723644176534,48.85122633128668
12524,11126.11,17,7178,2010-02-08 14:41:00,2011-11-30 15:31:00,0.06291105574085981,48.914137387027544
14134,11123.35,15,5814,2009-12-10 09:25:00,2010-11-22 12:26:00,0.06289544970120671,48.97703283672875
13941,11122.300000000001,15,5426,2009-12-16 16:10:00,2011-11-18 09:43:00,0.06288951262090389,49.03992234934966
12918,10953.5,1,1,2010-03-23 15:22:00,2010-03-23 15:22:00,0.061935056282699685,49.10185740563236
16985,10923.16,23,3103,2009-12-10 13:34:00,2011-11-22 13:33:00,0.061763502933759436,49.163620908566116
18052,10877.18,1,17766,2010-05-24 11:11:00,2010-05-24 11:11:00,0.06150351536011826,49.22512442392623
14796,10840.54,27,7622,2009-12-14 15:06:00,2011-12-08 15:31:00,0.06129633952936116,49.286420763455595
15694,10810.81,24,2658,2009-12-07 15:43:00,2011-12-09 09:44:00,0.061128235341358715,49.34754899879695
18229,10803.710000000001,28,3183,2009-12-03 14:42:00,2011-11-28 09:48:00,0.06108808936978734,49.40863708816674
12431,10790.47,27,4707,2010-01-15 09:04:00,2011-11-04 11:55:00,0.06101322561434997,49.469650313781095
16033,10764.45,27,4252,2010-08-11 16:44:00,2011-12-04 12:44:00,0.06086609911008415,49.53051641289118
16327,10695.24,16,8516,2009-12-14 13:06:00,2011-11-25 13:23:00,0.060474760702696036,49.59099117359388
16168,10636.47,66,5099,2009-12-03 12:38:00,2011-11-29 12:45:00,0.06014245383660444,49.65113362743048
13324,10513.47,18,8448,2010-05-25 10:23:00,2011-11-03 16:28:00,0.05944696728684664,49.71058059471733
15290,10496.28,26,6567,2010-02-24 10:15:00,2011-12-05 11:39:00,0.05934976880074635,49.76993036351807
14028,10396.5,3,7170,2010-06-07 12:02:00,2010-06-07 13:33:00,0.05878557654111356,49.82871594005918
16984,10350.53,9,5127,2010-03-07 15:34:00,2011-09-12 13:43:00,0.05852564551109432,49.88724158557028
15296,10323.03,12,5452,2010-01-21 13:48:00,2011-10-20 11:47:00,0.05837015055078262,49.945611736121066
14422,10271.52,19,6067,2009-12-17 12:12:00,2011-12-09 11:26:00,0.05807889435421332,50.003690630475276
17160,10209.16,17,8390,2009-12-04 10:57:00,2011-11-08 14:05:00,0.057726288327848305,50.061416918803125
15719,10195.97,31,5356,2009-12-01 12:47:00,2011-11-07 12:29:00,0.05765170729052061,50.11906862609364
13599,10163.880000000001,33,6493,2009-12-01 12:30:00,2011-12-08 16:10:00,0.05747025880774234,50.17653888490138
15805,10148.93,30,6205,2009-12-10 12:57:00,2011-11-16 16:32:00,0.057385726092954704,50.233924610994336
12839,10071.73,26,6849,2009-12-07 09:18:00,2011-12-07 12:33:00,0.056949209331643304,50.29087382032598
12766,10068.28,9,5446,2010-10-28 09:29:00,2011-12-06 08:46:00,0.05692970178207694,50.34780352210805
15547,10057.05,26,7278,2009-12-06 13:40:00,2011-12-02 12:52:00,0.05686620329464782,50.4046697254027
14085,10028.72,33,6540,2009-12-08 13:41:00,2011-12-07 13:46:00,0.0567060152137158,50.46137574061641
13985,10020.86,22,4936,2010-02-09 13:56:00,2011-12-05 17:06:00,0.05666157192687763,50.51803731254329
16782,10000.32,38,4112,2009-12-09 11:58:00,2011-11-29 13:20:00,0.056545431327430264,50.57458274387072
16353,9999.460000000001,38,3531,2009-12-07 13:55:00,2011-12-06 12:23:00,0.05654056857594416,50.63112331244667
14755,9972.550000000001,25,4401,2009-12-03 16:51:00,2011-11-30 11:24:00,0.05638840968932641,50.687511722135994
16182,9971.65,9,5887,2010-03-09 09:34:00,2011-09-28 13:23:00,0.05638332076335256,50.74389504289935
14101,9961.93,13,10542,2010-03-28 13:36:00,2011-09-27 12:28:00,0.056328360362835124,50.80022340326218
16131,9957.42,12,4768,2009-12-02 10:09:00,2011-10-19 11:53:00,0.056302859189344,50.856526262451524
18260,9947.26,23,5244,2009-12-15 13:50:00,2011-06-20 12:37:00,0.05624541086946157,50.91277167332098
17049,9942.53,19,4273,2010-03-04 10:23:00,2011-12-07 10:48:00,0.05621866573628796,50.96899033905727
16701,9916.73,26,11046,2009-12-01 19:19:00,2011-12-01 11:10:00,0.05607278319170461,51.02506312224897
12758,9903.24,7,6155,2009-12-01 14:40:00,2011-08-15 10:22:00,0.05599650584571899,51.08105962809469
14329,9887.62,15,5913,2009-12-16 15:31:00,2011-11-22 15:50:00,0.05590818470826194,51.13696781280296
13327,9879.48,20,4479,2009-12-18 15:35:00,2011-11-01 10:21:00,0.05586215820000967,51.192829971002965
12590,9864.26,2,4283,2011-05-12 14:46:00,2011-05-12 14:52:00,0.05577609880742988,51.24860606981039
14828,9839.460000000001,13,9718,2009-12-07 11:19:00,2011-05-27 10:16:00,0.0556358706250397,51.30424194043543
18109,9833.16,38,4877,2010-07-01 12:13:00,2011-12-08 11:36:00,0.05560024814322283,51.359842188578654
12490,9823.64,21,5906,2009-12-01 12:52:00,2011-12-04 16:07:00,0.05554641861514402,51.4153886071938
14944,9784.67,19,4864,2010-02-17 08:47:00,2011-11-10 09:10:00,0.05532606812047686,51.47071467531428
17306,9782.35,21,13747,2010-11-01 11:38:00,2011-11-29 12:14:00,0.05531295000018874,51.52602762531446
13018,9763.16,35,6746,2010-03-01 12:34:00,2011-11-23 13:28:00,0.05520444278970213,51.581232068104164
13735,9762.77,13,4135,2009-12-13 13:31:00,2011-11-15 11:14:00,0.055202237588446806,51.63643430569261
13267,9758.26,36,4104,2009-12-07 16:56:00,2011-12-07 11:12:00,0.055176736414955685,51.69161104210757
12380,9676.300000000001,11,3355,2010-02-15 12:05:00,2011-11-18 11:27:00,0.05471330488960489,51.74632434699717
14135,9643.92,24,9355,2009-12-02 08:58:00,2011-12-08 11:38:00,0.054530216641790585,51.800854563638964
13069,9616.95,38,15354,2010-06-14 14:27:00,2011-12-09 08:39:00,0.05437771849344126,51.855232282132405
17315,9599.58,43,5088,2010-09-27 12:45:00,2011-12-08 12:15:00,0.054279502222146184,51.90951178435455
14091,9530.08,2,3316,2010-01-10 13:41:00,2010-02-23 15:17:00,0.05388652404972207,51.96339830840427
17811,9519.8,47,5278,2010-09-20 11:24:00,2011-12-05 13:46:00,0.05382839720637645,52.017226705610646
14060,9519.08,30,8119,2010-03-11 09:47:00,2011-12-05 12:29:00,0.05382432606559739,52.07105103167624
13999,9502.26,29,5043,2009-12-05 12:42:00,2011-11-29 13:40:00,0.053729219693508565,52.12478025136975
17504,9490.17,18,5420,2010-02-08 09:22:00,2011-05-17 12:59:00,0.05366085845459334,52.17844110982434
15298,9459.37,23,6286,2009-12-08 17:04:00,2011-12-07 17:17:00,0.053486704099044234,52.231927813923384
14146,9450.3,12,5780,2010-01-13 16:04:00,2011-12-01 10:18:00,0.05343541903395233,52.28536323295734
14439,9443.04,5,2244,2010-01-21 14:01:00,2011-01-24 11:39:00,0.05339436836443005,52.33875760132177
13758,9416.98,15,5068,2009-12-01 10:06:00,2011-11-28 11:11:00,0.05324701568567648,52.392004617007444
17230,9388.49,18,3753,2009-12-08 13:41:00,2011-03-20 16:12:00,0.05308592290679356,52.44509053991424
15727,9371.71,15,5908,2010-01-24 12:12:00,2011-11-23 12:36:00,0.05299104270919245,52.498081582623435
16550,9368.24,18,5662,2009-12-02 11:24:00,2011-08-23 11:12:00,0.05297142207238221,52.55105300469582
17757,9366.5,56,5151,2010-01-13 15:56:00,2011-12-08 15:31:00,0.05296158348216612,52.60401458817798
13174,9364.42,12,4468,2009-12-04 15:40:00,2011-11-23 14:35:00,0.052949822408804366,52.65696441058679
15981,9362.77,21,4827,2010-03-29 10:07:00,2011-11-15 08:00:00,0.05294049271118567,52.709904903297975
13162,9275.49,16,5755,2009-12-04 13:59:00,2011-08-09 15:59:00,0.05244697997896728,52.76235188327694
15249,9266.0,18,4980,2010-03-26 14:51:00,2011-11-08 11:45:00,0.05239332008175427,52.8147452033587
12747,9257.039999999999,26,2748,2009-12-07 13:23:00,2011-12-07 14:34:00,0.05234265699650361,52.8670878603552
15570,9254.14,25,4244,2010-03-28 14:04:00,2011-12-02 14:47:00,0.05232625934614347,52.919414119701344
14367,9227.82,16,4426,2011-03-08 14:12:00,2011-12-01 13:19:00,0.05217743653321969,52.971591556234564
14292,9226.25,16,3429,2010-03-19 11:10:00,2011-12-02 11:50:00,0.05216855918457644,53.023760115419144
13448,9189.89,13,4357,2009-12-06 12:14:00,2011-11-23 12:33:00,0.051962966575233395,53.075723081994376
13756,9188.75,23,5426,2009-12-15 15:18:00,2011-12-07 16:44:00,0.05195652060233321,53.12767960259671
15260,9188.23,25,4722,2009-12-06 11:45:00,2011-08-31 13:55:00,0.05195358033399277,53.1796331829307
16700,9167.710000000001,25,6882,2009-12-02 10:51:00,2011-12-01 11:00:00,0.05183755282178928,53.23147073575249
17068,9153.83,47,4431,2010-03-28 14:26:00,2011-11-27 13:14:00,0.051759070274548305,53.28322980602704
15939,9060.39,16,6260,2010-11-30 12:07:00,2011-09-11 11:30:00,0.05123072667122011,53.33446053269826
16709,9056.01,14,3261,2009-12-09 13:16:00,2011-09-16 10:56:00,0.05120596056481409,53.385666493263074
15867,9034.95,31,5113,2009-12-14 15:16:00,2011-12-04 13:32:00,0.051086879697026306,53.4367533729601
12755,9030.66,11,3781,2010-01-15 11:57:00,2011-03-04 12:42:00,0.051062622483217676,53.48781599544331
16186,9026.11,26,6825,2009-12-09 15:36:00,2011-11-17 12:43:00,0.05103689513523883,53.53885289057855
16722,8989.08,22,8580,2009-12-03 19:23:00,2011-11-22 13:28:00,0.050827514103226376,53.58968040468178
15150,8977.94,13,6167,2010-06-14 12:01:00,2011-11-22 12:52:00,0.05076452450839466,53.640444929190174
15903,8939.84,12,3926,2010-01-14 10:57:00,2011-11-30 08:08:00,0.05054909330883553,53.69099402249901
13555,8891.84,13,4762,2010-01-19 13:20:00,2011-09-27 12:36:00,0.050277683923564194,53.74127170642257
13269,8888.75,28,6563,2009-12-02 11:47:00,2011-12-08 14:53:00,0.05026021194438735,53.791531918366964
14709,8886.33,25,4141,2009-12-05 15:26:00,2011-11-24 15:41:00,0.05024652838787993,53.841778446754844
12359,8873.39,10,2739,2009-12-05 13:32:00,2011-10-13 12:47:00,0.050173360941100524,53.891951807695946
17576,8831.6,41,4640,2009-12-03 16:54:00,2011-12-01 17:56:00,0.04993706514504867,53.941888872841
17396,8807.1,14,2419,2010-09-24 13:04:00,2011-10-31 14:12:00,0.04979853327131643,53.99168740611231
13047,8795.16,24,3429,2009-12-16 11:43:00,2011-11-08 12:06:00,0.04973102018673018,54.041418426299046
16532,8756.64,5,2544,2010-03-29 10:26:00,2011-11-22 11:08:00,0.04951321415504993,54.090931640454095
12957,8706.97,13,4686,2009-12-11 12:01:00,2011-11-30 09:53:00,0.04923236198491603,54.14016400243901
13263,8676.2,39,5372,2010-10-22 17:07:00,2011-12-08 13:59:00,0.049058377260232724,54.18922237969924
15955,8658.36,22,4213,2010-02-23 16:36:00,2011-11-15 14:15:00,0.048957503438706876,54.238179883137946
15497,8657.39,9,2937,2009-12-18 15:08:00,2011-11-22 11:51:00,0.0489520187073795,54.28713190184533
18041,8633.66,38,7784,2010-01-14 10:04:00,2011-11-28 11:39:00,0.048817840692535995,54.33594974253786
16945,8548.16,33,5889,2009-12-09 11:33:00,2011-11-18 11:39:00,0.04833439272502142,54.38428413526289
15281,8543.57,16,5233,2010-10-08 12:14:00,2011-10-12 09:10:00,0.04830843920255485,54.432592574465446
15270,8524.86,21,4010,2009-12-17 15:02:00,2011-11-24 09:24:00,0.04820264608592097,54.480795220551364
15984,8515.72,30,5786,2009-12-01 13:38:00,2011-12-07 12:16:00,0.048150965215475544,54.52894618576684
12798,8510.93,4,8455,2010-10-14 12:27:00,2011-11-29 15:52:00,0.04812388082057035,54.57707006658741
13209,8509.51,13,5781,2010-01-24 14:30:00,2011-11-09 13:54:00,0.04811585162625607,54.62518591821367
15786,8501.62,5,5957,2010-06-21 10:13:00,2011-10-24 14:13:00,0.048071238708552094,54.67325715692222
13148,8497.82,26,4487,2009-12-07 15:26:00,2011-11-10 15:23:00,0.04804975213221811,54.721306909054434
14286,8479.76,7,8795,2009-12-04 08:40:00,2011-11-16 10:34:00,0.04794763435100977,54.769254543405445
18139,8438.34,6,5557,2011-11-21 14:06:00,2011-11-22 10:44:00,0.04771343066896938,54.816967974074416
13715,8425.69,17,4907,2010-03-11 15:33:00,2011-03-03 19:21:00,0.047641902987226,54.86460987706164
14160,8421.47,7,4661,2010-01-10 12:06:00,2010-04-08 14:30:00,0.047618041578770885,54.91222791864041
14676,8356.79,12,8792,2010-03-10 09:30:00,2011-11-08 13:29:00,0.04725231743211777,54.95948023607253
14057,8346.66,22,6438,2009-12-03 13:17:00,2011-11-16 10:32:00,0.047195038743101124,55.00667527481563
17611,8337.53,28,5341,2009-12-01 13:29:00,2011-12-02 13:29:00,0.047143414416277646,55.0538186892319
13206,8308.19,13,7086,2009-12-07 13:48:00,2010-11-04 16:50:00,0.04697751542953054,55.100796204661435
12643,8304.82,12,4665,2010-04-07 14:16:00,2011-08-03 12:56:00,0.04695846022893961,55.14775466489038
17686,8296.81,9,3583,2010-06-24 09:49:00,2011-12-02 15:39:00,0.046913168787772457,55.19466783367815
12637,8283.81,12,4257,2010-06-14 13:36:00,2011-10-03 13:46:00,0.04683966207926147,55.24150749575742
15998,8274.14,16,5350,2009-12-01 11:45:00,2011-11-03 12:45:00,0.046784984396853684,55.28829248015427
12720,8260.67,30,6317,2010-07-21 09:46:00,2011-12-07 08:03:00,0.046708820138111916,55.33500130029238
15034,8231.2,14,4748,2010-05-11 13:30:00,2011-11-24 12:11:00,0.04654218608427971,55.381543486376664
13381,8224.37,12,5125,2009-12-01 15:19:00,2011-11-08 11:58:00,0.046503566790500474,55.42804705316716
13139,8202.98,8,4614,2010-09-28 09:12:00,2011-11-23 13:54:00,0.046382619983188926,55.474429673150354
14030,8198.3,20,4312,2009-12-10 17:27:00,2011-11-21 16:48:00,0.046356157568124966,55.52078583071848
17365,8184.49,15,8015,2010-02-01 11:56:00,2011-11-27 12:13:00,0.04627807082623753,55.56706390154472
13426,8167.38,22,4868,2009-12-09 15:16:00,2011-12-09 08:59:00,0.046181324689112686,55.613245226233836
15544,8162.43,20,7019,2010-01-28 14:39:00,2011-11-30 16:43:00,0.04615333559625658,55.659398561830095
14056,8152.71,23,4252,2011-02-28 15:19:00,2011-12-08 13:36:00,0.04609837519573914,55.705496937025835
16672,8134.9400000000005,20,2832,2011-03-18 10:15:00,2011-12-07 16:29:00,0.045997897179566816,55.7514948342054
14395,8110.610000000001,20,4046,2010-04-18 13:12:00,2011-12-07 14:34:00,0.045860326547407404,55.79735516075281
17593,8092.32,11,5595,2009-12-04 14:35:00,2011-12-06 10:30:00,0.045756908262894636,55.8431120690157
17426,8077.77,13,5187,2010-02-17 13:39:00,2011-12-01 18:07:00,0.04567463729298426,55.888786706308686
16767,8056.76,15,7102,2010-04-28 16:49:00,2011-11-09 09:42:00,0.04555583914330612,55.93434254545199
16670,8030.150000000001,20,4534,2009-12-10 15:28:00,2011-11-23 09:34:00,0.04540537656534633,55.97974792201734
14525,8026.54,17,5106,2009-12-13 14:01:00,2011-11-20 11:37:00,0.04538496431782904,56.025132886335165
16556,8012.58,17,4353,2009-12-07 10:51:00,2011-10-04 11:36:00,0.045306029421612624,56.070438915756775
13869,7996.87,10,4302,2010-01-17 14:53:00,2011-08-08 13:53:00,0.04521719939155819,56.11565611514833
15299,7991.54,10,5453,2010-01-12 11:34:00,2011-10-03 14:19:00,0.045187061641068685,56.1608431767894
12428,7956.46,9,3536,2011-03-01 09:33:00,2011-11-14 08:22:00,0.044988706615332885,56.205831883404734
16303,7928.27,7,3859,2010-03-18 14:12:00,2011-11-14 10:49:00,0.04482931014510791,56.250661193549846
14291,7904.1,23,6146,2009-12-09 10:46:00,2011-12-08 10:26:00,0.044692644210899406,56.29535383776074
13871,7885.85,17,3502,2009-12-20 13:09:00,2011-11-17 10:49:00,0.044589452100874366,56.339943289861615
14159,7860.8,20,6520,2009-12-03 12:31:00,2011-11-20 12:36:00,0.044447810327935884,56.38439110018955
15622,7852.61,17,4091,2010-03-04 10:29:00,2011-10-27 16:44:00,0.04440150110157396,56.42879260129113
17085,7847.67,28,3583,2009-12-06 12:16:00,2011-08-08 14:15:00,0.04437356855233979,56.473166169843466
12757,7834.650000000001,13,2395,2011-05-12 19:01:00,2011-11-24 12:30:00,0.04429994875658494,56.517466118600055
12867,7829.26,13,7876,2009-12-16 16:25:00,2011-11-13 15:30:00,0.044269471744363846,56.56173559034442
14282,7821.76,25,5466,2010-02-15 11:22:00,2011-12-06 17:04:00,0.0442270640279152,56.605962654372334
16592,7807.91,28,5504,2009-12-18 15:57:00,2011-12-05 13:49:00,0.044148751111540034,56.65011140548388
17409,7793.51,10,4089,2009-12-11 12:17:00,2011-06-08 10:36:00,0.04406732829595863,56.694178733779836
17091,7789.2,19,3833,2009-12-16 15:45:00,2011-12-07 10:43:00,0.044042957994906144,56.73822169177474
17730,7773.8,20,5300,2010-04-29 11:48:00,2011-12-06 15:43:00,0.04395588081713159,56.78217757259187
15581,7752.74,38,3132,2009-12-02 12:19:00,2011-08-11 09:38:00,0.04383679994934379,56.826014372541216
14800,7747.17,17,6938,2010-09-30 14:38:00,2011-10-23 12:46:00,0.04380530515192793,56.869819677693144
17739,7730.59,18,2335,2009-12-07 10:48:00,2011-11-28 09:12:00,0.043711555826765454,56.91353123351991
13534,7720.9,35,3869,2010-07-07 15:00:00,2011-12-07 14:52:00,0.0436567650571138,56.95718799857703
17238,7701.76,32,3681,2009-12-01 10:59:00,2011-12-07 11:35:00,0.04354854056473686,57.00073653914176
17696,7679.59,27,5891,2009-12-10 17:09:00,2011-11-01 13:43:00,0.04342318335491466,57.04415972249668
14175,7678.88,8,3009,2010-03-22 10:43:00,2011-10-11 11:55:00,0.043419168757757524,57.08757889125444
13141,7656.08,17,5159,2009-12-09 13:34:00,2011-09-16 09:54:00,0.043290249299753635,57.13086914055419
14688,7635.4,28,5495,2010-09-09 12:35:00,2011-12-02 12:26:00,0.043173317089599234,57.174042457643786
15046,7623.79,25,4585,2010-01-14 14:29:00,2011-11-30 15:50:00,0.04310766994453673,57.217150127588326
14145,7600.05,7,1655,2010-04-08 09:47:00,2011-10-24 12:10:00,0.04297343538607128,57.2601235629744
13373,7587.1900000000005,6,4263,2009-12-06 12:34:00,2011-10-10 10:51:00,0.042900720288267344,57.303024283262666
13137,7586.94,16,4238,2010-07-25 15:40:00,2011-11-29 12:09:00,0.04289930669771905,57.345923589960385
15301,7583.04,17,4266,2010-09-15 15:41:00,2011-10-20 09:57:00,0.04287725468516575,57.38880084464555
13709,7571.35,18,4122,2010-01-11 10:40:00,2011-12-06 10:28:00,0.0428111551911278,57.431611999836676
15179,7491.92,13,5416,2009-12-03 12:27:00,2011-11-21 12:53:00,0.042362029202125666,57.4739740290388
12429,7485.91,8,3344,2010-06-11 13:28:00,2011-11-30 17:22:00,0.042328046485344814,57.516302075524145
13815,7475.74,8,5381,2010-02-12 10:26:00,2011-11-17 14:19:00,0.04227054162184045,57.558572617145984
12841,7464.19,40,5329,2010-07-08 15:38:00,2011-12-05 11:13:00,0.04220523373850953,57.60077785088449
16570,7434.31,20,4292,2010-03-30 09:32:00,2011-11-24 17:02:00,0.04203628139617813,57.64281413228067
14243,7431.05,17,3687,2010-08-20 13:41:00,2011-12-01 11:12:00,0.04201784817542845,57.684831980456096
17690,7412.0,20,3121,2010-02-03 14:26:00,2011-11-09 15:17:00,0.04191013257564889,57.72674211303175
16242,7404.65,14,3921,2010-03-15 16:02:00,2011-12-01 15:12:00,0.04186857301352921,57.76861068604528
17602,7354.43,14,5880,2010-03-30 17:25:00,2011-12-07 13:53:00,0.04158461094418908,57.81019529698947
13082,7335.75,21,8466,2009-12-22 15:37:00,2011-08-05 16:16:00,0.041478987458420984,57.85167428444789
16253,7272.2,7,6030,2009-12-08 17:24:00,2011-10-04 09:09:00,0.04111965274104612,57.892793937188934
14092,7229.45,24,3606,2009-12-16 16:24:00,2011-12-02 12:13:00,0.04087792875728884,57.93367186594622
16729,7205.33,21,5722,2011-04-12 14:22:00,2011-11-01 14:29:00,0.04074154554118999,57.97441341148741
12712,7193.66,21,2349,2009-12-09 10:46:00,2011-11-11 08:19:00,0.0406755591343959,58.015088970621804
16745,7180.7,17,6719,2011-02-01 11:31:00,2011-09-14 11:58:00,0.04060227860037264,58.05569124922218
14841,7163.0,14,4164,2009-12-02 16:49:00,2011-10-17 15:03:00,0.04050219638955383,58.09619344561173
17965,7157.2,29,4440,2009-12-14 13:19:00,2011-11-02 09:31:00,0.04046940108883354,58.13666284670057
15950,7120.91,10,3354,2010-01-26 11:39:00,2011-11-08 11:09:00,0.04026420428484403,58.17692705098541
15521,7098.24,16,4507,2010-01-05 10:19:00,2011-10-30 13:42:00,0.04013601989392525,58.21706307087934
14113,7092.610000000001,16,3439,2009-12-08 07:42:00,2011-12-06 12:18:00,0.0401041858347778,58.25716725671412
13451,7090.06,11,5229,2010-03-21 16:13:00,2011-11-13 15:58:00,0.04008976721118527,58.297257023925305
13983,7083.25,21,4145,2009-12-09 13:53:00,2011-11-10 11:06:00,0.04005126100464989,58.337308284929954
17231,7064.8,25,3681,2009-12-07 16:38:00,2011-11-27 15:18:00,0.039946938022186226,58.37725522295214
17769,7053.38,17,3157,2010-01-19 11:33:00,2011-11-27 11:18:00,0.039882365205940414,58.41713758815808
13183,7036.18,15,4027,2010-03-14 12:32:00,2011-12-02 10:30:00,0.039785110176218184,58.456922698334296
17975,7010.43,24,2265,2010-08-06 11:24:00,2011-11-24 13:27:00,0.0396395103497445,58.49656220868404
16938,6995.360000000001,9,5041,2010-02-17 14:47:00,2011-12-01 10:20:00,0.03955429911149369,58.53611650779553
13831,6993.54,18,2553,2009-12-10 14:50:00,2011-11-23 15:41:00,0.03954400817230215,58.57566051596783
12662,6988.02,20,3581,2010-04-01 09:50:00,2011-12-09 11:59:00,0.03951279609299595,58.615173312060826
16717,6970.93,14,3220,2009-12-07 15:55:00,2011-11-16 12:16:00,0.03941616304311496,58.65458947510394
13552,6948.92,22,2630,2010-02-19 13:28:00,2011-10-04 15:19:00,0.03929171053124367,58.693881185635185
15674,6948.2300000000005,13,3648,2009-12-08 17:08:00,2011-09-27 15:17:00,0.0392878090213304,58.733168994656516
16265,6935.17,12,3214,2010-10-28 15:18:00,2011-11-30 16:41:00,0.03921396305108782,58.772382957707606
16187,6911.4400000000005,15,5048,2011-02-28 13:34:00,2011-11-08 09:50:00,0.039079785036244305,58.81146274274385
13520,6909.4,11,3289,2009-12-17 11:11:00,2011-10-12 10:20:00,0.03906825013737027,58.85053099288122
12749,6897.36,9,2360,2010-07-06 15:05:00,2011-12-06 09:56:00,0.03900017161656471,58.88953116449778
16170,6869.0,20,6056,2010-02-18 13:50:00,2011-10-20 08:21:00,0.038839813904766894,58.92837097840255
15129,6860.18,23,4002,2010-04-08 17:15:00,2011-10-20 14:40:00,0.03878994243022329,58.96716092083277
18231,6854.17,28,2915,2010-01-10 12:13:00,2011-05-31 14:18:00,0.03875595971344244,59.00591688054621
16401,6849.15,23,6035,2010-06-02 13:13:00,2011-12-08 18:15:00,0.038727574815232806,59.04464445536144
12613,6817.37,10,4157,2009-12-14 13:10:00,2011-10-13 14:59:00,0.038547879184734415,59.083192334546176
12830,6814.64,6,9848,2011-06-21 10:53:00,2011-11-02 11:54:00,0.038532442775947105,59.12172477732212
16145,6805.4400000000005,19,5270,2010-05-04 13:31:00,2011-12-01 10:33:00,0.03848042264377011,59.160205199965894
15413,6798.72,5,2694,2009-12-01 10:18:00,2010-01-17 11:33:00,0.038442425329832115,59.19864762529573
12417,6797.41,20,2884,2009-12-06 10:30:00,2011-12-06 14:52:00,0.038435018115359085,59.237082643411085
14401,6795.9,22,6401,2009-12-14 13:22:00,2011-12-05 13:30:00,0.038426480028447424,59.275509123439534
15750,6793.511,18,4589,2009-12-01 17:19:00,2011-12-07 12:34:00,0.03841297175716798,59.3139220951967
16456,6788.34,13,3688,2010-03-29 11:16:00,2011-09-01 13:50:00,0.03838373305026719,59.35230582824697
13993,6775.71,19,2135,2009-12-03 11:57:00,2011-10-28 09:06:00,0.038312318455767665,59.390618146702735
12779,6722.2699999999995,14,3641,2009-12-03 07:25:00,2011-11-02 11:43:00,0.03801014934016557,59.4286282960429
15321,6709.7300000000005,12,3653,2010-02-03 09:47:00,2011-09-30 09:40:00,0.03793924363826345,59.466567539681165
14844,6702.43,10,4369,2010-04-12 12:50:00,2011-10-07 10:41:00,0.037897966794253425,59.50446550647542
14388,6701.0,16,4360,2010-01-20 11:54:00,2011-11-29 13:32:00,0.037889881056317215,59.542355387531735
12913,6700.860000000001,13,3232,2009-12-01 12:18:00,2011-12-05 12:11:00,0.03788908944561018,59.58024447697735
13734,6695.6900000000005,4,302,2010-04-16 08:42:00,2010-07-19 12:04:00,0.03785985639307158,59.61810433337042
16497,6695.28,23,3050,2009-12-03 14:11:00,2011-10-21 10:55:00,0.03785753810457238,59.65596187147499
18118,6693.13,29,3395,2010-11-23 13:36:00,2011-11-29 11:32:00,0.03784538122585711,59.69380725270085
13384,6680.83,11,4142,2010-07-27 12:22:00,2011-11-09 11:04:00,0.037775832570881324,59.73158308527173
17700,6679.97,14,3469,2009-12-01 11:37:00,2011-11-23 11:51:00,0.03777096981939521,59.76935405509113
14702,6679.2300000000005,29,3040,2009-12-10 20:22:00,2011-12-08 19:29:00,0.03776678559137228,59.8071208406825
14461,6676.91,13,3005,2010-01-18 12:48:00,2011-07-14 17:11:00,0.03775366747108416,59.84487450815359
17001,6640.8,19,3782,2010-03-25 12:41:00,2011-12-09 09:38:00,0.03754948845228941,59.88242399660588
13953,6640.68,12,5224,2009-12-11 12:58:00,2011-12-02 16:04:00,0.03754880992882624,59.91997280653471
14440,6638.7300000000005,13,1755,2009-12-02 12:13:00,2011-12-01 15:42:00,0.03753778392254959,59.95751059045726
14562,6638.150000000001,26,2574,2010-02-07 14:10:00,2011-12-06 11:05:00,0.03753450439247756,59.995045094849736
13394,6621.7,19,5354,2009-12-01 11:58:00,2011-12-08 11:36:00,0.03744149013440019,60.032486584984134
12626,6620.48,9,3453,2011-01-17 11:01:00,2011-11-16 16:06:00,0.03743459181252455,60.06992117679666
17819,6612.5199999999995,12,1849,2009-12-13 15:24:00,2011-09-29 10:52:00,0.03738958308946705,60.107310759886126
12843,6583.36,30,3028,2009-12-13 11:41:00,2011-10-05 12:09:00,0.03722470188791471,60.14453546177404
13015,6579.78,11,3527,2010-04-15 16:35:00,2011-10-17 13:19:00,0.03720445927126323,60.181739921045306
13883,6560.02,15,3584,2009-12-08 17:26:00,2011-11-29 10:45:00,0.03709272907432653,60.21883265011963
12836,6559.7300000000005,15,2231,2009-12-01 14:19:00,2011-10-11 15:10:00,0.03709108930929052,60.25592373942892
14766,6556.13,11,4063,2010-06-06 11:11:00,2011-12-01 16:05:00,0.037070733605395166,60.29299447303432
15332,6553.74,6,2958,2010-07-14 13:01:00,2010-12-08 14:43:00,0.03705721967975353,60.33005169271407
15980,6543.68,7,4822,2010-06-01 14:40:00,2011-09-12 09:41:00,0.03700033679609041,60.36705202951016
14855,6520.3,7,3510,2010-04-08 10:30:00,2011-08-12 14:02:00,0.0368681378080145,60.40392016731818
14221,6517.49,17,3808,2010-04-06 14:10:00,2011-10-28 13:42:00,0.03685224905025174,60.440772416368425
17838,6507.5,13,4023,2010-03-19 09:53:00,2011-11-13 11:20:00,0.03679576197194214,60.47756817834037
12823,6501.5,18,930,2010-01-29 12:52:00,2011-09-26 07:35:00,0.03676183579878323,60.514330014139155
17419,6500.52,18,3087,2010-01-25 13:19:00,2011-11-28 13:47:00,0.036756294523833936,60.55108630866299
18061,6488.97,28,3607,2009-12-04 11:36:00,2011-11-18 11:20:00,0.03669098664050302,60.58777729530349
13317,6486.091,19,3149,2009-12-13 11:11:00,2011-10-04 13:35:00,0.03667470773174893,60.62445200303524
17873,6470.280000000001,18,4276,2009-12-16 15:11:00,2011-09-20 16:41:00,0.03658530661111299,60.66103730964635
14154,6460.7,8,3222,2010-01-13 12:47:00,2011-04-14 16:26:00,0.03653113782130259,60.69756844746765
16940,6427.66,8,4503,2009-12-08 13:08:00,2011-10-18 13:15:00,0.03634431769444082,60.733912765162096
16655,6423.26,13,3938,2010-01-31 15:40:00,2011-11-22 11:25:00,0.036319438500790946,60.770232203662886
12656,6407.83,8,2860,2010-05-26 09:00:00,2011-11-22 13:42:00,0.0362321916921506,60.806464395355036
15514,6392.06,18,4087,2009-12-04 16:37:00,2011-11-27 14:40:00,0.03614302240036458,60.8426074177554
18094,6391.52,13,4164,2010-01-07 11:16:00,2011-09-19 09:28:00,0.03613996904478028,60.878747386800185
12406,6390.36,5,3416,2010-01-11 14:04:00,2011-11-17 19:22:00,0.03613340998463621,60.91488079678482
14390,6373.7300000000005,13,2904,2010-10-10 14:30:00,2011-11-29 13:49:00,0.03603937794136409,60.950920174726186
12356,6371.73,6,3416,2010-10-11 09:42:00,2011-11-17 08:40:00,0.03602806921697777,60.98694824394316
14227,6368.71,15,4048,2010-02-08 09:38:00,2011-11-13 15:48:00,0.03601099304315446,61.02295923698632
12484,6354.1,12,3266,2010-01-27 16:41:00,2011-11-07 11:37:00,0.0359283828115125,61.05888761979783
13590,6336.04,18,5271,2009-12-01 13:37:00,2011-11-28 12:54:00,0.03582626503030415,61.09471388482813
18245,6324.9800000000005,20,5098,2010-03-08 15:26:00,2011-12-02 14:48:00,0.03576372778444789,61.13047761261258
14180,6319.25,33,878,2010-06-09 14:56:00,2011-11-29 10:56:00,0.03573132828908112,61.16620894090166
13654,6308.0,11,4762,2009-12-02 11:43:00,2011-10-27 16:24:00,0.035667716714408146,61.20187665761607
16710,6291.77,22,4366,2009-12-04 13:41:00,2011-11-20 14:50:00,0.03557594641601328,61.23745260403208
15480,6279.0,5,1852,2010-02-01 14:52:00,2011-08-15 14:32:00,0.03550374021080672,61.272956344242886
13136,6274.56,13,3109,2009-12-08 18:30:00,2011-10-14 13:41:00,0.03547863484266912,61.308434979085554
13615,6272.53,8,2910,2010-01-28 15:43:00,2011-01-25 08:21:00,0.035467156487417016,61.34390213557297
14004,6258.45,11,3425,2010-09-30 09:39:00,2011-10-27 14:40:00,0.03538754306773742,61.3792896786407
15369,6251.26,11,3288,2009-12-08 07:43:00,2010-08-04 13:54:00,0.035346888203568655,61.41463656684427
12497,6248.5,3,5685,2010-03-05 09:39:00,2011-09-19 12:29:00,0.03533128216391555,61.44996784900819
17799,6246.93,20,3674,2009-12-13 16:03:00,2011-11-17 15:16:00,0.0353224048152723,61.485290253823464
16735,6217.41,14,4240,2009-12-08 09:24:00,2011-09-22 11:49:00,0.03515548804333043,61.520445741866794
13230,6213.46,30,3553,2010-03-18 20:02:00,2011-12-05 16:03:00,0.035133153312667476,61.55557889517946
15673,6204.32,9,3274,2010-02-22 14:28:00,2011-09-12 16:12:00,0.03508147244222206,61.59066036762168
13334,6201.8,5,3198,2010-02-25 12:21:00,2011-09-18 15:21:00,0.03506722344949532,61.625727591071175
16103,6191.71,22,2639,2010-01-08 12:08:00,2011-12-02 14:16:00,0.0350101709349664,61.66073776200614
16156,6188.18,20,3205,2009-12-02 17:06:00,2011-12-01 12:42:00,0.03499021103642458,61.695727973042565
14534,6187.66,26,2822,2010-03-15 14:16:00,2011-12-07 12:19:00,0.03498727076808413,61.73071524381065
14907,6165.79,16,2817,2010-04-16 13:40:00,2011-12-06 14:14:00,0.03486360986691988,61.76557885367757
17669,6142.35,10,3505,2010-04-01 18:48:00,2011-10-28 08:53:00,0.03473107161711238,61.80030992529468
13266,6135.04,19,6837,2009-12-17 10:52:00,2011-11-28 14:39:00,0.03468973822948043,61.83499966352416
14852,6132.43,18,4366,2010-03-05 14:51:00,2011-10-12 13:20:00,0.0346749803441563,61.869674643868315
13935,6116.92,3,2252,2010-02-25 16:01:00,2010-04-22 11:21:00,0.0345872811865405,61.904261925054854
14560,6114.03,44,4580,2009-12-02 10:15:00,2011-12-02 15:22:00,0.03457094007980229,61.93883286513466
18178,6103.74,11,3850,2010-02-18 14:25:00,2011-08-03 09:30:00,0.034512756692834747,61.97334562182749
14530,6088.87,16,2989,2010-01-21 11:25:00,2011-11-14 10:38:00,0.03442867632702256,62.007774298154516
17509,6083.64,8,3512,2011-10-07 13:14:00,2011-10-13 10:26:00,0.03439910401275238,62.042173402167265
16954,6081.88,20,4086,2010-01-18 14:49:00,2011-12-09 09:46:00,0.03438915233529243,62.07656255450256
12664,6070.04,11,1495,2009-12-13 10:28:00,2011-12-01 17:07:00,0.0343222046869255,62.11088475918948
17644,6028.6,20,3469,2010-02-16 08:44:00,2011-12-08 13:43:00,0.034087887917641245,62.144972647107124
13658,6025.5,9,2171,2010-02-05 13:17:00,2011-11-30 10:13:00,0.03407035939484247,62.17904300650196
15372,6017.06,8,6410,2010-02-14 11:24:00,2011-07-25 16:39:00,0.034022636577932266,62.213065643079894
15202,6001.49,3,3,2010-10-15 12:39:00,2010-10-15 13:05:00,0.03393459815858487,62.24700024123848
12835,5996.83,41,2349,2009-12-03 12:13:00,2010-10-08 10:59:00,0.03390824883076478,62.280908490069244
15755,5993.12,17,4034,2009-12-04 08:24:00,2011-11-29 14:57:00,0.033887271147028185,62.314795761216274
14105,5988.83,5,3534,2009-12-18 16:57:00,2011-04-14 17:58:00,0.033863013933219555,62.348658775149495
17457,5984.8099999999995,14,2695,2009-12-07 14:52:00,2011-08-05 12:48:00,0.033840283397203075,62.3824990585467
17491,5981.07,17,3630,2010-04-28 11:57:00,2011-12-08 16:18:00,0.03381913608260069,62.4163181946293
17625,5978.9,8,3505,2009-12-15 11:49:00,2011-11-21 13:36:00,0.03380686611664155,62.45012506074594
14535,5973.2300000000005,9,3214,2010-02-24 15:03:00,2011-10-10 15:39:00,0.033774805883006374,62.483899866628946
15785,5969.93,16,4479,2009-12-15 16:28:00,2011-11-07 11:33:00,0.033756146487768965,62.517656013116714
14918,5955.81,9,2551,2010-04-08 11:18:00,2011-08-16 11:50:00,0.033676306893601654,62.55133232001032
12500,5955.21,19,3377,2010-02-04 15:05:00,2011-11-16 16:20:00,0.033672914276285756,62.585005234286605
14257,5954.45,9,3332,2010-03-01 15:36:00,2011-10-06 16:54:00,0.03366861696101896,62.61867385124762
17685,5907.47,12,3805,2010-02-11 13:44:00,2011-11-23 11:36:00,0.03340297502518464,62.652076826272804
15971,5902.83,18,2251,2009-12-08 09:46:00,2011-11-22 12:50:00,0.03337673878460841,62.685453565057415
12455,5879.95,10,3302,2009-12-18 12:33:00,2011-09-27 15:31:00,0.03324736697762907,62.71870093203504
18065,5866.63,29,2265,2009-12-09 16:00:00,2011-12-04 10:30:00,0.03317205087321628,62.75187298290826
14210,5861.52,16,2604,2010-01-06 10:17:00,2011-08-26 12:36:00,0.033143157082409266,62.78501613999067
17146,5852.64,13,2188,2010-02-02 09:39:00,2011-08-26 12:44:00,0.03309294634613407,62.818109086336804
16011,5838.96,29,3448,2009-12-01 12:02:00,2011-12-01 16:31:00,0.033015594671331736,62.85112468100814
14112,5834.59,13,3539,2010-02-23 14:16:00,2011-11-17 12:30:00,0.03299088510854766,62.884115566116684
14189,5814.39,16,4646,2010-11-16 09:28:00,2011-12-07 15:55:00,0.03287666699224597,62.91699223310893
13769,5800.42,20,2574,2009-12-16 11:59:00,2011-12-07 15:08:00,0.032797675552407625,62.94978990866134
12910,5796.52,13,3632,2010-03-28 13:10:00,2011-11-16 14:28:00,0.03277562353985433,62.98256553220119
17069,5794.28,14,3333,2009-12-03 12:27:00,2011-11-11 17:13:00,0.03276295776854166,63.01532848996973
18075,5783.29,20,3281,2010-07-29 11:47:00,2011-11-16 15:21:00,0.03270081632803892,63.04802930629777
17672,5778.63,7,2758,2010-01-26 17:20:00,2011-10-20 14:18:00,0.03267446700021883,63.08070377329799
14099,5750.91,20,3666,2009-12-10 11:55:00,2011-11-23 13:53:00,0.03251772808022463,63.11322150137821
15485,5750.51,7,2544,2009-12-01 17:31:00,2011-11-09 14:31:00,0.03251546633534737,63.14573696771356
17863,5745.2,12,4952,2010-02-25 12:01:00,2011-10-11 13:45:00,0.032485441672101725,63.17822240938566
16316,5744.91,13,3057,2010-08-03 14:38:00,2011-10-06 13:48:00,0.03248380190706571,63.210706211292724
12615,5740.98,8,3317,2010-03-18 14:09:00,2011-12-07 15:02:00,0.032461580263646615,63.243167791556374
13771,5728.82,9,3140,2010-02-25 12:37:00,2011-10-06 14:18:00,0.032392823219377885,63.27556061477575
13870,5712.08,15,3449,2010-02-08 12:08:00,2011-12-07 13:23:00,0.0322981691962645,63.307858783972016
16607,5706.87,25,4436,2010-04-29 14:01:00,2011-11-22 10:24:00,0.032268709969238175,63.34012749394125
17651,5703.52,16,4086,2010-07-01 12:17:00,2011-11-28 10:29:00,0.03224976785589112,63.37237726179715
16279,5698.28,9,3683,2010-04-22 14:09:00,2011-11-18 15:00:00,0.03222013899799899,63.40459740079515
16458,5690.89,30,3395,2010-05-26 14:38:00,2011-12-07 09:34:00,0.032178353261391596,63.43677575405654
13157,5687.36,9,4762,2010-03-08 11:59:00,2011-10-21 13:50:00,0.032158393362849765,63.46893414741939
12727,5679.53,10,2832,2010-02-23 09:54:00,2011-11-29 11:46:00,0.03211411970687738,63.501048267126265
12633,5678.16,7,3238,2010-07-02 11:44:00,2011-10-12 11:40:00,0.03210637323067276,63.53315464035694
13901,5676.34,15,3344,2010-01-05 09:29:00,2011-09-28 14:48:00,0.03209608229148122,63.56525072264842
16409,5652.74,12,3664,2009-12-13 15:38:00,2011-11-03 16:45:00,0.031962639343722815,63.59721336199215
15628,5652.26,17,3819,2009-12-13 13:39:00,2011-12-05 10:24:00,0.031959925249870104,63.62917328724202
13722,5635.41,10,3059,2010-03-03 14:13:00,2011-07-31 12:44:00,0.031864649246915476,63.66103793648893
12347,5633.32,8,3286,2010-10-31 14:20:00,2011-12-07 15:52:00,0.031852831629931785,63.692890768118865
13842,5629.91,18,2879,2010-02-16 15:54:00,2011-10-12 10:51:00,0.031833550254853134,63.72472431837372
16320,5628.99,6,3319,2010-01-27 13:29:00,2011-06-20 15:25:00,0.03182834824163543,63.75655266661535
16003,5613.83,10,2210,2009-12-03 18:51:00,2011-11-10 09:57:00,0.031742628110787235,63.78829529472613
18145,5609.74,11,5104,2009-12-08 12:30:00,2011-11-27 11:22:00,0.03171950176941724,63.82001479649555
16200,5608.1,12,3068,2009-12-02 15:04:00,2011-12-05 14:40:00,0.03171022861542048,63.85172502511097
16546,5606.47,5,4367,2010-09-23 15:43:00,2011-02-22 11:20:00,0.03170101200504563,63.88342603711602
17059,5586.93,9,3578,2010-01-26 14:43:00,2011-11-10 12:27:00,0.03159052576779143,63.91501656288381
15228,5580.2699999999995,6,3375,2010-07-28 10:21:00,2011-10-04 13:56:00,0.03155286771558503,63.94656943059939
15854,5578.28,21,1691,2009-12-10 12:08:00,2011-12-05 13:39:00,0.031541615534820655,63.97811104613421
17203,5564.09,10,4597,2010-11-16 12:52:00,2011-11-04 12:27:00,0.03146138013529982,64.00957242626951
15527,5554.89,23,2211,2009-12-15 17:31:00,2011-11-21 12:17:00,0.03140936000312281,64.04098178627264
14572,5526.88,11,2878,2010-03-28 13:47:00,2011-12-06 14:40:00,0.0312509813180926,64.07223276759073
14732,5517.07,19,2273,2009-12-09 10:48:00,2011-12-01 14:34:00,0.031195512024977768,64.10342827961571
15898,5513.09,25,2387,2009-12-11 16:11:00,2011-12-08 15:23:00,0.031173007663449024,64.13460128727917
17092,5511.41,11,3768,2010-02-02 16:42:00,2011-10-20 19:51:00,0.03116350833496452,64.16576479561414
17204,5504.6900000000005,9,2651,2010-06-10 11:37:00,2011-06-17 14:46:00,0.031125511021026536,64.19689030663517
13115,5494.7,10,3934,2010-04-19 13:29:00,2011-11-28 12:38:00,0.031069023942716937,64.22795933057789
16609,5493.46,7,2420,2011-04-01 10:11:00,2011-11-24 13:32:00,0.03106201253359743,64.25902134311148
13593,5493.29,14,2170,2010-03-02 16:36:00,2011-08-23 13:35:00,0.031061051292024595,64.29008239440351
16393,5482.57,23,3087,2009-12-01 12:13:00,2011-12-07 12:51:00,0.031000436529313995,64.32108283093282
16992,5476.5,13,2061,2010-02-11 12:36:00,2011-11-29 11:50:00,0.030966114550801557,64.35204894548363
17512,5467.820000000001,18,5434,2009-12-10 19:35:00,2011-11-11 12:11:00,0.03091703468696499,64.3829659801706
12480,5464.85,7,2952,2010-07-20 13:21:00,2011-11-11 14:52:00,0.03090024123125133,64.41386622140185
18198,5425.56,17,4074,2011-01-07 13:39:00,2011-12-05 14:49:00,0.030678081340682353,64.44454430274253
12378,5416.32,2,3316,2010-05-26 14:07:00,2011-08-02 10:34:00,0.030625835034017616,64.47517013777654
14713,5414.71,21,3454,2009-12-03 19:22:00,2011-11-30 16:26:00,0.030616731510886643,64.50578686928743
14626,5410.92,11,3135,2009-12-10 14:57:00,2011-11-16 10:37:00,0.030595301478174595,64.5363821707656
14249,5400.461,12,2383,2010-01-29 14:21:00,2010-10-25 12:34:00,0.03053616250399641,64.5669183332696
17719,5396.04,15,2466,2011-03-29 11:29:00,2011-11-02 10:36:00,0.03051116456874048,64.59742949783833
17612,5394.86,18,3521,2009-12-17 11:59:00,2011-10-17 14:59:00,0.030504492421352558,64.62793399025969
13362,5394.07,7,2481,2010-10-10 15:27:00,2011-11-30 14:41:00,0.030500025475219968,64.65843401573491
13014,5381.08,11,1979,2010-10-03 11:35:00,2011-11-29 12:27:00,0.03042657531033091,64.68886059104524
14459,5375.741,2,2303,2010-02-26 13:26:00,2011-07-07 13:35:00,0.030396386670581668,64.71925697771583
13495,5374.26,10,2674,2009-12-07 12:12:00,2011-12-02 11:21:00,0.03038801256017361,64.749644990276
14442,5367.0199999999995,7,1431,2010-01-18 12:59:00,2011-05-19 11:36:00,0.030347074977895183,64.7799920652539
12362,5356.23,11,2230,2009-12-01 10:10:00,2011-12-06 15:40:00,0.030286064409831063,64.81027812966373
17567,5356.03,9,3152,2010-09-24 10:48:00,2011-12-02 15:48:00,0.030284933537392433,64.84056306320112
15641,5345.55,12,4422,2009-12-06 15:31:00,2011-08-26 14:04:00,0.03022567582160819,64.87078873902273
16008,5339.13,15,3237,2010-03-19 11:07:00,2011-11-16 10:32:00,0.030189374816328152,64.90097811383906
12708,5314.1,18,2521,2009-12-18 10:25:00,2011-11-10 09:52:00,0.03004784613063354,64.93102595996969
17584,5309.42,6,2464,2010-01-25 08:17:00,2011-12-02 17:12:00,0.03002138371556958,64.96104734368525
14081,5291.09,10,3633,2009-12-10 18:27:00,2011-02-10 16:17:00,0.029917739256569088,64.99096508294183
15394,5286.8,11,2372,2009-12-15 19:05:00,2011-11-30 11:49:00,0.029893482042760464,65.0208585649846
15152,5263.83,14,2994,2010-01-07 15:15:00,2011-11-30 12:32:00,0.02976360134318374,65.05062216632777
13931,5257.38,11,3488,2009-12-03 10:26:00,2011-09-05 10:12:00,0.029727130707037905,65.08034929703481
13975,5256.4,12,3884,2010-02-02 13:13:00,2011-11-08 13:19:00,0.029721589432088615,65.1100708864669
13107,5253.07,9,4316,2010-02-04 10:50:00,2011-10-26 14:52:00,0.029702760405985417,65.13977364687288
14930,5236.7300000000005,6,2193,2010-04-12 11:22:00,2011-08-23 10:31:00,0.029610368127749302,65.16938401500063
15722,5234.0,11,2279,2010-03-09 15:05:00,2011-11-04 11:43:00,0.029594931718961996,65.19897894671959
17061,5232.2300000000005,11,1526,2011-04-21 13:29:00,2011-09-27 11:24:00,0.029584923497880118,65.22856387021747
12422,5231.8,17,2596,2009-12-18 12:44:00,2011-09-05 09:48:00,0.02958249212213706,65.2581463623396
15606,5230.99,17,1615,2010-03-02 14:48:00,2011-10-09 15:47:00,0.0295779120887606,65.28772427442836
13763,5217.4400000000005,3,3224,2010-09-30 17:39:00,2011-10-07 15:13:00,0.029501295481043383,65.3172255699094
15812,5201.47,12,3450,2009-12-15 13:40:00,2011-08-24 14:19:00,0.02941099531681873,65.34663656522622
14546,5184.84,11,2688,2009-12-06 13:10:00,2011-12-04 13:00:00,0.0293169632735466,65.37595352849976
16931,5184.27,23,3439,2010-11-07 13:24:00,2011-12-04 13:15:00,0.029313740287096504,65.40526726878686
17213,5182.3,13,2179,2009-12-15 10:28:00,2011-10-30 14:53:00,0.02930260119357599,65.43456986998044
12510,5178.02,9,2049,2009-12-04 13:47:00,2011-07-20 10:15:00,0.0292784005233893,65.46384827050383
17663,5175.83,17,2297,2010-03-04 11:42:00,2011-11-14 08:56:00,0.02926601747018629,65.49311428797402
15796,5171.63,17,1733,2010-03-31 13:10:00,2011-12-08 19:55:00,0.029242269148975052,65.522356557123
12625,5164.88,4,3309,2010-04-22 11:33:00,2011-05-12 09:54:00,0.02920410220417127,65.55156065932718
17157,5151.9,19,2092,2009-12-04 13:00:00,2011-12-02 09:10:00,0.02913070858290414,65.58069136791008
16153,5133.49,11,3693,2010-05-26 12:41:00,2011-10-21 10:50:00,0.029026611774928195,65.609717979685
17346,5132.72,26,3523,2010-04-18 12:18:00,2011-12-06 12:18:00,0.029022257916039476,65.63874023760104
16308,5120.0,7,16000,2009-12-15 15:48:00,2011-11-02 11:24:00,0.028950334428942567,65.66769057202998
15443,5114.23,14,2699,2010-03-07 12:10:00,2011-12-08 10:40:00,0.028917708759088074,65.69660828078906
13329,5112.97,8,3486,2009-12-04 15:41:00,2011-11-08 10:29:00,0.028910584262724706,65.72551886505178
17519,5109.47,15,3414,2009-12-01 09:57:00,2011-11-22 16:43:00,0.028890793995048673,65.75440965904683
16919,5108.01,24,2406,2010-08-19 15:28:00,2011-07-06 13:35:00,0.028882538626246665,65.78329219767308
13523,5101.52,6,2354,2010-11-02 14:55:00,2011-11-06 15:11:00,0.028845841815613105,65.81213803948869
12483,5097.18,19,2160,2010-01-31 13:28:00,2011-11-22 17:02:00,0.028821301883694823,65.84095934137238
17402,5095.53,23,1570,2009-12-16 17:40:00,2011-12-05 10:15:00,0.028811972186076115,65.86977131355846
12594,5090.110000000001,15,2768,2010-03-03 13:51:00,2011-11-02 12:20:00,0.028781325542989233,65.89855263910145
17861,5088.29,18,4541,2009-12-10 11:27:00,2011-12-06 16:21:00,0.02877103460379769,65.92732367370525
14493,5087.86,10,3148,2010-03-08 08:33:00,2011-12-02 16:14:00,0.028768603228054634,65.9560922769333
15367,5081.33,11,2944,2009-12-10 14:20:00,2011-10-13 14:13:00,0.028731680242933346,65.98482395717623
15529,5079.32,12,4447,2010-11-10 14:26:00,2011-11-17 11:29:00,0.028720314974925106,66.01354427215115
14307,5071.03,10,3374,2009-12-07 13:06:00,2011-09-12 09:38:00,0.028673440312343874,66.0422177124635
12395,5067.27,15,3733,2010-04-16 10:16:00,2011-11-20 15:21:00,0.02865217991049762,66.07086989237399
12432,5059.32,5,1801,2011-06-20 13:27:00,2011-10-28 11:43:00,0.02860722773106205,66.09947712010505
18144,5058.0,19,2239,2009-12-16 15:57:00,2011-12-02 12:46:00,0.02859976397296709,66.12807688407801
17469,5051.25,17,2304,2009-12-16 15:06:00,2011-11-23 13:15:00,0.02856159702816331,66.15663848110617
17802,5046.42,10,2780,2009-12-13 13:39:00,2011-09-18 14:56:00,0.028534286458770385,66.18517276756494
12600,5043.92,21,1414,2009-12-07 13:37:00,2011-11-11 10:29:00,0.0285201505532875,66.21369291811823
13634,5033.77,16,2090,2010-01-10 14:26:00,2011-11-06 13:40:00,0.028462758777027,66.24215567689525
12759,5020.74,8,3202,2009-12-04 10:47:00,2011-10-18 14:49:00,0.028389082437650214,66.2705447593329
16904,5014.06,21,2746,2010-10-24 16:03:00,2011-12-05 13:10:00,0.028351311298199955,66.2988960706311
12444,5005.46,5,1153,2011-06-21 14:00:00,2011-11-18 13:23:00,0.02830268378333884,66.32719875441444
17084,5001.21,3,3178,2010-11-08 14:20:00,2011-11-04 14:54:00,0.028278652744017942,66.35547740715846
14209,4993.27,15,1739,2010-01-22 10:28:00,2011-11-29 10:18:00,0.028233757108204312,66.38371116426667
14639,4978.96,9,2410,2010-02-16 12:35:00,2011-10-18 15:06:00,0.028152843185220287,66.4118640074519
13198,4974.2300000000005,8,3449,2010-10-01 13:27:00,2011-11-29 15:17:00,0.02812609805204668,66.43999010550394
12562,4966.92,9,2327,2010-09-30 13:13:00,2011-12-01 17:20:00,0.028084764664414733,66.46807487016835
17758,4964.03,12,3199,2010-05-20 13:18:00,2011-11-20 14:45:00,0.028068423557676518,66.49614329372602
16905,4961.17,17,2021,2009-12-10 20:04:00,2011-12-04 14:01:00,0.028052252081804098,66.52419554580783
12700,4939.99,4,2967,2011-05-08 16:10:00,2011-12-02 10:47:00,0.027932492690553125,66.55212803849838
14970,4919.35,12,982,2010-02-14 13:37:00,2011-10-02 13:44:00,0.027815786654886453,66.57994382515326
14825,4919.18,24,2846,2010-04-06 14:14:00,2011-12-06 11:38:00,0.027814825413313617,66.60775865056658
16143,4910.83,12,2011,2009-12-10 09:44:00,2011-12-06 14:13:00,0.027767611489000785,66.63552626205558
17314,4904.43,17,3663,2009-12-03 11:25:00,2011-11-15 09:41:00,0.02773142357096461,66.66325768562655
16255,4904.25,15,3049,2010-01-24 12:21:00,2011-11-23 12:40:00,0.02773040578576984,66.69098809141232
17406,4889.05,13,2117,2009-12-06 13:45:00,2011-01-10 15:07:00,0.027644459480433918,66.71863255089275
16986,4888.75,11,2539,2010-02-04 14:46:00,2011-11-10 11:55:00,0.027642763171775973,66.74627531406452
13021,4887.24,17,2546,2009-12-05 12:02:00,2011-12-05 16:37:00,0.02763422508486431,66.77390953914939
13659,4884.68,12,2527,2010-02-17 09:05:00,2011-05-18 12:37:00,0.02761974991764984,66.80152928906703
17596,4882.43,13,7539,2009-12-15 13:21:00,2011-11-16 14:11:00,0.02760702760271525,66.82913631666975
16686,4881.07,16,3419,2009-12-06 15:48:00,2011-10-23 13:49:00,0.027599337670132555,66.85673565433989
15379,4877.84,8,3000,2010-11-04 11:59:00,2011-06-23 13:13:00,0.027581074080248676,66.88431672842013
14107,4877.3,11,3489,2009-12-09 14:20:00,2011-10-19 12:12:00,0.027578020724664372,66.91189474914479
12688,4873.8099999999995,1,3028,2011-08-18 08:49:00,2011-08-18 08:49:00,0.027558287000610266,66.93945303614541
17449,4868.15,13,2483,2009-12-09 14:16:00,2011-12-07 16:56:00,0.02752628331059702,66.966979319456
17652,4867.72,12,2509,2011-03-03 14:05:00,2011-11-14 12:55:00,0.027523851934853967,66.99450317139086
14032,4850.2699999999995,16,3916,2009-12-14 12:02:00,2011-12-07 15:23:00,0.02742518331458345,67.02192835470544
13044,4848.05,11,2548,2010-01-08 14:46:00,2011-02-21 15:20:00,0.02741263063051465,67.04934098533595
13562,4838.18,8,1603,2010-01-14 16:33:00,2011-09-19 10:51:00,0.02735682207566823,67.07669780741162
12449,4835.89,6,2282,2010-09-27 09:37:00,2011-11-17 13:46:00,0.027343873586245918,67.10404168099787
17191,4820.45,15,2528,2009-12-01 16:34:00,2011-11-11 16:58:00,0.027256570233983632,67.13129825123185
14191,4817.66,15,3724,2009-12-11 10:48:00,2011-12-08 09:23:00,0.027240794563464735,67.15853904579532
13875,4814.37,14,3072,2009-12-17 10:30:00,2011-10-17 09:36:00,0.027222191711849263,67.18576123750717
15187,4777.18,16,1887,2011-05-11 13:49:00,2011-12-08 11:56:00,0.02701190598188591,67.21277314348904
15002,4769.7300000000005,9,2493,2010-01-12 11:40:00,2011-08-16 10:44:00,0.026969780983546923,67.2397429244726
13988,4757.8,8,3385,2010-03-24 11:05:00,2011-11-20 10:15:00,0.026902324442582604,67.26664524891518
12955,4757.16,11,3664,2011-03-17 09:03:00,2011-12-08 16:29:00,0.026898705650778988,67.29354395456596
17829,4756.74,5,3009,2010-02-22 15:39:00,2011-02-14 12:46:00,0.026896330818657863,67.32044028538462
17082,4732.03,6,2526,2009-12-15 11:25:00,2011-11-06 15:17:00,0.02675661152886506,67.34719689691349
16326,4721.25,24,1083,2010-01-28 13:23:00,2011-12-04 10:11:00,0.02669565750442287,67.3738925544179
14235,4717.99,9,3014,2010-03-30 13:36:00,2011-09-25 14:37:00,0.026677224283673192,67.40056977870158
13958,4709.2300000000005,8,2264,2009-12-05 13:12:00,2010-11-25 10:11:00,0.026627692070861176,67.42719747077244
12589,4695.66,8,1764,2010-01-19 12:26:00,2011-11-11 10:19:00,0.026550962375900086,67.45374843314833
15410,4685.72,10,1902,2010-04-19 08:57:00,2011-09-16 14:47:00,0.02649475801570015,67.48024319116404
16858,4668.28,10,1514,2009-12-15 11:09:00,2010-12-06 09:52:00,0.026396145939051565,67.50663933710308
13971,4667.57,14,3084,2010-01-26 09:51:00,2011-11-21 12:06:00,0.026392131341894425,67.53303146844497
16293,4657.95,15,2022,2009-12-11 09:58:00,2011-11-18 09:58:00,0.026337736377596295,67.55936920482257
15123,4656.17,5,2524,2010-03-16 09:49:00,2011-12-02 13:12:00,0.026327671612892484,67.58569687643546
15484,4652.1,6,4074,2009-12-05 15:18:00,2011-12-08 15:03:00,0.026304658358766355,67.61200153479423
17050,4648.59,11,2432,2010-01-26 14:54:00,2011-09-04 13:48:00,0.026284811547468385,67.6382863463417
14466,4646.9,13,2644,2009-12-13 15:44:00,2011-11-10 14:07:00,0.026275255675361955,67.66456160201706
12578,4642.45,4,2380,2010-09-22 11:19:00,2011-11-18 13:30:00,0.026250093763602426,67.69081169578067
13124,4641.66,4,2738,2010-11-19 15:50:00,2011-09-11 12:45:00,0.026245626817469836,67.71705732259814
15271,4640.29,24,2490,2010-08-05 14:57:00,2011-12-02 14:11:00,0.02623788034126522,67.74329520293941
18097,4627.92,11,2716,2009-12-17 11:06:00,2011-12-02 11:16:00,0.026167935880935914,67.76946313882034
17400,4623.28,8,2185,2009-12-17 15:41:00,2011-08-05 15:38:00,0.026141699640359683,67.7956048384607
17442,4620.3,15,3134,2010-02-15 15:54:00,2011-11-03 09:17:00,0.026124849641024094,67.82172968810173
12782,4618.24,11,2017,2010-07-08 13:31:00,2011-12-05 09:16:00,0.026113201654906194,67.84784288975663
14441,4611.6900000000005,11,1260,2010-01-18 10:40:00,2011-12-09 09:07:00,0.026076165582541052,67.87391905533917
15245,4610.84,8,3021,2010-04-23 14:23:00,2011-07-28 18:56:00,0.026071359374676865,67.89999041471386
12553,4608.75,12,2325,2010-10-12 13:35:00,2011-12-01 16:38:00,0.026059541757693178,67.92604995647154
13851,4606.46,8,2525,2010-01-29 11:54:00,2011-09-05 12:36:00,0.026046593268270857,67.95209654973982
18257,4600.15,12,2369,2010-02-18 16:20:00,2011-10-31 14:48:00,0.026010914242832063,67.97810746398265
17188,4592.93,13,2569,2009-12-08 19:16:00,2011-11-28 13:53:00,0.0259700897477975,68.00407755373045
16125,4581.7,14,1943,2009-12-14 15:38:00,2010-12-07 15:48:00,0.025906591260368393,68.02998414499082
17508,4579.23,8,2891,2009-12-07 11:46:00,2011-03-04 08:10:00,0.025892624985751303,68.05587676997658
15416,4572.82,7,2420,2010-02-01 11:55:00,2011-10-06 09:38:00,0.025856380524093194,68.08173315050067
13491,4566.56,27,2385,2009-12-07 08:24:00,2011-10-19 08:32:00,0.02582098421676406,68.10755413471743
13510,4558.29,11,3044,2009-12-21 11:53:00,2011-12-08 13:46:00,0.025774222641426682,68.13332835735886
15365,4557.13,13,2131,2010-02-04 16:43:00,2011-11-14 08:29:00,0.025767663581282626,68.15909602094014
17613,4544.55,14,2490,2011-02-07 11:20:00,2011-11-17 10:51:00,0.025696531704892764,68.18479255264504
13527,4541.29,12,2736,2010-01-21 12:37:00,2011-11-06 12:04:00,0.025678098484143087,68.21047065112919
13571,4537.26,26,3191,2009-12-08 13:02:00,2011-11-27 10:47:00,0.02565531140450468,68.23612596253369
14685,4536.64,8,1969,2009-12-13 11:32:00,2010-05-12 13:08:00,0.025651805699944928,68.26177776823364
12598,4534.09,11,2906,2010-03-01 09:58:00,2011-11-30 12:18:00,0.025637387076352384,68.28741515531
14001,4530.09,9,1873,2010-08-03 12:49:00,2011-10-25 10:31:00,0.025614769627579772,68.31302992493758
14290,4516.56,8,1600,2009-12-08 11:44:00,2011-11-28 14:02:00,0.025538266107106418,68.33856819104469
17308,4511.76,2,5148,2010-09-13 09:35:00,2010-11-11 13:19:00,0.025511125168579285,68.36407931621326
15680,4507.58,10,3074,2009-12-02 12:15:00,2011-11-30 13:46:00,0.0254874899346119,68.38956680614787
15764,4503.08,8,2945,2010-08-18 13:58:00,2011-09-12 17:58:00,0.025462045304742716,68.41502885145262
14625,4497.88,11,2155,2009-12-16 13:23:00,2011-05-27 15:32:00,0.02543264262133832,68.44046149407396
15122,4487.27,11,2033,2010-03-30 14:05:00,2011-08-17 16:48:00,0.025372649838468972,68.46583414391243
14701,4487.11,15,1744,2010-01-24 12:15:00,2011-11-29 12:38:00,0.025371745140518064,68.49120588905295
18064,4481.83,11,2685,2010-02-01 15:01:00,2011-07-29 16:39:00,0.025341890108138213,68.51654777916109
12916,4479.73,7,1681,2010-01-24 11:26:00,2011-07-24 10:35:00,0.025330015947532595,68.54187779510862
12627,4478.53,7,2752,2011-07-22 13:59:00,2011-11-29 12:07:00,0.02532323071290081,68.56720102582152
14648,4466.65,15,3265,2009-12-10 13:59:00,2010-10-19 13:12:00,0.025256056890046154,68.59245708271156
18069,4464.92,11,3168,2010-02-28 16:14:00,2011-11-13 16:03:00,0.025246274843452005,68.61770335755502
16912,4460.51,15,1689,2009-12-09 12:32:00,2011-11-11 12:18:00,0.025221339106180195,68.6429246966612
15240,4459.98,12,3214,2009-12-05 14:57:00,2011-10-26 09:50:00,0.025218342294217825,68.66814303895542
17220,4457.31,21,2663,2010-01-20 11:57:00,2011-11-15 13:47:00,0.02520324514716211,68.69334628410259
17682,4456.78,11,2491,2010-03-08 09:49:00,2011-11-29 15:59:00,0.025200248335199734,68.71854653243778
18093,4452.71,8,3429,2010-03-31 10:27:00,2011-09-07 15:43:00,0.02517723508107361,68.74372376751886
14341,4452.02,18,2813,2009-12-01 12:20:00,2011-10-25 15:48:00,0.025173333571160333,68.76889710109002
17754,4451.22,13,4366,2009-12-11 15:52:00,2011-12-09 11:20:00,0.02516881008140581,68.79406591117143
13435,4447.33,9,2754,2010-07-27 16:56:00,2011-12-04 14:45:00,0.025146814612474443,68.8192127257839
16098,4441.3,14,2142,2009-12-15 09:40:00,2011-09-13 09:59:00,0.025112718808449733,68.84432544459234
16218,4439.97,13,3237,2010-05-27 16:09:00,2011-11-10 09:59:00,0.02510519850673284,68.86943064309908
16081,4436.56,8,2230,2010-02-03 12:46:00,2011-10-14 13:06:00,0.025085917131654187,68.89451656023073
17722,4430.36,5,2937,2010-11-29 09:44:00,2011-09-04 15:22:00,0.025050860086056635,68.91956742031678
12349,4428.69,4,1624,2010-04-29 13:20:00,2011-11-21 09:51:00,0.025041417301194073,68.94460883761798
15845,4426.28,11,2128,2010-01-26 14:44:00,2011-11-22 09:42:00,0.025027790288308576,68.96963662790628
17412,4417.52,16,2604,2009-12-02 13:51:00,2011-12-07 11:36:00,0.02497825807549656,68.99461488598178
17138,4417.27,7,2024,2010-02-04 14:19:00,2011-03-09 11:54:00,0.02497684448494827,69.01959173046673
16626,4413.1,17,2690,2011-03-18 12:27:00,2011-12-09 11:56:00,0.024953265794602823,69.04454499626134
16563,4412.56,6,2584,2009-12-01 18:35:00,2011-10-17 11:51:00,0.02495021243901852,69.06949520870036
14211,4402.29,18,2575,2009-12-09 12:48:00,2011-10-17 13:23:00,0.024892142139294842,69.09438735083965
15203,4400.18,15,4182,2009-12-08 18:06:00,2011-11-14 08:16:00,0.024880211435067287,69.11926756227471
16150,4395.59,10,2164,2009-12-17 15:33:00,2011-10-28 12:39:00,0.024854257912600715,69.14412182018731
13505,4393.63,4,2486,2011-04-21 12:07:00,2011-09-28 11:56:00,0.024843175362702138,69.16896499555001
13880,4391.66,17,2589,2010-05-26 14:29:00,2011-11-18 13:44:00,0.024832036269181627,69.1937970318192
16732,4387.64,4,2414,2009-12-08 13:04:00,2011-11-08 09:54:00,0.024809305733165154,69.21860633755237
18272,4385.9800000000005,9,2880,2010-03-04 12:53:00,2011-12-07 12:43:00,0.02479991949192452,69.2434062570443
13982,4382.89,9,2686,2010-01-20 14:04:00,2011-10-31 16:24:00,0.024782447512747677,69.26818870455705
14514,4380.04,9,2362,2009-12-13 13:21:00,2011-10-09 16:05:00,0.024766332580497187,69.29295503713755
16455,4376.87,11,3101,2010-03-30 10:31:00,2011-10-07 12:17:00,0.02474840825234489,69.3177034453899
16118,4376.25,1,2851,2010-02-25 09:40:00,2010-02-25 09:40:00,0.02474490254778514,69.34244834793768
15861,4369.2,12,3837,2010-01-28 19:41:00,2011-11-27 15:59:00,0.02470503929432341,69.367153387232
13297,4368.62,7,2694,2010-06-15 12:35:00,2011-12-02 09:32:00,0.02470175976425138,69.39185514699625
12752,4366.78,1,2262,2011-09-19 13:32:00,2011-09-19 13:32:00,0.024691355737815984,69.41654650273406
12917,4359.2,6,1104,2009-12-09 14:22:00,2011-08-03 16:42:00,0.024648495672391885,69.44119499840646
12523,4352.35,23,2263,2009-12-07 13:46:00,2011-11-20 12:55:00,0.02460976329136879,69.46580476169783
16283,4350.32,8,2867,2010-02-28 14:12:00,2011-12-04 12:08:00,0.024598284936116686,69.49040304663394
17372,4347.31,28,1863,2009-12-03 18:41:00,2011-10-30 11:37:00,0.024581265305915298,69.51498431193986
12408,4340.7699999999995,8,2229,2010-07-29 13:27:00,2011-11-07 12:27:00,0.024544285777172076,69.53952859771702
15633,4335.96,13,2048,2009-12-08 17:51:00,2010-07-18 13:54:00,0.02451708829502301,69.56404568601205
16477,4320.02,11,2632,2010-08-12 09:43:00,2011-10-07 09:44:00,0.024426957761664155,69.58847264377371
14334,4318.48,12,2986,2010-05-20 10:04:00,2011-11-23 10:01:00,0.024418250043886695,69.61289089381759
18259,4318.200000000001,7,1390,2009-12-08 08:38:00,2011-11-15 12:34:00,0.024416666822472618,69.63730756064007
12370,4316.56,7,2604,2010-02-09 09:41:00,2011-10-19 14:51:00,0.02440739366847585,69.66171495430855
12967,4306.92,3,1272,2010-11-21 11:03:00,2010-12-16 19:10:00,0.024352885616933852,69.68606783992549
14482,4306.72,12,2869,2010-08-26 14:13:00,2011-11-21 13:14:00,0.024351754744495222,69.71041959466999
12928,4304.89,12,2899,2010-06-08 10:16:00,2011-11-04 14:24:00,0.024341407261681755,69.73476100193167
14854,4303.06,11,2987,2010-01-22 09:48:00,2011-09-22 17:00:00,0.024331059778868284,69.75909206171055
17937,4301.22,7,1754,2010-12-12 14:43:00,2011-12-01 11:45:00,0.024320655752432883,69.78341271746298
18230,4291.06,9,1996,2010-07-02 10:01:00,2011-11-30 13:22:00,0.02426320743255045,69.80767592489553
18077,4283.66,18,3191,2009-12-07 11:40:00,2011-12-01 13:32:00,0.024221365152321116,69.83189729004785
17930,4275.22,13,3795,2010-03-04 10:41:00,2011-11-04 10:23:00,0.02417364233541091,69.85607093238326
16241,4270.51,16,2355,2010-10-25 13:40:00,2011-11-30 11:08:00,0.02414701028948116,69.88021794267274
14239,4263.17,21,1729,2009-12-05 12:36:00,2011-10-27 14:40:00,0.024105507270983418,69.90432344994373
14047,4255.03,14,1649,2010-02-01 10:05:00,2011-12-01 11:43:00,0.02405948076273115,69.92838293070646
12360,4252.89,8,2459,2010-02-22 09:32:00,2011-10-18 15:22:00,0.024047380427637804,69.9524303111341
16571,4248.74,10,3703,2010-03-18 09:12:00,2011-11-13 11:46:00,0.02402391482453622,69.97645422595863
12935,4243.86,15,3201,2010-04-11 15:59:00,2011-12-07 17:25:00,0.023996321537033634,70.00045054749566
17728,4238.76,5,2146,2010-09-12 14:58:00,2011-12-06 08:52:00,0.023967484289848556,70.02441803178552
13911,4234.99,20,4487,2010-03-01 16:31:00,2011-10-13 15:43:00,0.02394616734438037,70.04836419912989
16875,4234.53,11,2099,2010-01-05 09:16:00,2011-10-03 13:39:00,0.02394356633777152,70.07230776546767
16712,4232.87,13,2074,2010-11-03 15:45:00,2011-11-30 13:48:00,0.023934180096530883,70.0962419455642
16743,4212.15,14,3707,2010-04-22 13:21:00,2011-11-10 13:13:00,0.023817021711888754,70.1200589672761
15804,4206.39,13,2565,2011-05-25 10:12:00,2011-12-09 12:31:00,0.023784452585656198,70.14384341986175
15708,4204.4400000000005,9,1586,2010-10-10 11:33:00,2011-10-30 10:54:00,0.02377342657937955,70.16761684644113
18079,4203.93,5,8730,2010-08-05 12:19:00,2011-10-25 15:27:00,0.023770542854661042,70.1913873892958
15518,4189.99,15,2810,2009-12-20 12:21:00,2011-10-06 13:05:00,0.02369172104568849,70.21507911034149
15752,4184.56,9,2945,2010-09-08 11:56:00,2011-10-31 11:37:00,0.02366101785897967,70.23874012820048
14868,4184.01,12,2230,2010-10-15 14:52:00,2011-12-06 14:49:00,0.023657907959773437,70.26239803616025
17738,4183.56,13,2776,2010-03-19 10:07:00,2011-11-20 15:05:00,0.02365536349678652,70.28605339965704
18287,4182.99,7,3013,2010-05-17 11:55:00,2011-10-28 09:29:00,0.023652140510336418,70.30970554016737
16072,4180.09,4,1580,2010-06-08 16:47:00,2011-02-24 14:32:00,0.02363574285997628,70.33334128302735
17218,4178.93,18,2195,2010-01-25 16:12:00,2011-12-05 13:52:00,0.02362918379983222,70.35697046682718
17673,4173.88,13,3284,2010-03-19 14:02:00,2011-12-08 12:50:00,0.023600629270756797,70.38057109609794
17526,4166.04,12,1482,2009-12-17 16:18:00,2011-12-05 11:05:00,0.02355629907116248,70.4041273951691
18194,4162.04,6,1774,2010-01-28 15:30:00,2011-09-18 13:29:00,0.02353368162238987,70.4276610767915
14740,4161.06,11,2081,2010-02-25 11:40:00,2011-05-26 18:17:00,0.02352814034744058,70.45118921713893
12653,4160.83,3,1681,2010-07-01 09:56:00,2011-07-14 10:41:00,0.023526839844136154,70.47471605698307
13461,4160.0,6,3132,2010-04-21 16:01:00,2011-11-01 09:01:00,0.023522146723515835,70.49823820370659
16749,4157.88,2,1910,2009-12-15 14:05:00,2010-04-27 13:06:00,0.023510159475666353,70.52174836318225
17646,4149.79,12,1418,2009-12-16 09:37:00,2011-05-04 13:17:00,0.023464415685523744,70.54521277886778
16209,4146.78,9,1895,2010-06-11 11:58:00,2011-09-12 11:58:00,0.023447396055322353,70.5686601749231
12569,4124.69,32,1801,2011-04-01 13:47:00,2011-12-07 16:24:00,0.023322491194475607,70.59198266611757
15493,4121.68,9,1206,2010-02-23 11:14:00,2011-11-07 12:04:00,0.02330547156427422,70.61528813768184
13450,4120.04,13,4318,2010-04-15 19:15:00,2011-11-13 11:54:00,0.023296198410277448,70.63858433609212
14408,4102.27,11,2438,2009-12-07 12:18:00,2011-11-29 11:41:00,0.023195720394105127,70.66178005648622
14566,4092.0,4,2400,2010-06-24 10:34:00,2011-08-21 11:05:00,0.023137650094381443,70.6849177065806
15050,4087.19,5,2600,2010-08-16 12:00:00,2011-11-14 16:17:00,0.02311045261223238,70.70802815919284
12876,4081.79,4,3047,2010-04-28 13:26:00,2011-10-13 12:26:00,0.023079919056389352,70.73110807824922
14878,4076.5,25,2416,2010-02-21 11:14:00,2011-11-27 11:15:00,0.023050007480387574,70.75415808572961
14913,4073.13,8,3955,2010-08-11 08:40:00,2011-11-04 08:29:00,0.02303095227979665,70.77718903800941
12371,4067.38,5,1436,2010-03-04 18:23:00,2011-10-26 10:16:00,0.02299843969718602,70.8001874777066
13421,4058.75,8,2351,2010-02-14 14:45:00,2011-10-30 14:21:00,0.02294964255145911,70.82313712025805
14025,4057.9,8,1914,2010-05-05 09:56:00,2010-09-01 10:11:00,0.022944836343594933,70.84608195660165
15024,4050.61,16,2183,2010-10-11 16:14:00,2011-11-30 12:06:00,0.022903616043206846,70.86898557264486
17083,4049.79,9,1955,2010-02-09 11:46:00,2011-08-22 15:43:00,0.02289897946620846,70.89188455211107
17287,4049.56,21,2063,2009-12-03 12:45:00,2011-11-13 13:27:00,0.022897678962904035,70.91478223107397
13048,4049.13,9,2661,2010-01-27 12:55:00,2011-11-25 13:23:00,0.02289524758716098,70.93767747866113
17211,4046.65,13,2345,2009-12-13 13:17:00,2011-11-13 12:03:00,0.022881224768921963,70.96055870343005
12840,4041.97,7,2258,2010-02-03 14:51:00,2011-07-19 09:29:00,0.022854762353858003,70.98341346578391
14824,4022.9100000000003,10,1954,2010-03-12 13:07:00,2011-11-29 14:20:00,0.022746990210456515,71.00616045599436
12726,4014.6,11,4618,2010-03-25 16:25:00,2011-11-11 13:35:00,0.022700002460631412,71.028860458455
15782,4014.1,4,1844,2010-10-05 15:43:00,2011-11-30 10:49:00,0.022697175279534836,71.05155763373453
16928,4013.7799999999997,29,2680,2010-02-03 12:30:00,2011-09-20 15:10:00,0.022695365883633026,71.07425299961817
12721,4013.08,8,2655,2010-08-25 11:07:00,2011-11-08 12:13:00,0.02269140783009782,71.09694440744826
13895,4008.52,6,2060,2009-12-03 13:09:00,2011-11-11 16:57:00,0.022665623938497043,71.11961003138676
16841,4006.06,12,3478,2010-01-12 11:32:00,2011-11-03 11:51:00,0.022651714207501887,71.14226174559425
17618,4001.64,11,1798,2010-01-24 11:03:00,2011-12-04 11:50:00,0.022626721926608154,71.16488846752087
17307,3999.8900000000003,11,3667,2010-01-19 16:38:00,2010-11-09 13:40:00,0.022616826792770134,71.18750529431364
13126,3998.25,13,3409,2010-03-02 12:24:00,2011-12-05 10:00:00,0.022607553638773363,71.21011284795242
15665,3987.07,5,2777,2010-03-14 15:07:00,2011-06-24 14:57:00,0.022544337869453916,71.23265718582186
14547,3974.75,8,2639,2011-10-16 14:35:00,2011-12-06 11:06:00,0.02247467612723427,71.2551318619491
15572,3965.2,10,2089,2010-04-14 14:38:00,2011-12-05 10:09:00,0.02242067696828966,71.27755253891739
17019,3961.11,11,2619,2009-12-02 11:52:00,2011-11-28 13:06:00,0.022397550626919668,71.29995008954431
14817,3959.86,7,2462,2010-03-22 12:10:00,2011-05-23 13:35:00,0.022390482674178227,71.3223405722185
13542,3959.4900000000002,17,804,2009-12-10 19:53:00,2010-11-28 11:24:00,0.02238839056016676,71.34472896277866
16791,3957.63,15,1854,2009-12-03 18:08:00,2011-11-10 19:12:00,0.022377873446487496,71.36710683622515
17667,3950.7,9,2192,2010-02-23 09:57:00,2011-10-04 14:32:00,0.022338688716488943,71.38944552494164
16771,3949.6,10,2308,2009-12-09 11:52:00,2011-11-06 13:28:00,0.022332468918076477,71.41177799385972
16719,3944.35,14,2502,2009-12-13 10:59:00,2011-11-25 09:27:00,0.022302783516562424,71.43408077737628
15858,3936.34,13,2914,2009-12-10 11:42:00,2011-11-24 12:48:00,0.022257492075395274,71.45633826945168
15819,3934.79,10,2928,2010-03-18 11:08:00,2011-10-21 14:50:00,0.022248727813995884,71.47858699726568
17954,3933.06,19,3242,2009-12-09 13:22:00,2011-12-04 14:15:00,0.02223894576740173,71.50082594303308
12473,3928.0499999999997,5,2414,2011-06-01 10:15:00,2011-11-10 13:46:00,0.022210617412814035,71.52303656044589
15051,3926.91,9,3052,2009-12-01 13:29:00,2011-11-16 15:38:00,0.02220417143991384,71.5452407318858
14465,3925.85,11,2539,2010-01-07 15:03:00,2011-04-07 12:38:00,0.022198177815989095,71.56743890970179
15983,3924.02,8,2426,2009-12-06 12:52:00,2011-11-17 17:34:00,0.022187830333175628,71.58962674003497
13037,3914.9500000000003,12,2130,2009-12-03 17:04:00,2011-07-24 15:46:00,0.022136545268083733,71.61176328530306
12853,3907.5,11,1668,2010-02-05 11:57:00,2011-07-28 11:29:00,0.022094420269744744,71.6338577055728
13995,3902.01,14,2359,2009-12-18 12:43:00,2011-11-24 14:22:00,0.022063377821304336,71.6559210833941
12388,3901.11,8,2001,2010-05-06 12:54:00,2011-11-24 12:30:00,0.022058288895330496,71.67797937228944
14498,3900.83,10,2120,2010-06-07 16:05:00,2011-10-28 12:09:00,0.022056705673916415,71.70003607796336
15823,3897.17,3,1775,2009-12-08 15:12:00,2010-12-02 15:08:00,0.022036010708289474,71.72207208867165
15571,3892.35,14,2411,2009-12-06 12:10:00,2011-11-28 10:02:00,0.022008756682518477,71.74408084535418
12358,3887.07,5,1079,2009-12-08 07:59:00,2011-12-08 10:26:00,0.021978901650138633,71.76605974700432
14744,3885.08,14,2547,2010-05-18 14:06:00,2011-11-23 12:51:00,0.021967649469374257,71.7880273964737
13446,3881.89,11,2403,2010-02-14 11:52:00,2010-10-05 18:51:00,0.021949612053978097,71.80997700852767
15696,3881.2200000000003,13,1386,2010-01-24 14:36:00,2011-11-06 14:02:00,0.021945823631308686,71.83192283215898
15288,3881.03,10,1402,2010-02-12 15:27:00,2011-10-27 16:58:00,0.02194474930249199,71.85386758146147
14655,3878.51,7,2341,2010-04-22 14:29:00,2011-12-01 16:28:00,0.021930500309765243,71.87579808177124
15067,3862.88,5,2151,2010-04-11 15:54:00,2011-09-22 13:20:00,0.021842122628686265,71.89764020439992
15195,3861.0,1,1404,2011-12-07 12:20:00,2011-12-07 12:20:00,0.021831492427763135,71.91947169682769
18073,3859.82,12,3102,2011-05-26 19:38:00,2011-08-17 14:02:00,0.021824820280375214,71.94129651710806
14565,3859.2200000000003,5,1940,2010-08-23 09:48:00,2011-09-05 09:07:00,0.021821427663059324,71.96311794477111
16440,3856.9700000000003,6,2108,2010-08-03 11:32:00,2011-12-02 12:02:00,0.02180870534812473,71.98492665011923
16057,3854.85,10,1691,2010-01-07 17:11:00,2011-11-23 15:23:00,0.021796718100275246,72.00672336821951
13213,3851.52,11,2962,2010-05-20 14:50:00,2011-10-14 11:42:00,0.021777889074172045,72.02850125729368
16341,3850.79,7,3022,2010-04-09 10:30:00,2011-11-15 09:12:00,0.021773761389771044,72.05027501868345
14532,3845.78,11,1111,2010-01-10 11:47:00,2011-04-17 13:05:00,0.02174543303518335,72.07202045171863
17659,3834.79,14,1816,2010-11-18 14:20:00,2011-11-22 13:29:00,0.0216832915946806,72.09370374331331
13481,3830.84,11,2055,2009-12-04 12:37:00,2011-10-25 09:07:00,0.021660956864017648,72.11536470017732
12597,3811.22,4,2236,2011-03-16 14:00:00,2011-11-20 13:33:00,0.021550018277787988,72.13691471845512
13357,3805.5099999999998,5,2112,2010-03-22 14:30:00,2011-03-27 13:56:00,0.02151773186966508,72.15843245032478
15421,3805.34,10,1927,2009-12-07 15:10:00,2011-10-12 09:20:00,0.02151677062809225,72.17994922095288
16636,3802.04,4,2186,2010-03-03 14:06:00,2010-09-27 13:13:00,0.021498111232854843,72.20144733218574
16128,3801.05,11,2445,2010-07-16 16:30:00,2011-11-22 11:14:00,0.021492513414283626,72.22293984560002
15827,3794.07,28,1824,2010-01-08 11:25:00,2011-09-27 15:35:00,0.021453045966175414,72.24439289156619
17071,3793.71,13,1934,2010-01-24 13:05:00,2011-11-11 16:31:00,0.021451010395785883,72.26584390196197
12619,3781.38,10,3518,2010-05-28 12:52:00,2011-11-23 14:52:00,0.021381292109944307,72.28722519407192
14309,3780.81,11,2583,2010-06-07 10:24:00,2011-12-01 13:33:00,0.021378069123494207,72.30860326319542
15811,3776.0,7,1876,2010-11-16 16:46:00,2011-11-17 15:31:00,0.021350871641345144,72.32995413483677
15079,3767.35,11,1504,2009-12-08 11:22:00,2011-05-11 12:45:00,0.02130196140837437,72.35125609624514
16466,3767.09,15,1777,2010-03-07 14:31:00,2011-11-06 11:35:00,0.02130049127420415,72.37255658751934
17173,3766.6,8,1122,2011-07-31 15:26:00,2011-12-04 14:40:00,0.02129772063672951,72.39385430815607
15834,3764.39,7,1815,2010-10-11 14:05:00,2011-09-30 14:41:00,0.02128522449628264,72.41513953265235
12670,3760.29,7,1627,2010-02-11 10:13:00,2011-11-29 15:23:00,0.021262041611290715,72.43640157426364
12530,3759.26,9,2713,2010-03-07 14:37:00,2011-10-11 12:34:00,0.021256217618231765,72.45765779188187
17553,3757.6,4,2288,2010-04-08 09:44:00,2011-08-02 10:00:00,0.02124683137699113,72.47890462325886
14409,3756.09,9,2401,2010-05-21 16:45:00,2011-09-29 18:18:00,0.021238293290079473,72.50014291654894
13305,3752.61,16,2360,2010-03-10 14:49:00,2011-12-05 15:15:00,0.0212186161096473,72.52136153265859
17293,3750.63,17,2228,2009-12-03 15:09:00,2011-12-01 14:37:00,0.02120742047250486,72.5425689531311
12623,3747.84,7,1971,2010-01-12 11:45:00,2011-03-08 13:50:00,0.02119164480198596,72.56376059793308
15370,3739.01,8,1397,2010-10-25 12:08:00,2011-10-30 10:58:00,0.02114171678382042,72.5849023147169
15532,3738.85,10,1337,2010-06-08 14:52:00,2011-11-14 14:51:00,0.021140812085869515,72.60604312680277
15704,3734.6600000000003,6,1709,2010-05-05 14:51:00,2011-07-22 13:35:00,0.021117120308280207,72.62716024711105
16539,3732.01,10,1315,2010-06-25 15:24:00,2011-12-07 08:41:00,0.02110213624846835,72.64826238335952
14515,3724.06,12,1893,2010-06-07 12:37:00,2011-11-22 11:37:00,0.021057184069032786,72.66931956742856
12502,3723.87,5,820,2011-02-03 10:41:00,2011-09-05 11:52:00,0.021056109740216086,72.69037567716877
16240,3718.8,2,1641,2011-09-23 13:44:00,2011-11-15 14:30:00,0.0210274421238968,72.71140311929267
14364,3717.35,8,1967,2011-05-12 12:56:00,2011-08-23 11:01:00,0.021019243298716732,72.73242236259138
16950,3713.77,10,2464,2010-01-24 11:26:00,2011-10-14 09:06:00,0.02099900068206524,72.75342136327345
12737,3710.5,2,2,2010-07-29 12:27:00,2010-07-29 12:29:00,0.02098051091769363,72.77440187419114
14540,3709.64,11,1595,2009-12-07 13:00:00,2011-11-30 10:15:00,0.02097564816620752,72.79537752235736
14776,3708.3,15,4658,2010-09-19 14:12:00,2011-10-19 15:34:00,0.020968071320868698,72.81634559367822
15255,3706.02,9,2214,2009-12-03 09:10:00,2011-10-04 12:43:00,0.020955179375068307,72.83730077305329
15351,3704.89,10,1479,2010-10-03 12:18:00,2011-11-27 12:52:00,0.020948789945790046,72.85824956299908
15494,3702.6,5,3052,2009-12-10 20:16:00,2011-11-18 14:51:00,0.020935841456367725,72.87918540445544
18168,3698.8,16,2128,2009-12-03 17:29:00,2011-06-16 19:21:00,0.020914354880033747,72.90009975933548
16772,3698.0499999999997,3,687,2009-12-18 10:50:00,2010-10-12 13:19:00,0.020910114108388878,72.92100987344386
17096,3697.93,11,1559,2010-06-02 14:48:00,2011-11-24 15:01:00,0.0209094355849257,72.94191930902879
16094,3695.56,11,2020,2010-04-16 14:00:00,2011-11-28 12:45:00,0.02089603474652793,72.96281534377532
12857,3688.0,6,1420,2010-01-25 15:37:00,2011-05-13 10:20:00,0.020853287768347693,72.98366863154367
12468,3670.74,5,2201,2010-01-26 10:09:00,2011-06-05 11:36:00,0.020755693476893874,73.00442432502057
14593,3665.5299999999997,12,1848,2009-12-09 12:57:00,2011-11-18 12:48:00,0.020726234249867546,73.02515055927043
12872,3662.4900000000002,12,1845,2009-12-03 20:03:00,2011-01-17 10:52:00,0.020709044988800367,73.04585960425923
16983,3654.02,11,2422,2010-09-19 12:38:00,2011-11-27 12:10:00,0.02066115254102436,73.06652075680026
17655,3652.48,9,1542,2010-10-19 10:20:00,2011-11-29 11:34:00,0.020652444823246904,73.0871732016235
14857,3651.851,7,2081,2010-03-15 11:00:00,2011-10-11 09:23:00,0.020648888229427412,73.10782208985293
14649,3651.19,9,2415,2010-01-20 13:10:00,2011-12-05 12:30:00,0.020645150696017738,73.12846724054894
14640,3649.36,10,1645,2010-01-22 15:44:00,2011-11-15 13:07:00,0.020634803213204267,73.14910204376214
15953,3648.08,18,1841,2009-12-03 14:00:00,2011-11-24 15:32:00,0.02062756562959703,73.16972960939174
13632,3645.81,8,1633,2010-04-07 10:59:00,2011-11-15 10:51:00,0.020614730227418575,73.19034433961916
17063,3638.53,13,1899,2009-12-01 12:36:00,2011-11-18 16:19:00,0.020573566470652425,73.21091790608982
14770,3637.64,8,1598,2010-02-25 18:58:00,2011-04-21 14:21:00,0.020568534088300516,73.23148644017812
16748,3637.33,14,2127,2009-12-10 12:28:00,2011-11-22 10:17:00,0.020566781236020636,73.25205322141414
16053,3634.84,6,3067,2010-04-08 11:11:00,2011-11-07 11:21:00,0.02055270187415969,73.27260592328831
17528,3628.5,8,2138,2011-09-29 13:04:00,2011-12-08 13:27:00,0.0205168532178551,73.29312277650617
16444,3625.88,17,1945,2010-03-24 14:06:00,2011-10-24 13:50:00,0.02050203878890904,73.31362481529507
16503,3614.34,11,1535,2010-06-21 14:07:00,2011-08-25 11:46:00,0.020436787449200054,73.33406160274427
16718,3612.13,5,2331,2009-12-06 13:07:00,2010-12-05 13:03:00,0.020424291308753187,73.35448589405303
15505,3610.96,5,2390,2011-07-07 13:33:00,2011-10-18 07:56:00,0.0204176757049872,73.37490356975802
15791,3608.34,5,1970,2010-03-08 09:41:00,2011-10-27 10:14:00,0.020402861276041136,73.39530643103406
18242,3605.21,8,2021,2010-01-11 08:49:00,2011-09-28 13:43:00,0.020385163122376572,73.41569159415643
13750,3602.1800000000003,11,1370,2010-04-01 14:49:00,2011-10-17 12:16:00,0.020368030404931316,73.43605962456135
12963,3601.59,12,1809,2010-07-08 14:45:00,2011-12-01 12:55:00,0.020364694331237356,73.45642431889259
16325,3597.5,12,2464,2009-12-04 13:21:00,2011-10-24 08:48:00,0.02034156798986736,73.47676588688246
17422,3594.76,11,3538,2010-06-23 10:19:00,2011-11-23 13:27:00,0.020326075037458122,73.49709196191992
14653,3593.06,12,1969,2009-12-02 11:51:00,2011-12-08 13:45:00,0.020316462621729762,73.51740842454166
14132,3586.0299999999997,11,3368,2011-06-09 12:04:00,2011-12-07 13:35:00,0.020276712455511894,73.53768513699717
15569,3583.45,10,1734,2010-02-28 10:55:00,2011-08-28 10:15:00,0.020262124201053562,73.55794726119822
17679,3577.61,7,1755,2009-12-03 17:32:00,2011-10-18 07:43:00,0.02022910272584555,73.57817636392407
17311,3566.56,6,2755,2010-02-03 12:38:00,2011-09-22 14:11:00,0.020166622023611212,73.59834298594768
18219,3562.89,17,1653,2009-12-07 13:17:00,2011-12-07 11:43:00,0.02014587051436234,73.61848885646205
17848,3559.11,30,1404,2009-12-06 13:19:00,2011-09-19 16:49:00,0.020124497025272223,73.63861335348733
14737,3554.17,4,1071,2010-11-04 11:29:00,2011-12-06 10:16:00,0.020096564476038047,73.65870991796336
15222,3550.91,11,4458,2009-12-16 13:49:00,2011-01-25 08:03:00,0.02007813125528837,73.67878804921865
14882,3546.65,14,1614,2010-03-30 15:02:00,2011-11-13 12:47:00,0.020054043672345537,73.698842092891
14503,3543.26,6,2004,2011-06-14 10:00:00,2011-12-06 13:30:00,0.020034875384510754,73.71887696827551
12645,3539.3,8,2125,2010-02-09 10:49:00,2011-11-06 12:38:00,0.020012484110225864,73.73888945238573
17924,3536.7000000000003,8,1268,2010-10-21 12:17:00,2011-11-28 09:11:00,0.01999778276852367,73.75888723515426
16395,3518.41,14,2901,2009-12-06 12:26:00,2011-10-10 12:50:00,0.019894364484010902,73.77878159963828
16336,3517.69,4,1473,2010-03-18 08:05:00,2010-10-15 12:32:00,0.01989029334323183,73.79867189298152
15113,3509.43,3,2344,2011-10-16 15:27:00,2011-11-30 08:23:00,0.01984358831151639,73.81851548129303
18044,3505.61,18,1598,2010-05-28 15:31:00,2011-12-05 14:26:00,0.01982198864793855,73.83833746994097
14934,3503.5,5,2100,2010-09-24 12:08:00,2011-09-19 10:10:00,0.019810057943710994,73.85814752788468
13929,3494.1,11,1566,2010-01-14 07:25:00,2011-06-23 15:26:00,0.019756906939095358,73.87790443482378
15059,3491.2,19,1599,2009-12-06 12:17:00,2011-10-30 11:35:00,0.019740509288735213,73.89764494411251
13577,3489.28,11,1661,2009-12-14 16:10:00,2011-11-14 15:19:00,0.01972965291332436,73.91737459702584
15306,3484.73,9,3074,2010-02-18 17:12:00,2011-10-06 12:56:00,0.019703925565345514,73.9370785225912
17597,3484.09,5,2215,2010-05-05 15:33:00,2011-05-10 11:54:00,0.019700306773541898,73.95677882936474
12631,3481.57,6,1607,2010-01-15 14:50:00,2011-10-13 13:53:00,0.019686057780815152,73.97646488714555
15380,3479.0600000000004,11,1032,2009-12-01 13:50:00,2011-12-01 12:13:00,0.01967186533171034,73.99613675247727
15712,3472.4100000000003,12,1277,2009-12-01 11:17:00,2011-11-30 14:09:00,0.019634263823125872,74.01577101630039
13849,3469.3,5,1883,2010-03-25 12:03:00,2011-10-19 10:59:00,0.019616678756705166,74.0353876950571
14533,3466.37,11,6038,2010-04-08 12:13:00,2011-11-15 12:05:00,0.019600111475479225,74.05498780653258
14898,3464.45,14,2225,2009-12-03 16:40:00,2011-11-16 14:54:00,0.019589255100068374,74.07457706163265
14837,3460.32,9,3030,2010-01-24 10:20:00,2011-09-11 10:58:00,0.019565902584210655,74.09414296421686
16360,3450.41,6,2110,2011-09-12 13:50:00,2011-12-05 12:16:00,0.019509867854876507,74.11365283207174
13313,3445.32,12,2308,2009-12-02 16:18:00,2011-11-17 16:48:00,0.019481087151313362,74.13313391922306
13536,3444.39,7,2126,2011-09-25 13:30:00,2011-12-08 16:38:00,0.019475828594473728,74.15260974781754
16347,3442.96,11,1715,2010-03-12 12:41:00,2011-11-28 13:14:00,0.01946774285653752,74.17207749067407
15974,3442.15,7,2262,2011-02-24 10:10:00,2011-10-31 13:13:00,0.01946316282316107,74.19154065349723
16208,3440.45,10,1541,2010-02-24 14:24:00,2011-10-26 11:36:00,0.019453550407432706,74.21099420390466
17725,3439.08,11,2162,2011-03-17 19:47:00,2011-11-23 16:34:00,0.019445803931228085,74.2304400078359
12609,3435.86,9,1553,2009-12-20 13:30:00,2011-09-22 16:34:00,0.019427596884966133,74.24986760472086
15676,3435.76,3,2252,2011-03-01 10:19:00,2011-11-21 12:40:00,0.019427031448746822,74.2692946361696
16045,3434.9300000000003,8,2108,2010-07-29 12:50:00,2011-08-12 12:41:00,0.019422338328126506,74.28871697449773
17913,3429.29,14,1725,2009-12-03 13:02:00,2011-10-12 10:45:00,0.01939044772535712,74.30810742222309
12377,3426.32,4,2105,2010-04-29 15:34:00,2011-01-28 15:45:00,0.019373654269643457,74.32748107649273
17876,3424.02,3,1958,2010-02-02 13:00:00,2010-11-05 10:52:00,0.019360649236599206,74.34684172572933
16281,3424.02,3,1570,2010-01-26 13:41:00,2011-09-28 14:57:00,0.019360649236599206,74.36620237496594
15373,3418.84,17,768,2010-05-02 11:57:00,2011-12-01 15:05:00,0.019331359640438677,74.38553373460637
14217,3416.89,23,1256,2010-06-30 12:54:00,2011-12-08 11:53:00,0.019320333634162024,74.40485406824052
14215,3416.33,9,2285,2009-12-08 09:35:00,2011-11-28 12:19:00,0.019317167191333858,74.42417123543186
14673,3410.81,7,2035,2010-10-26 10:14:00,2011-12-06 14:31:00,0.019285955112027655,74.44345719054388
13437,3408.06,7,1283,2011-06-02 14:30:00,2011-11-25 14:00:00,0.019270405615996487,74.46272759615988
13823,3403.4500000000003,7,1564,2009-12-15 14:34:00,2011-11-21 10:22:00,0.019244339006286054,74.48197193516617
17931,3402.24,14,1919,2010-02-16 15:47:00,2011-07-28 18:33:00,0.019237497228032335,74.5012094323942
15114,3400.12,12,3532,2010-10-14 16:44:00,2011-11-09 15:05:00,0.01922550998018285,74.5204349423744
16271,3397.82,10,2359,2010-03-07 12:03:00,2011-12-07 12:45:00,0.019212504947138602,74.53964744732153
13425,3390.4300000000003,5,2358,2010-05-09 14:35:00,2011-08-23 17:13:00,0.019170719210531203,74.55881816653206
15058,3387.58,16,1645,2010-02-24 14:07:00,2011-11-14 14:57:00,0.019154604278280717,74.57797277081035
15356,3382.69,13,1967,2010-10-13 13:12:00,2011-11-08 13:11:00,0.0191269544471562,74.59709972525751
13979,3379.93,7,2270,2009-12-03 10:02:00,2011-09-27 13:32:00,0.019111348407503094,74.61621107366501
17723,3378.4000000000005,7,912,2010-11-29 10:35:00,2011-08-04 18:37:00,0.019102697233347576,74.63531377089836
15916,3377.69,13,1683,2009-12-10 16:21:00,2011-11-23 13:46:00,0.019098682636190432,74.65441245353455
13135,3371.45,2,4423,2010-08-05 17:28:00,2011-05-27 10:52:00,0.01906339941610516,74.67347585295066
12838,3366.7,10,1834,2010-04-26 09:59:00,2011-11-06 12:20:00,0.019036541195687682,74.69251239414635
13707,3365.86,5,2210,2010-06-21 11:57:00,2011-03-17 18:03:00,0.019031791531445436,74.7115441856778
13285,3364.59,6,2457,2010-03-25 14:26:00,2011-11-16 13:19:00,0.01902461049146013,74.73056879616925
15538,3358.3999999999996,6,1016,2010-02-14 12:38:00,2010-06-20 10:49:00,0.018989609989484513,74.74955840615874
13786,3358.39,6,1651,2009-12-03 15:32:00,2010-12-07 13:53:00,0.018989553445862582,74.7685479596046
14608,3352.94,11,927,2009-12-06 12:34:00,2011-12-05 16:52:00,0.0189587371719099,74.78750669677652
13246,3351.75,11,2796,2010-07-02 13:36:00,2011-11-21 16:50:00,0.01895200848090005,74.80645870525741
16818,3349.57,11,2164,2011-05-18 11:42:00,2011-11-29 10:41:00,0.018939681971318977,74.82539838722873
17183,3347.31,6,1296,2011-08-26 15:25:00,2011-12-02 10:07:00,0.01892690311276245,74.84432529034149
15265,3345.64,4,1570,2009-12-01 17:08:00,2011-07-11 14:46:00,0.018917460327899885,74.86324275066939
12424,3340.03,4,2025,2010-06-09 15:15:00,2011-06-30 12:06:00,0.018885739355996297,74.88212849002538
13848,3335.0,8,10200,2009-12-09 16:17:00,2011-09-08 12:58:00,0.01885729791416474,74.90098578793955
14344,3333.7000000000003,20,1669,2010-03-23 15:47:00,2011-08-04 13:51:00,0.01884994724331364,74.91983573518286
16351,3330.0299999999997,13,2165,2009-12-04 16:12:00,2011-01-11 10:26:00,0.01882919573406477,74.93866493091693
15065,3326.86,5,1446,2010-10-25 09:13:00,2011-11-02 09:45:00,0.018811271405912475,74.95747620232284
12865,3323.47,4,1973,2010-08-20 12:20:00,2011-11-13 14:31:00,0.018792103118077687,74.97626830544091
13431,3316.24,8,1570,2010-02-18 11:53:00,2011-10-03 13:49:00,0.01875122207942119,74.99501952752033
13824,3314.76,12,1442,2010-03-12 15:17:00,2011-11-07 12:41:00,0.018742853623375327,75.0137623811437
13131,3313.77,7,1523,2010-02-09 09:47:00,2011-11-16 13:21:00,0.018737255804804103,75.03249963694851
16365,3307.2,15,1135,2009-12-11 12:41:00,2011-11-22 11:24:00,0.01870010664519509,75.05119974359371
13611,3297.9300000000003,10,1988,2009-12-03 07:57:00,2011-09-11 14:51:00,0.018647690707664567,75.06984743430138
13031,3292.84,5,2309,2010-06-03 14:57:00,2010-10-28 15:34:00,0.018618910004101416,75.08846634430549
17768,3292.73,7,2339,2009-12-02 12:26:00,2011-12-01 13:22:00,0.01861828802426017,75.10708463232974
13650,3288.0,10,1746,2010-01-26 08:44:00,2011-11-23 12:22:00,0.018591542891086554,75.12567617522083
15632,3285.31,8,2109,2011-03-10 08:29:00,2011-11-24 09:51:00,0.018576332656786973,75.14425250787762
14285,3284.42,8,954,2009-12-08 14:13:00,2011-11-18 14:50:00,0.018571300274435067,75.16282380815205
18188,3280.59,6,1888,2010-03-26 11:37:00,2011-11-24 16:46:00,0.018549644067235294,75.18137345221929
14161,3280.08,7,1608,2009-12-13 11:46:00,2011-05-08 11:41:00,0.018546760342516785,75.1999202125618
15978,3279.42,3,2444,2010-03-05 14:39:00,2011-09-23 15:21:00,0.018543028463469304,75.21846324102528
17774,3273.83,9,1585,2010-02-08 16:06:00,2011-09-04 12:49:00,0.01851142057880958,75.23697466160408
13291,3270.79,11,1600,2010-02-11 18:36:00,2011-07-07 10:36:00,0.018494231317742395,75.25546889292183
16067,3269.11,3,1236,2010-02-02 18:01:00,2010-05-26 12:33:00,0.0184847319892579,75.27395362491109
14293,3267.9300000000003,9,1730,2009-12-10 10:57:00,2011-12-06 15:17:00,0.018478059841869978,75.29243168475296
13214,3264.23,7,2966,2010-03-03 14:10:00,2010-10-18 10:00:00,0.01845713870175531,75.3108888234547
14064,3260.24,15,3911,2010-01-21 13:22:00,2011-11-10 13:14:00,0.01843457779660463,75.32932340125132
14451,3258.68,12,1737,2010-01-17 10:35:00,2011-10-10 13:38:00,0.018425756991583313,75.3477491582429
15057,3255.96,5,1394,2009-12-05 15:27:00,2011-03-09 15:17:00,0.018410377126417937,75.36615953536932
12770,3246.45,2,1843,2010-09-09 11:43:00,2011-05-13 09:33:00,0.018356604141961053,75.38451613951128
16612,3245.43,9,1419,2009-12-03 15:54:00,2011-11-07 07:38:00,0.01835083669252404,75.4028669762038
15140,3243.69,8,2010,2010-09-23 13:07:00,2011-10-18 14:07:00,0.01834099810230795,75.4212079743061
17353,3242.0,4,2168,2010-03-25 12:52:00,2011-08-02 17:19:00,0.018331442230201524,75.4395394165363
15625,3236.4,9,3020,2010-06-15 15:23:00,2011-08-28 10:21:00,0.01829977780191987,75.45783919433822
15602,3230.51,16,2349,2009-12-02 09:35:00,2011-12-01 14:14:00,0.018266473608602198,75.47610566794683
16101,3229.16,4,1844,2010-05-27 12:50:00,2011-09-30 10:18:00,0.01825884021964144,75.49436450816647
14506,3217.25,7,1042,2010-04-19 08:27:00,2011-11-22 13:02:00,0.01819149676592099,75.51255600493239
14669,3216.78,7,2043,2009-12-02 13:06:00,2011-04-12 11:43:00,0.01818883921569021,75.53074484414809
14507,3216.7400000000002,11,1491,2009-12-10 17:04:00,2011-11-16 12:21:00,0.018188613041202485,75.54893345718929
12951,3213.7200000000003,15,1662,2010-01-10 12:43:00,2011-12-01 12:14:00,0.018171536867379164,75.56710499405668
16918,3206.54,16,2066,2009-12-03 12:27:00,2011-10-21 12:50:00,0.018130938546832325,75.58523593260351
16107,3204.1600000000003,7,1176,2011-06-09 18:42:00,2011-11-22 09:40:00,0.018117481164812623,75.60335341376832
17147,3199.95,9,1308,2010-01-11 09:38:00,2011-11-17 12:32:00,0.018093676299979447,75.6214470900683
14315,3197.82,8,1344,2010-03-15 12:49:00,2011-10-26 12:06:00,0.01808163250850803,75.63952872257681
15027,3195.6,10,2782,2010-03-25 14:39:00,2011-11-09 10:16:00,0.018069079824439234,75.65759780240126
13868,3192.54,2,1964,2011-11-01 12:45:00,2011-12-02 16:32:00,0.018051777476128184,75.67564957987739
13397,3191.87,10,1336,2010-01-20 09:50:00,2011-09-28 10:56:00,0.018047989053458773,75.69369756893084
12456,3181.04,3,1633,2011-03-30 09:12:00,2011-10-26 14:41:00,0.017986752310906927,75.71168432124175
16515,3179.06,10,1573,2010-06-17 12:17:00,2011-10-18 13:10:00,0.017975556673764485,75.72965987791551
17228,3175.98,13,2565,2010-03-12 11:54:00,2011-11-24 10:24:00,0.017958141238209574,75.74761801915372
17621,3175.12,6,1110,2010-10-04 09:37:00,2011-11-18 17:11:00,0.017953278486723463,75.76557129764045
13268,3174.75,11,3624,2011-03-17 13:20:00,2011-11-22 11:51:00,0.017951186372711994,75.78352248401316
16059,3171.82,12,1482,2010-05-19 13:04:00,2011-10-05 09:56:00,0.01793461909148606,75.80145710310465
16837,3170.98,11,1563,2011-04-08 08:48:00,2011-11-08 14:27:00,0.017929869427243807,75.8193869725319
17640,3168.94,6,1692,2010-03-23 09:15:00,2011-09-14 09:13:00,0.01791833452836978,75.83730530706028
16041,3166.4,3,1584,2011-07-21 16:27:00,2011-11-09 12:25:00,0.017903972448399173,75.85520927950867
13804,3161.12,9,1797,2010-09-29 10:26:00,2011-11-09 12:32:00,0.01787411741601932,75.87308339692468
12976,3156.38,8,2684,2010-02-12 15:46:00,2011-05-12 09:55:00,0.01784731573922378,75.8909307126639
16584,3156.17,5,1913,2010-02-16 10:41:00,2011-09-20 13:45:00,0.017846128323163218,75.90877684098706
14748,3152.32,10,2752,2010-03-04 17:08:00,2011-11-10 18:33:00,0.017824359028719577,75.92660120001578
14306,3151.4,6,2065,2010-01-31 13:42:00,2011-10-19 13:23:00,0.01781915701550188,75.94442035703128
15614,3147.36,4,1632,2010-03-23 11:13:00,2010-09-28 10:46:00,0.01779631339224154,75.96221667042352
17702,3144.04,6,2153,2010-11-04 12:09:00,2011-11-09 16:03:00,0.017777540909760272,75.97999421133328
15095,3141.64,10,2233,2010-01-21 09:37:00,2011-08-28 12:01:00,0.017763970440496706,75.99775818177378
14897,3140.54,8,1162,2009-12-15 17:05:00,2011-12-02 10:32:00,0.01775775064208424,76.01551593241587
17354,3133.96,4,2531,2010-10-07 13:22:00,2011-10-20 10:34:00,0.01772054493885329,76.03323647735472
15596,3130.04,9,1376,2010-07-28 11:46:00,2011-08-31 10:55:00,0.01769837983905613,76.05093485719378
14963,3123.57,12,2287,2010-07-02 12:43:00,2011-11-30 12:16:00,0.01766179611566643,76.06859665330944
15199,3122.4,10,894,2010-05-13 10:14:00,2011-10-11 15:12:00,0.017655180511900445,76.08625183382134
17145,3120.91,4,2591,2010-02-19 12:07:00,2010-07-15 09:02:00,0.017646755512232645,76.10389858933357
13685,3119.44,7,5056,2011-10-10 12:59:00,2011-12-07 11:41:00,0.017638443599808713,76.12153703293338
13052,3119.33,7,1424,2010-02-23 12:31:00,2011-05-11 14:12:00,0.017637821619967464,76.13917485455335
13692,3114.4,5,2101,2010-10-15 13:28:00,2011-11-15 11:17:00,0.01760994561435522,76.1567848001677
14978,3112.19,10,736,2010-04-28 10:50:00,2011-09-28 13:07:00,0.017597449473908355,76.17438224964161
16678,3109.99,12,2397,2011-03-02 09:24:00,2011-12-07 12:17:00,0.01758500987708342,76.19196725951869
13742,3107.87,12,1115,2011-01-23 14:59:00,2011-11-23 11:07:00,0.017573022629233933,76.20954028214793
15353,3106.12,7,1522,2009-12-02 11:33:00,2011-03-30 12:15:00,0.017563127495395917,76.22710340964332
12909,3103.19,8,1948,2010-02-24 12:14:00,2011-10-31 12:43:00,0.01754656021416998,76.24464996985749
13538,3103.13,12,959,2010-02-02 12:47:00,2011-10-27 16:34:00,0.017546220952438386,76.26219619080993
15031,3102.94,14,1576,2009-12-08 13:38:00,2011-12-05 14:19:00,0.01754514662362169,76.27974133743355
15491,3100.09,6,1646,2011-04-18 10:04:00,2011-09-05 15:56:00,0.017529031691371204,76.29727036912492
13772,3100.02,8,1446,2010-02-23 13:55:00,2011-11-06 11:43:00,0.017528635886017684,76.31479900501094
16933,3099.3,9,1533,2009-12-09 15:03:00,2011-12-08 12:54:00,0.017524564745238613,76.33232356975618
13464,3097.64,6,1440,2010-03-31 15:22:00,2011-10-12 15:01:00,0.017515178503997978,76.34983874826018
12937,3097.61,9,1983,2009-12-03 15:43:00,2011-11-24 15:05:00,0.017515008873132187,76.36735375713332
15105,3094.91,9,1747,2010-03-23 12:18:00,2011-11-21 16:54:00,0.01749974209521067,76.38485349922853
17530,3092.33,12,1935,2009-12-06 16:17:00,2011-12-08 18:42:00,0.01748515384075234,76.40233865306928
14312,3090.29,11,1904,2010-07-23 15:05:00,2011-10-24 09:46:00,0.017473618941878304,76.41981227201116
17552,3085.29,12,2095,2010-03-22 09:19:00,2011-10-10 17:00:00,0.01744534713091254,76.43725761914207
12511,3084.02,1,1753,2010-10-07 10:39:00,2010-10-07 10:39:00,0.01743816609092724,76.454695785233
17929,3082.1,12,434,2009-12-09 11:40:00,2011-11-28 16:01:00,0.017427309715516384,76.47212309494851
17090,3080.1800000000003,13,1344,2010-07-19 16:02:00,2011-12-05 13:44:00,0.017416453340105532,76.48953954828862
17870,3079.69,13,1827,2010-11-23 11:39:00,2011-12-07 15:07:00,0.017413682702630887,76.50695323099124
14044,3077.7,10,2100,2010-01-24 15:14:00,2011-11-13 12:05:00,0.017402430521866512,76.52435566151311
14700,3076.06,5,1606,2010-08-11 12:19:00,2011-11-07 14:40:00,0.01739315736786974,76.54174881888098
12469,3070.54,2,2552,2010-06-21 10:30:00,2010-07-05 12:40:00,0.017361945288563538,76.55911076416955
13631,3070.42,11,467,2011-03-17 17:13:00,2011-09-01 09:57:00,0.01736126676510036,76.57647203093465
14038,3069.88,5,1708,2010-02-04 08:56:00,2011-09-22 13:37:00,0.017358213409516057,76.59383024434418
13196,3068.84,7,2006,2010-04-01 12:54:00,2011-11-28 13:54:00,0.017352332872835177,76.61118257721701
16400,3059.85,9,2066,2009-12-08 12:38:00,2011-09-06 12:27:00,0.017301500156718733,76.62848407737373
13077,3054.37,11,2771,2009-12-11 11:17:00,2011-12-08 19:24:00,0.017270514251900255,76.64575459162563
16007,3053.06,7,2631,2010-06-14 13:18:00,2011-10-23 11:05:00,0.017263107037427228,76.66301769866305
16775,3052.7400000000002,16,1019,2010-09-23 17:34:00,2011-11-29 15:22:00,0.017261297641525418,76.68027899630458
15241,3050.16,11,3328,2010-02-23 13:59:00,2011-10-04 09:05:00,0.017246709387067082,76.69752570569165
16560,3048.38,8,1603,2009-12-08 12:05:00,2011-11-13 10:35:00,0.01723664462236327,76.714762350314
14916,3042.95,8,2415,2010-04-01 10:57:00,2011-09-30 09:20:00,0.01720594143565445,76.73196829174965
12849,3042.47,6,1855,2010-04-27 13:44:00,2011-11-08 13:41:00,0.017203227341801738,76.74917151909145
13647,3041.68,8,1795,2010-04-15 12:55:00,2011-11-30 12:00:00,0.017198760395669144,76.76637027948712
15754,3037.61,9,1762,2010-02-22 13:31:00,2011-10-19 14:40:00,0.017175747141543015,76.78354602662866
13557,3032.26,13,2398,2009-12-08 17:41:00,2011-11-11 15:24:00,0.017145496303809647,76.80069152293247
17884,3020.99,20,2984,2009-12-04 16:23:00,2011-12-06 11:33:00,0.017081771641892812,76.81777329457437
13485,3019.2200000000003,11,1798,2009-12-03 13:46:00,2011-04-20 13:58:00,0.017071763420810935,76.83484505799518
14456,3017.28,9,2885,2011-07-20 13:06:00,2011-12-04 13:59:00,0.01706079395815622,76.85190585195333
15716,3014.66,11,1808,2009-12-07 12:42:00,2011-07-17 11:59:00,0.017045979529210154,76.86895183148255
13963,3011.87,17,2061,2010-04-21 16:20:00,2011-02-04 14:43:00,0.01703020385869126,76.88598203534124
12754,3010.74,3,6481,2011-02-04 10:31:00,2011-04-18 09:00:00,0.017023814429412996,76.90300584977065
14621,3000.57,9,1706,2010-01-25 09:08:00,2011-12-08 16:22:00,0.01696630956590863,76.91997215933655
13635,2999.16,4,1884,2009-12-01 09:46:00,2011-10-03 10:55:00,0.016958336915216286,76.93693049625176
15810,2999.04,8,1653,2010-02-04 18:18:00,2011-09-22 09:38:00,0.01695765839175311,76.95388815464351
15182,2998.952,11,1186,2010-02-21 12:03:00,2011-07-08 13:37:00,0.016957160807880112,76.97084531545138
15611,2997.28,26,747,2010-01-25 14:50:00,2011-11-30 12:36:00,0.016947706714293163,76.98779302216568
12457,2995.91,8,1094,2010-09-30 17:59:00,2011-10-04 13:13:00,0.01693996023808854,77.00473298240377
17961,2994.29,100,1536,2009-12-01 14:48:00,2011-11-18 16:55:00,0.016930800171335633,77.0216637825751
14590,2993.37,20,901,2009-12-07 14:10:00,2010-10-11 12:06:00,0.016925598158117932,77.03858938073323
15687,2993.1,9,1310,2011-01-13 15:13:00,2011-12-01 08:33:00,0.01692407148032578,77.05551345221356
15681,2989.7,14,1392,2010-05-24 14:18:00,2011-11-14 16:30:00,0.01690484664886906,77.07241829886243
12374,2989.2200000000003,4,1362,2010-04-30 14:01:00,2011-11-14 15:37:00,0.01690213255501635,77.08932043141745
18241,2986.9900000000002,21,1471,2010-04-01 11:55:00,2011-11-30 12:10:00,0.016889523327325618,77.10620995474477
14226,2985.13,6,1714,2010-09-24 14:32:00,2011-11-11 11:34:00,0.016879006213646353,77.12308896095841
17032,2984.32,8,1667,2009-12-10 15:36:00,2010-06-10 12:16:00,0.0168744261802699,77.13996338713868
16012,2978.59,5,1760,2010-06-28 11:39:00,2011-11-04 13:25:00,0.016842026684903134,77.15680541382358
17692,2975.8,12,2338,2010-06-17 11:14:00,2011-08-04 14:01:00,0.016826251014384237,77.17363166483796
12854,2970.9700000000003,7,1630,2009-12-11 12:55:00,2011-09-22 12:15:00,0.01679894044499131,77.19043060528294
16120,2967.51,6,2161,2010-10-13 15:07:00,2011-10-11 14:22:00,0.016779376351803002,77.20720998163475
15967,2966.0,12,1183,2009-12-01 13:29:00,2011-11-16 15:41:00,0.01677083826489134,77.22398081989964
15329,2958.83,11,1217,2009-12-14 12:18:00,2011-10-31 15:36:00,0.016730296487966433,77.2407111163876
16416,2957.88,9,2198,2010-02-23 12:00:00,2011-11-13 12:50:00,0.016724924843882938,77.25743604123149
13012,2957.83,11,1559,2010-04-26 14:14:00,2011-11-30 13:05:00,0.01672464212577328,77.27416068335727
13110,2957.4700000000003,12,763,2009-12-01 14:14:00,2011-11-08 14:30:00,0.016722606555383747,77.29088328991266
16736,2956.56,5,1050,2009-12-03 16:12:00,2010-07-22 10:09:00,0.016717461085787977,77.30760075099845
12826,2955.75,12,1995,2009-12-18 10:43:00,2011-12-07 10:25:00,0.016712881052411522,77.32431363205086
14867,2952.06,16,996,2009-12-05 15:47:00,2011-06-07 11:39:00,0.016692016455918786,77.34100564850678
13253,2951.11,4,3015,2010-01-05 12:13:00,2011-07-06 10:09:00,0.016686644811835294,77.35769229331862
12877,2942.14,20,2237,2010-01-18 10:23:00,2011-12-06 10:30:00,0.016635925182962714,77.37432821850159
15757,2940.36,6,1757,2010-06-10 13:47:00,2011-10-05 12:14:00,0.016625860418258902,77.39095407891985
17444,2940.04,3,2119,2011-06-20 09:04:00,2011-07-15 12:05:00,0.016624051022357093,77.40757812994221
17588,2939.55,7,1379,2010-03-12 12:34:00,2011-08-31 13:37:00,0.016621280384882448,77.42419941032709
14544,2938.53,3,2412,2010-08-26 16:00:00,2011-11-15 15:06:00,0.016615512935445432,77.44081492326254
15235,2937.81,16,1735,2010-11-16 12:48:00,2011-05-06 09:44:00,0.01661144179466636,77.4574263650572
12635,2930.41,4,1949,2010-09-09 10:50:00,2011-09-11 11:04:00,0.01656959951443703,77.47399596457164
15312,2930.19,12,1693,2009-12-16 09:23:00,2011-09-25 13:10:00,0.016568355554754534,77.4905643201264
15965,2928.13,13,1387,2009-12-03 11:45:00,2011-11-22 16:44:00,0.01655670756863664,77.50712102769504
13890,2927.38,14,1392,2009-12-06 15:15:00,2011-12-08 15:36:00,0.016552466796991776,77.52367349449203
12906,2919.81,5,1749,2011-09-22 15:03:00,2011-11-28 09:55:00,0.016509663275189608,77.54018315776722
16358,2919.65,5,2065,2010-11-10 11:36:00,2011-12-08 15:09:00,0.016508758577238703,77.55669191634446
13764,2919.62,6,2084,2010-03-07 12:56:00,2011-09-30 12:03:00,0.01650858894637291,77.57320050529084
15392,2911.62,7,2144,2010-10-04 12:50:00,2011-12-05 11:01:00,0.016463354048827688,77.58966385933967
13784,2910.23,14,2827,2010-09-15 12:27:00,2011-11-30 09:33:00,0.016455494485379203,77.60611935382505
14524,2909.86,13,1169,2010-10-19 11:44:00,2011-11-08 12:29:00,0.016453402371367738,77.62257275619642
12438,2906.85,2,1180,2011-07-22 13:29:00,2011-11-25 13:28:00,0.01643638274116635,77.63900913893758
13455,2905.93,6,985,2009-12-09 08:58:00,2011-11-15 11:21:00,0.016431180727948646,77.65544031966553
14233,2904.27,7,1261,2010-03-05 16:35:00,2011-10-21 15:54:00,0.016421794486708014,77.67186211415223
16383,2896.69,7,1596,2010-02-04 13:18:00,2011-09-26 12:45:00,0.016378934421283915,77.68824104857352
17320,2895.77,6,1392,2010-01-21 16:29:00,2011-08-31 13:31:00,0.016373732408066215,77.70461478098159
15100,2894.7,7,334,2010-01-07 14:33:00,2011-01-10 10:35:00,0.01636768224051954,77.7209824632221
17242,2889.28,5,1459,2010-01-24 10:27:00,2011-08-23 14:55:00,0.016337035597432655,77.73731949881953
13501,2885.11,3,1253,2010-05-18 13:24:00,2011-02-24 18:59:00,0.016313456907087204,77.75363295572662
16633,2883.1,6,1138,2011-04-19 14:36:00,2011-11-22 13:41:00,0.016302091639078968,77.76993504736569
14251,2879.7000000000003,5,1674,2011-10-13 12:46:00,2011-12-08 08:32:00,0.01628286680762225,77.78621791417332
12806,2878.96,4,2087,2010-04-30 10:44:00,2010-09-30 13:34:00,0.016278682579599316,77.80249659675292
18170,2878.0,9,1184,2010-01-08 14:10:00,2011-11-06 14:35:00,0.01627325439189389,77.81876985114481
14005,2874.72,5,2478,2011-05-08 10:33:00,2011-11-30 12:41:00,0.016254708083900345,77.83502455922871
15043,2870.3199999999997,6,1019,2010-06-24 15:50:00,2011-11-08 14:26:00,0.016229828890250472,77.85125438811896
16467,2869.16,7,7384,2009-12-02 11:59:00,2010-07-19 11:49:00,0.016223269830106416,77.86747765794907
16711,2868.48,9,1212,2009-12-02 13:22:00,2011-12-06 16:32:00,0.016219424863815075,77.88369708281289
16229,2867.86,6,1292,2010-05-24 12:59:00,2011-09-13 17:16:00,0.01621591915925532,77.89991300197214
15862,2866.52,13,1644,2009-12-17 11:33:00,2011-12-01 13:28:00,0.016208342313916494,77.91612134428605
16086,2864.9900000000002,10,1526,2009-12-02 13:20:00,2011-10-11 13:09:00,0.016199691139760972,77.93232103542582
14758,2864.97,7,840,2010-04-08 08:27:00,2011-07-18 08:21:00,0.016199578052517108,77.94852061347834
16755,2864.68,7,1985,2009-12-09 14:25:00,2011-08-17 13:21:00,0.016197938287481093,77.96471855176581
16062,2863.45,8,2035,2010-06-21 13:32:00,2011-11-30 12:15:00,0.016190983421983517,77.98090953518779
12685,2863.08,6,1523,2011-09-07 10:28:00,2011-11-11 13:46:00,0.016188891307972048,77.99709842649577
14875,2862.4,3,1332,2010-09-24 10:28:00,2011-08-24 12:20:00,0.016185046341680706,78.01328347283744
16979,2859.74,9,1451,2010-09-15 14:30:00,2011-12-06 12:21:00,0.016170005738246916,78.02945347857569
15563,2859.46,7,3005,2010-01-28 11:36:00,2011-11-17 14:50:00,0.016168422516832835,78.04562190109252
16225,2859.31,15,1281,2010-02-07 12:41:00,2011-10-26 08:30:00,0.01616757436250386,78.06178947545502
13728,2855.17,16,1269,2009-12-09 17:13:00,2011-11-03 10:49:00,0.01614416530302421,78.07793364075803
14404,2853.36,13,1633,2009-12-20 14:40:00,2011-11-06 12:30:00,0.016133930907454602,78.09406757166549
12352,2849.84,10,724,2010-11-12 10:20:00,2011-11-03 14:37:00,0.016114027552534705,78.11018159921802
14935,2849.83,2,1931,2010-03-30 11:48:00,2011-02-15 14:44:00,0.01611397100891277,78.12629557022693
16163,2849.58,6,768,2009-12-02 10:00:00,2011-04-21 15:15:00,0.016112557418364485,78.1424081276453
12676,2843.09,11,1867,2010-08-13 13:29:00,2011-11-15 12:25:00,0.016075860607730925,78.15848398825302
16554,2841.72,8,1346,2009-12-15 09:42:00,2011-10-28 14:51:00,0.0160681141315263,78.17455210238455
14711,2839.62,11,966,2011-03-22 13:32:00,2011-11-29 14:58:00,0.01605623997092068,78.19060834235547
14842,2824.69,4,1166,2011-02-04 15:32:00,2011-10-27 12:37:00,0.01597182034337691,78.20658016269886
15797,2821.08,6,1281,2010-01-27 13:12:00,2011-08-18 17:04:00,0.015951408095859626,78.22253157079471
13477,2819.17,11,2091,2010-01-25 11:52:00,2011-11-02 12:04:00,0.015940608264070705,78.23847217905879
13032,2815.96,9,1274,2010-09-05 14:01:00,2011-10-18 15:54:00,0.015922457761430687,78.25439463682022
15660,2812.99,15,1893,2010-02-05 16:01:00,2011-11-14 16:58:00,0.01590566430571702,78.27030030112594
17386,2812.77,7,1955,2010-11-19 13:40:00,2011-12-02 11:28:00,0.01590442034603453,78.28620472147198
16871,2812.34,6,1253,2011-03-14 10:31:00,2011-11-17 19:27:00,0.015901988970291474,78.30210671044226
16817,2804.9,13,1565,2010-10-04 09:06:00,2011-12-07 11:03:00,0.015859920515574416,78.31796663095784
17470,2804.87,11,2843,2010-07-19 16:16:00,2011-10-26 12:42:00,0.01585975088470862,78.33382638184256
13799,2803.57,9,1539,2010-03-05 16:39:00,2011-08-15 12:07:00,0.015852400213857525,78.34967878205642
13205,2803.2,1,256,2010-09-22 16:26:00,2010-09-22 16:26:00,0.015850308099846055,78.36552909015626
16742,2799.87,14,2558,2009-12-16 17:22:00,2011-10-24 12:02:00,0.015831479073742855,78.38136056923
13330,2796.1,6,1951,2010-02-23 10:12:00,2011-09-08 12:27:00,0.015810162128274668,78.39717073135827
14903,2795.33,5,1531,2011-03-06 11:50:00,2011-11-18 16:07:00,0.01580580826938594,78.41297653962766
14035,2794.75,9,1405,2010-04-06 12:39:00,2011-11-11 10:03:00,0.015802528739313912,78.42877906836698
12863,2792.5499999999997,6,895,2010-04-29 13:54:00,2011-10-18 14:15:00,0.015790089142488976,78.44456915750946
16764,2790.9500000000003,13,1253,2011-07-19 17:17:00,2011-12-06 11:41:00,0.015781042162979937,78.46035019967245
17284,2788.06,8,2069,2010-09-20 16:18:00,2011-10-10 14:38:00,0.015764701056241722,78.47611490072869
15073,2788.02,8,1410,2010-01-27 08:48:00,2011-11-30 10:44:00,0.015764474881753997,78.49187937561044
13719,2783.08,11,1588,2010-05-17 14:36:00,2011-11-24 15:26:00,0.01573654233251982,78.50761591794296
14121,2780.15,4,2082,2011-10-11 10:39:00,2011-12-06 12:19:00,0.015719975051293883,78.52333589299425
17790,2779.41,20,1387,2010-06-13 13:30:00,2011-11-13 11:30:00,0.015715790823270948,78.53905168381752
14869,2778.14,6,2130,2009-12-16 11:43:00,2011-12-01 12:36:00,0.015708609783285643,78.55476029360081
15993,2777.67,7,2037,2011-10-26 16:21:00,2011-12-01 10:45:00,0.015705952233054862,78.57046624583386
16104,2774.46,9,1047,2009-12-06 10:41:00,2011-10-09 10:23:00,0.015687801730414844,78.58615404756426
17031,2773.85,6,1595,2010-05-07 14:52:00,2011-11-28 10:23:00,0.01568435256947702,78.60183840013374
13695,2770.73,16,1791,2010-05-11 11:07:00,2011-11-08 14:26:00,0.015666710959434383,78.61750511109318
17720,2768.91,10,1613,2010-05-10 09:58:00,2011-11-13 15:04:00,0.015656420020242843,78.63316153111343
18210,2768.83,7,1499,2010-11-22 09:39:00,2011-12-08 11:02:00,0.015655967671267392,78.6488174987847
14696,2767.9,8,2151,2010-10-14 11:43:00,2011-12-05 13:43:00,0.01565070911442776,78.66446820789912
15817,2766.4,3,1596,2010-06-14 13:31:00,2010-10-15 11:07:00,0.01564222757113803,78.68011043547025
13813,2765.47,8,1292,2009-12-06 10:16:00,2011-10-31 10:38:00,0.015636969014298396,78.69574740448455
16407,2761.65,14,1448,2010-10-03 13:56:00,2011-11-27 11:05:00,0.015615369350720557,78.71136277383528
17115,2761.4900000000002,7,885,2009-12-05 12:13:00,2011-12-01 14:30:00,0.015614464652769652,78.72697723848805
17368,2758.29,14,2319,2009-12-15 17:45:00,2011-11-16 15:26:00,0.015596370693751561,78.7425736091818
17262,2757.62,11,709,2009-12-15 11:26:00,2011-10-18 12:56:00,0.015592582271082149,78.75816619145289
16335,2753.52,7,1004,2009-12-04 10:18:00,2010-06-06 11:35:00,0.015569399386090223,78.77373559083898
13736,2752.47,7,1549,2009-12-06 12:07:00,2011-12-04 15:19:00,0.01556346230578741,78.78929905314477
17490,2750.5,9,1531,2010-05-19 12:40:00,2011-12-09 09:08:00,0.0155523232122669,78.80485137635704
14665,2749.65,7,1144,2010-04-26 11:17:00,2011-10-10 09:14:00,0.015547517004402722,78.82039889336144
17676,2749.34,10,1922,2010-03-30 10:49:00,2011-12-05 15:16:00,0.015545764152122844,78.83594465751356
12982,2744.81,8,1729,2010-04-12 13:50:00,2011-04-11 11:51:00,0.01552014989138786,78.85146480740495
12669,2744.0299999999997,3,1115,2011-03-28 10:15:00,2011-07-12 09:54:00,0.0155157394888772,78.86698054689383
15841,2742.41,9,2391,2009-12-10 08:29:00,2011-09-28 12:15:00,0.015506579422124293,78.88248712631595
17241,2736.64,12,859,2010-02-15 14:47:00,2010-11-19 13:01:00,0.015473953752269802,78.89796108006821
15389,2733.8,5,3940,2010-01-27 12:44:00,2011-06-20 16:18:00,0.015457895363641248,78.91341897543185
15111,2730.87,5,1164,2010-04-26 13:12:00,2011-11-10 16:58:00,0.01544132808241531,78.92886030351427
12986,2729.84,10,1164,2010-01-21 10:45:00,2010-10-07 11:57:00,0.015435504089356364,78.94429580760362
12739,2726.73,4,951,2010-11-10 14:27:00,2011-09-22 13:00:00,0.015417919022935657,78.95971372662656
12391,2724.84,6,1204,2010-02-15 10:12:00,2011-11-18 12:07:00,0.015407232278390599,78.97512095890495
17591,2723.62,8,1152,2010-01-17 16:09:00,2011-09-27 13:42:00,0.015400333956514951,78.99052129286147
16190,2723.55,8,1231,2009-12-14 11:59:00,2011-10-30 15:59:00,0.015399938151161432,79.00592123101264
14125,2720.63,3,1628,2011-09-22 15:40:00,2011-11-29 12:47:00,0.015383427413557426,79.02130465842619
14808,2718.6,8,2120,2011-06-20 12:53:00,2011-10-31 12:21:00,0.015371949058305323,79.0366766074845
15985,2715.28,7,2750,2010-05-27 15:51:00,2011-08-08 16:31:00,0.015353176575824058,79.05202978406032
16232,2712.97,7,1849,2010-06-07 14:04:00,2011-10-27 12:16:00,0.015340114999157873,79.06736989905949
15021,2698.68,12,1169,2010-07-29 16:35:00,2011-12-01 11:53:00,0.01525931416341772,79.0826292132229
16359,2697.75,16,1764,2010-02-16 10:39:00,2011-12-02 17:04:00,0.015254055606578087,79.09788326882948
18173,2696.36,5,1730,2010-04-06 10:43:00,2011-09-14 11:26:00,0.015246196043129608,79.11312946487261
12725,2694.56,4,1306,2010-05-04 13:59:00,2010-12-03 15:45:00,0.01523601819118193,79.1283654830638
12820,2689.52,11,1964,2009-12-05 13:37:00,2011-12-06 15:12:00,0.01520752020572844,79.14357300326954
17388,2675.37,11,2555,2009-12-10 11:45:00,2011-09-23 10:31:00,0.015127510980695327,79.15870051425023
16434,2673.69,12,1310,2010-01-17 14:51:00,2011-11-10 14:28:00,0.015118011652210831,79.17381852590243
14496,2668.23,7,991,2010-03-16 13:15:00,2011-02-01 09:01:00,0.015087138834636216,79.18890566473706
18283,2664.9,22,1679,2010-02-19 17:16:00,2011-12-06 12:02:00,0.015068309808533017,79.20397397454559
15910,2661.17,15,2158,2010-01-21 11:51:00,2011-12-09 10:51:00,0.015047219037552559,79.21902119358315
13473,2657.7599999999998,8,1000,2009-12-15 19:02:00,2011-10-10 11:20:00,0.015027937662473904,79.23404913124563
15671,2657.13,7,1699,2011-03-14 09:37:00,2011-11-21 12:43:00,0.01502437541429222,79.24907350665993
16369,2656.56,7,1589,2010-04-07 16:52:00,2011-11-21 16:25:00,0.015021152427842122,79.26409465908777
15157,2654.11,5,3466,2009-12-10 14:44:00,2011-12-06 11:28:00,0.015007299240468898,79.27910195832824
14756,2653.76,3,1423,2010-10-11 11:50:00,2011-11-24 18:13:00,0.015005320213701295,79.29410727854194
17744,2649.14,7,3826,2010-11-24 09:34:00,2011-12-06 12:11:00,0.014979197060368928,79.30908647560231
12516,2648.62,4,1952,2010-04-19 14:14:00,2011-09-23 09:13:00,0.014976256792028488,79.32406273239434
13203,2648.25,10,2413,2009-12-17 14:15:00,2011-11-30 10:45:00,0.014974164678017023,79.33903689707236
16618,2647.59,5,1363,2011-01-21 11:55:00,2011-11-08 13:52:00,0.014970432798969542,79.35400732987134
13117,2643.81,18,2067,2010-03-26 13:50:00,2011-11-18 12:02:00,0.014949059309879423,79.36895638918122
13819,2642.35,6,2309,2009-12-01 16:18:00,2011-02-11 10:38:00,0.01494080394107742,79.3838971931223
15814,2634.44,6,1728,2010-04-15 14:31:00,2011-11-23 08:17:00,0.014896077936129584,79.39879327105842
12520,2634.26,5,1439,2011-03-11 11:35:00,2011-09-21 15:23:00,0.014895060150934815,79.41368833120936
14410,2631.9,11,1369,2010-09-28 15:46:00,2011-09-08 15:08:00,0.014881715856158974,79.42857004706552
16276,2629.3900000000003,3,1467,2010-04-11 12:02:00,2011-06-16 09:34:00,0.014867523407054162,79.44343757047257
13422,2626.3,1,1326,2011-10-06 13:42:00,2011-10-06 13:42:00,0.01485005142787732,79.45828762190044
13644,2624.26,4,2067,2011-08-26 11:53:00,2011-11-23 14:07:00,0.014838516529003287,79.47312613842944
12671,2622.481,1,1460,2010-04-12 16:30:00,2010-04-12 16:30:00,0.014828457418661668,79.4879545958481
12423,2622.39,10,1793,2010-08-31 09:31:00,2011-12-09 10:10:00,0.01482794287170209,79.5027825387198
15142,2619.92,6,2155,2010-07-27 09:05:00,2011-10-24 12:51:00,0.014813976597085003,79.51759651531688
13211,2618.77,10,1845,2009-12-06 15:24:00,2011-11-29 14:43:00,0.014807474080562877,79.53240398939745
14262,2618.23,8,1645,2011-04-13 12:23:00,2011-12-01 14:17:00,0.014804420724978576,79.54720841012244
14195,2615.6,6,2144,2010-03-15 17:12:00,2011-05-22 10:29:00,0.01478954975241058,79.56199795987484
14431,2614.2,4,1202,2010-01-21 10:49:00,2011-02-10 10:40:00,0.014781633645340167,79.57677959352019
14397,2612.96,19,1890,2011-05-10 12:25:00,2011-12-07 09:22:00,0.014774622236220659,79.5915542157564
14564,2605.62,2,1295,2009-12-04 09:27:00,2010-10-01 09:02:00,0.014733119217722915,79.60628733497413
17317,2600.34,3,1146,2011-09-11 12:45:00,2011-10-24 17:19:00,0.014703264185343071,79.62099059915947
15826,2598.28,4,1824,2010-05-20 17:00:00,2011-10-14 16:05:00,0.014691616199225176,79.6356822153587
13700,2596.9700000000003,13,2786,2010-02-07 10:53:00,2011-11-13 13:00:00,0.014684208984752145,79.65036642434345
12412,2596.93,6,1997,2010-06-18 13:22:00,2011-09-26 10:16:00,0.014683982810264416,79.66505040715371
14163,2594.62,5,950,2010-09-03 17:15:00,2011-09-13 15:18:00,0.014670921233598234,79.67972132838732
14229,2594.04,7,934,2010-08-25 11:47:00,2011-10-19 10:04:00,0.014667641703526205,79.69438897009084
17043,2593.65,8,1616,2009-12-09 15:20:00,2011-11-07 15:33:00,0.014665436502270878,79.70905440659311
14129,2591.34,9,1414,2010-05-09 14:54:00,2011-12-08 11:02:00,0.014652374925604696,79.72370678151871
14147,2590.2,9,995,2010-03-09 13:43:00,2011-09-22 18:10:00,0.0146459289527045,79.73835271047142
16206,2589.87,13,1379,2010-01-24 15:25:00,2011-10-16 10:41:00,0.01464406301318076,79.7529967734846
15062,2585.62,8,1872,2010-04-08 15:41:00,2011-09-29 16:51:00,0.014620031973859858,79.76761680545846
12592,2582.66,5,1875,2010-07-08 14:06:00,2011-09-08 15:04:00,0.014603295061768126,79.78222010052023
16244,2579.38,2,1474,2010-12-02 11:41:00,2011-05-12 10:18:00,0.014584748753774588,79.79680484927401
16499,2578.34,8,1364,2010-06-11 12:22:00,2010-12-14 13:31:00,0.014578868217093708,79.81138371749111
17095,2572.25,7,1695,2009-12-15 12:32:00,2011-11-17 12:21:00,0.014544433151337407,79.82592815064245
17002,2571.55,7,1265,2010-03-08 15:46:00,2011-09-15 12:40:00,0.014540475097802201,79.84046862574026
13652,2570.85,5,1570,2010-02-25 17:37:00,2011-10-25 08:51:00,0.014536517044266992,79.85500514278452
15434,2567.06,11,1423,2010-01-24 15:35:00,2011-12-01 13:33:00,0.014515087011554944,79.86952022979608
13173,2565.76,11,1595,2009-12-10 12:52:00,2011-12-05 15:51:00,0.014507736340703846,79.88402796613678
14573,2565.12,13,809,2010-01-08 16:34:00,2011-06-13 11:15:00,0.014504117548900226,79.89853208368568
13192,2558.58,6,1629,2010-01-22 08:37:00,2011-09-05 14:13:00,0.014467138020157007,79.91299922170583
15033,2557.18,10,1672,2011-01-14 13:28:00,2011-12-05 12:40:00,0.014459221913086594,79.92745844361892
16036,2556.84,4,1369,2010-03-29 14:47:00,2011-09-13 14:53:00,0.014457299429940923,79.94191574304885
13862,2556.09,9,1927,2010-11-15 13:43:00,2011-11-21 16:24:00,0.014453058658296056,79.95636880170714
17787,2553.82,4,1252,2010-12-03 13:43:00,2011-07-10 11:24:00,0.014440223256117601,79.97080902496326
16115,2553.8,12,1589,2010-05-14 11:59:00,2011-11-30 11:32:00,0.014440110168873737,79.98524913513214
14745,2551.41,12,1969,2010-03-12 10:33:00,2011-08-19 10:05:00,0.0144265962432321,79.99967573137536
18179,2547.55,8,1811,2010-02-14 15:51:00,2011-11-30 16:23:00,0.014404770405166531,80.01408050178053
17465,2542.79,7,1477,2009-12-03 13:25:00,2010-10-10 11:56:00,0.014377855641127122,80.02845835742166
14548,2541.29,9,986,2009-12-06 14:00:00,2011-07-12 12:19:00,0.014369374097837395,80.0428277315195
15426,2538.92,9,1190,2010-05-02 15:10:00,2011-11-20 15:36:00,0.014355973259439622,80.05718370477894
17463,2535.26,7,1480,2010-04-29 17:57:00,2011-11-23 13:40:00,0.014335278293812684,80.07151898307275
13623,2533.06,10,1010,2009-12-02 13:57:00,2011-11-09 12:00:00,0.014322838696987746,80.08584182176973
14810,2531.92,13,1245,2010-10-06 13:12:00,2011-10-30 11:19:00,0.014316392724087553,80.10015821449382
15906,2530.19,10,749,2010-09-15 12:17:00,2011-11-20 12:24:00,0.014306610677493399,80.11446482517131
14659,2529.93,9,1195,2011-01-28 12:43:00,2011-12-01 12:17:00,0.014305140543323177,80.12876996571464
16889,2526.65,6,1611,2010-05-23 10:46:00,2011-05-29 11:05:00,0.01428659423532964,80.14305655994997
14790,2526.62,10,2642,2009-12-11 14:37:00,2011-11-23 09:28:00,0.014286424604463843,80.15734298455443
16987,2521.4,11,671,2009-12-02 14:34:00,2011-12-06 17:26:00,0.014256908833815585,80.17159989338825
13344,2511.69,3,952,2011-03-07 10:28:00,2011-10-03 09:45:00,0.01420200497692007,80.18580189836517
17897,2510.56,9,1015,2010-05-12 16:03:00,2011-06-20 11:23:00,0.014195615547641805,80.1999975139128
17101,2507.05,7,1175,2010-06-07 15:12:00,2011-11-29 13:57:00,0.014175768736343842,80.21417328264916
17550,2506.64,9,968,2010-02-07 15:07:00,2011-05-26 14:09:00,0.014173450447844647,80.228346733097
12978,2502.82,5,1394,2009-12-10 12:10:00,2010-11-19 14:29:00,0.014151850784266805,80.24249858388127
16202,2501.9900000000002,9,1307,2009-12-02 10:48:00,2010-12-14 10:43:00,0.014147157663646489,80.25664574154492
13471,2501.84,4,1583,2011-10-23 13:10:00,2011-12-08 15:44:00,0.014146309509317515,80.27079205105423
15747,2499.81,9,1344,2010-01-18 11:21:00,2011-11-27 12:26:00,0.014134831154065414,80.2849268822083
17594,2497.88,4,1368,2010-04-14 08:53:00,2011-09-15 16:34:00,0.014123918235032631,80.29905080044333
15932,2495.87,8,2325,2011-02-23 14:50:00,2011-12-05 17:13:00,0.014112552967024392,80.31316335341035
13414,2494.14,6,2702,2010-04-15 17:00:00,2011-07-29 11:45:00,0.014102770920430236,80.32726612433078
14541,2491.38,14,1123,2010-01-07 11:59:00,2011-10-12 10:08:00,0.014087164880777136,80.34135328921155
15227,2488.4900000000002,9,1217,2010-03-16 08:23:00,2011-11-03 11:59:00,0.014070823774038925,80.35542411298559
15117,2485.9700000000003,8,3093,2010-03-15 13:39:00,2011-11-25 08:12:00,0.01405657478131218,80.3694806877669
12517,2481.6,5,1361,2011-06-02 15:13:00,2011-11-11 14:04:00,0.0140318652185281,80.38351255298542
13507,2479.16,4,1597,2011-07-17 11:50:00,2011-12-06 13:13:00,0.014018068574776806,80.3975306215602
13588,2478.95,9,2606,2011-03-29 15:53:00,2011-11-24 10:42:00,0.014016881158716243,80.4115475027189
16795,2477.29,3,1453,2010-01-25 13:14:00,2010-12-09 14:08:00,0.014007494917475612,80.42555499763638
13134,2475.23,6,1364,2010-10-19 13:21:00,2011-09-15 10:35:00,0.013995846931357718,80.43955084456773
16520,2474.14,6,1262,2010-03-02 16:50:00,2011-06-06 13:24:00,0.013989683676567182,80.4535405282443
13762,2472.48,5,2608,2010-01-10 12:13:00,2011-05-05 09:15:00,0.013980297435326545,80.46752082567963
17732,2470.39,8,1151,2010-08-09 08:41:00,2010-12-02 09:29:00,0.013968479818342856,80.48148930549797
12924,2469.4,12,1423,2009-12-09 12:40:00,2011-09-12 13:55:00,0.013962881999771637,80.49545218749775
14421,2469.37,6,1342,2010-01-17 11:30:00,2011-10-13 13:24:00,0.013962712368905842,80.50941489986666
17288,2468.43,11,1699,2010-11-10 14:44:00,2011-11-30 16:09:00,0.013957397268444277,80.5233722971351
17164,2467.35,7,1501,2011-03-11 14:26:00,2011-11-07 09:14:00,0.013951290557275673,80.53732358769237
15221,2465.4500000000003,4,287,2010-03-12 10:40:00,2010-12-08 13:08:00,0.013940547269108684,80.55126413496149
13151,2465.21,3,813,2010-03-22 10:26:00,2011-02-17 12:29:00,0.013939190222182325,80.56520332518367
15860,2463.96,17,1331,2009-12-06 12:31:00,2011-10-30 11:25:00,0.013932122269440884,80.57913544745311
17131,2463.17,5,983,2011-09-25 12:42:00,2011-12-04 12:52:00,0.013927655323308294,80.59306310277643
14256,2460.79,5,1147,2010-01-14 10:35:00,2011-03-24 13:17:00,0.01391419794128859,80.60697730071772
17629,2455.52,10,1903,2010-10-14 13:35:00,2011-12-04 10:56:00,0.013884399452530673,80.62086170017025
16016,2446.42,11,1019,2010-11-02 13:27:00,2011-12-06 14:35:00,0.013832944756572983,80.63469464492682
12701,2446.41,6,1727,2010-03-16 13:23:00,2011-09-21 10:47:00,0.01383288821295105,80.64852753313977
13338,2445.62,4,1151,2010-01-05 12:25:00,2011-07-05 09:06:00,0.01382842126681846,80.66235595440659
17348,2442.29,9,2766,2010-03-10 12:13:00,2011-11-25 11:25:00,0.013809592240715261,80.67616554664731
14449,2441.2,8,1746,2010-09-29 13:15:00,2011-11-21 12:06:00,0.013803428985924723,80.68996897563324
18171,2437.31,9,991,2010-01-05 10:46:00,2011-10-12 09:13:00,0.01378143351699336,80.70375040915023
15623,2437.05,8,1087,2009-12-10 14:46:00,2011-07-21 17:26:00,0.013779963382823144,80.71753037253305
17505,2435.48,5,1242,2010-04-13 16:33:00,2011-07-01 12:50:00,0.013771086034179892,80.73130145856723
13085,2433.28,8,944,2009-12-01 07:45:00,2011-07-05 12:11:00,0.013758646437354957,80.74506010500458
13094,2433.1200000000003,13,2088,2010-11-15 14:15:00,2011-11-18 14:07:00,0.013757741739404052,80.75881784674398
16638,2430.53,15,1651,2010-08-18 13:33:00,2011-11-17 11:09:00,0.013743096941323786,80.7725609436853
14502,2429.83,11,1480,2011-01-30 15:52:00,2011-11-20 11:50:00,0.013739138887788578,80.78630008257309
15077,2428.08,2,528,2009-12-09 17:10:00,2010-08-02 11:13:00,0.013729243753950559,80.80002932632705
13949,2427.32,6,2474,2011-09-06 11:55:00,2011-12-07 09:35:00,0.013724946438683765,80.81375427276573
12733,2424.87,4,896,2010-01-19 13:23:00,2011-04-19 16:19:00,0.013711093251310539,80.82746536601705
15658,2423.4700000000003,8,691,2009-12-03 11:19:00,2011-06-02 15:22:00,0.013703177144240127,80.84116854316129
15215,2422.43,7,776,2010-04-06 11:21:00,2011-10-24 11:41:00,0.013697296607559245,80.85486583976885
15089,2420.84,6,1359,2011-08-03 14:14:00,2011-11-29 16:31:00,0.013688306171672136,80.86855414594052
15489,2419.61,8,1264,2010-01-15 16:58:00,2011-11-17 08:53:00,0.013681351306174558,80.8822354972467
13878,2416.9,4,927,2010-04-14 13:50:00,2011-10-16 12:19:00,0.013666027984631112,80.89590152523132
16040,2416.9,7,1185,2010-04-09 10:12:00,2011-10-05 13:47:00,0.013666027984631112,80.90956755321595
16470,2416.85,11,1335,2009-12-11 12:21:00,2011-10-19 12:11:00,0.013665745266521454,80.92323329848247
12802,2416.42,7,1972,2010-05-25 09:34:00,2011-06-06 09:36:00,0.013663313890778397,80.93689661237325
13118,2415.41,9,834,2010-09-26 15:46:00,2011-11-20 12:46:00,0.013657602984963314,80.95055421535821
14205,2414.2,9,1342,2010-03-07 12:20:00,2011-11-23 10:55:00,0.0136507612067096,80.96420497656491
17894,2411.35,18,977,2010-08-27 14:13:00,2011-09-29 09:23:00,0.013634646274459112,80.97783962283937
12397,2409.9,2,1263,2011-07-27 14:21:00,2011-11-04 09:52:00,0.013626447449279041,80.99146607028865
16833,2409.04,6,878,2010-03-26 15:31:00,2011-12-08 14:39:00,0.01362158469779293,81.00508765498644
17671,2403.34,5,1177,2010-11-29 11:53:00,2011-11-24 12:21:00,0.01358935483329196,81.01867700981973
15341,2402.7200000000003,2,1008,2010-09-16 16:41:00,2011-09-20 09:40:00,0.013585849128732206,81.03226285894846
15793,2399.57,8,1685,2009-12-01 12:54:00,2011-11-25 09:31:00,0.013568037887823773,81.04583089683628
12393,2399.4500000000003,6,1311,2010-10-07 13:49:00,2011-09-28 15:41:00,0.013567359364360595,81.05939825620064
14414,2399.33,8,2877,2010-11-30 10:12:00,2011-09-09 12:09:00,0.013566680840897415,81.07296493704153
16147,2398.91,5,1395,2010-02-05 12:26:00,2011-07-29 09:57:00,0.01356430600877629,81.08652924305031
17921,2394.36,10,991,2010-07-15 20:05:00,2011-10-06 18:56:00,0.013538578660797447,81.10006782171111
16812,2392.0,4,1116,2010-11-22 14:36:00,2010-12-14 12:35:00,0.013525234366021604,81.11359305607714
15366,2389.08,7,2447,2010-02-26 10:10:00,2011-09-25 15:01:00,0.0135087236284176,81.12710177970555
14443,2386.47,5,1520,2010-11-25 14:18:00,2011-10-17 10:10:00,0.013493965743093469,81.14059574544865
16105,2386.19,5,2125,2010-04-14 13:27:00,2011-04-05 10:13:00,0.013492382521679388,81.15408812797033
17905,2379.37,13,1370,2010-01-28 17:54:00,2011-09-29 17:33:00,0.013453819771522085,81.16754194774185
17827,2376.17,6,1582,2010-03-28 12:20:00,2011-12-04 15:00:00,0.013435725812503997,81.18097767355435
16883,2374.09,19,1070,2009-12-04 12:07:00,2011-06-05 12:51:00,0.01342396473914224,81.1944016382935
17434,2373.82,7,1693,2011-09-15 13:54:00,2011-12-07 13:16:00,0.013422438061350088,81.20782407635485
13908,2369.55,4,1478,2011-03-08 12:04:00,2011-09-21 11:49:00,0.013398293934785326,81.22122237028964
17623,2365.77,7,799,2009-12-14 14:36:00,2011-11-07 11:32:00,0.013376920445695207,81.23459929073533
16005,2365.4900000000002,10,1269,2010-09-15 13:21:00,2011-11-27 13:47:00,0.013375337224281124,81.24797462795961
14295,2362.91,5,1029,2009-12-08 09:49:00,2011-10-30 15:50:00,0.01336074896982279,81.26133537692942
16676,2361.9,6,927,2010-10-17 13:07:00,2011-11-06 12:01:00,0.013355038064007707,81.27469041499343
16065,2359.27,8,1435,2010-09-02 13:27:00,2010-12-09 13:03:00,0.013340167091439712,81.28803058208487
17634,2358.59,9,838,2011-01-06 12:45:00,2011-11-03 13:09:00,0.013336322125148369,81.30136690421001
15015,2354.97,13,1584,2009-12-14 14:46:00,2010-07-26 13:50:00,0.013315853334009154,81.31468275754402
17969,2354.29,20,1014,2009-12-06 13:53:00,2011-06-26 13:00:00,0.013312008367717811,81.32799476591174
16083,2351.42,4,1514,2010-11-16 11:53:00,2011-08-31 10:47:00,0.013295780348223464,81.34129054625997
16085,2341.03,12,1382,2010-01-20 14:03:00,2011-11-16 13:24:00,0.013237031525036608,81.354527577785
12704,2340.84,8,1006,2011-06-23 10:20:00,2011-12-02 13:15:00,0.013235957196219906,81.36776353498122
12584,2338.15,9,416,2011-03-04 15:15:00,2011-12-06 09:35:00,0.013220746961920327,81.38098428194314
15549,2334.16,8,936,2010-01-11 13:16:00,2011-09-23 16:22:00,0.013198186056769645,81.39418246799991
13614,2332.74,6,821,2010-06-06 13:42:00,2011-11-15 14:47:00,0.013190156862455366,81.40737262486236
16496,2330.77,6,1764,2010-07-18 13:42:00,2011-12-01 10:31:00,0.013179017768934856,81.4205516426313
17313,2328.84,1,1402,2011-11-08 15:45:00,2011-11-08 15:45:00,0.013168104849902072,81.43371974748119
17004,2324.36,4,1233,2010-10-11 15:43:00,2011-10-24 14:25:00,0.01314277330727675,81.44686252078847
14938,2322.43,2,1369,2010-05-26 13:35:00,2010-05-26 13:38:00,0.013131860388243962,81.45999438117671
13091,2321.82,3,1339,2009-12-10 11:50:00,2011-11-11 15:54:00,0.01312841122730614,81.47312279240401
13055,2321.11,4,1821,2010-10-06 08:17:00,2011-09-22 14:26:00,0.013124396630149,81.48624718903416
16628,2318.1,7,1260,2010-03-08 12:24:00,2011-11-10 12:45:00,0.01310737699994761,81.49935456603411
12724,2317.52,7,1379,2010-06-22 14:00:00,2011-12-04 16:02:00,0.013104097469875581,81.51245866350399
12948,2317.43,9,1304,2009-12-02 12:28:00,2011-11-23 17:10:00,0.013103588577278197,81.52556225208127
14346,2315.75,5,1878,2010-07-30 10:44:00,2011-08-11 09:47:00,0.0130940892487937,81.53865634133007
17193,2310.04,9,1668,2009-12-02 10:02:00,2011-11-04 12:47:00,0.0130618028406708,81.55171814417074
17282,2308.54,5,2332,2010-06-09 12:07:00,2011-08-01 14:29:00,0.013053321297381069,81.56477146546811
13704,2308.06,9,1531,2011-09-12 14:40:00,2011-12-04 15:13:00,0.013050607203528356,81.57782207267164
17113,2305.59,6,913,2010-01-11 10:14:00,2010-05-14 13:59:00,0.01303664092891127,81.59085871360055
15946,2304.18,3,1614,2010-03-16 10:49:00,2010-07-25 12:18:00,0.013028668278218924,81.60388738187878
14555,2304.03,6,842,2009-12-18 11:39:00,2011-10-13 16:24:00,0.013027820123889951,81.61691520200267
18095,2303.09,5,1623,2010-04-19 14:09:00,2011-01-31 12:50:00,0.013022505023428386,81.6299377070261
16077,2300.4,1,840,2010-03-24 10:42:00,2010-03-24 10:42:00,0.013007294789128807,81.64294500181524
16531,2298.33,11,1863,2010-09-24 09:49:00,2011-11-17 16:29:00,0.012995590259388977,81.65594059207463
17324,2298.12,12,1536,2009-12-18 15:29:00,2011-11-22 10:34:00,0.012994402843328416,81.66893499491796
13371,2297.66,2,1019,2010-03-17 15:29:00,2010-07-22 17:33:00,0.012991801836719564,81.68192679675468
12599,2296.72,13,2189,2010-05-11 10:42:00,2011-11-10 13:34:00,0.012986486736258003,81.69491328349093
12649,2294.65,8,1959,2010-01-12 17:24:00,2011-08-24 14:41:00,0.012974782206518176,81.70788806569745
13280,2293.33,7,1489,2010-03-05 09:07:00,2011-08-09 13:14:00,0.012967318448423214,81.72085538414586
13059,2291.77,10,860,2010-03-31 12:23:00,2011-04-04 10:40:00,0.012958497643401895,81.73381388178926
17047,2289.23,6,1184,2009-12-08 08:48:00,2011-09-15 13:27:00,0.012944135563431287,81.74675801735269
17018,2287.7,6,456,2009-12-05 10:27:00,2011-10-30 11:42:00,0.012935484389275763,81.75969350174196
16485,2287.19,5,1153,2009-12-06 12:28:00,2011-09-23 15:50:00,0.012932600664557257,81.77262610240652
14481,2284.69,5,1568,2010-01-31 12:43:00,2011-06-28 10:38:00,0.012918464759074374,81.78554456716559
12684,2283.63,7,1985,2011-05-10 12:55:00,2011-12-02 09:53:00,0.012912471135149633,81.79845703830074
18051,2282.28,7,1661,2009-12-09 12:17:00,2010-03-15 13:58:00,0.012904837746188877,81.81136187604693
14901,2281.4,12,1048,2010-07-29 11:11:00,2011-11-28 17:09:00,0.012899861907458902,81.82426173795439
13655,2280.51,6,1225,2010-04-27 09:59:00,2011-08-17 14:25:00,0.012894829525106998,81.8371565674795
14554,2279.4900000000002,4,1443,2011-10-18 13:04:00,2011-11-29 16:44:00,0.01288906207566998,81.85004562955517
13994,2274.14,6,932,2011-07-14 18:28:00,2011-12-06 11:05:00,0.012858811237936611,81.8629044407931
17994,2270.0299999999997,11,2181,2010-03-29 10:37:00,2011-08-10 11:41:00,0.012835571809322752,81.87574001260242
13748,2268.35,9,1108,2009-12-01 16:44:00,2011-09-05 09:45:00,0.012826072480838255,81.88856608508326
15638,2265.2,6,1134,2010-04-08 14:37:00,2010-11-26 11:52:00,0.012808261239929826,81.90137434632318
15734,2263.3,4,516,2010-06-10 14:25:00,2011-08-17 10:50:00,0.012797517951762837,81.91417186427495
13814,2257.32,3,1214,2010-06-30 14:12:00,2011-09-08 13:48:00,0.012763704865847783,81.9269355691408
16350,2253.89,9,1077,2010-10-07 16:33:00,2011-11-18 15:53:00,0.012744310403525267,81.93967987954431
17414,2249.52,6,6256,2009-12-03 16:49:00,2011-10-27 12:13:00,0.012719600840741188,81.95239948038505
14432,2248.5,6,2013,2011-09-11 14:09:00,2011-11-30 08:04:00,0.012713833391304172,81.96511331377636
14644,2247.72,7,770,2009-12-03 16:24:00,2011-10-03 08:30:00,0.012709422988793512,81.97782273676515
16177,2247.31,8,1021,2010-03-02 14:03:00,2011-10-20 12:57:00,0.012707104700294321,81.99052984146545
12868,2247.06,8,1282,2010-11-12 10:05:00,2011-06-07 10:42:00,0.012705691109746032,82.00323553257519
16174,2246.75,7,1431,2010-04-15 15:12:00,2011-08-05 13:26:00,0.012703938257466156,82.01593947083265
13627,2245.9,7,1632,2010-03-09 14:03:00,2011-10-11 14:20:00,0.012699132049601977,82.02863860288225
16042,2245.32,8,1430,2010-09-12 12:00:00,2011-11-17 17:50:00,0.012695852519529947,82.04133445540178
13407,2244.7,3,1690,2010-02-16 11:13:00,2010-05-10 12:41:00,0.01269234681497019,82.05402680221675
16823,2243.09,7,1166,2009-12-02 09:57:00,2011-04-26 15:00:00,0.012683243291839216,82.0667100455086
14462,2242.81,12,1063,2010-10-03 14:13:00,2011-10-04 15:55:00,0.012681660070425132,82.07939170557903
15865,2241.42,5,1141,2010-01-05 13:58:00,2011-10-30 12:43:00,0.01267380050697665,82.092065506086
15629,2240.9,4,1518,2010-06-25 11:39:00,2010-09-15 13:46:00,0.012670860238636212,82.10473636632464
16551,2237.12,7,2076,2009-12-13 16:12:00,2011-09-05 09:38:00,0.012649486749546093,82.1173858530742
17180,2236.77,11,1809,2010-01-21 17:43:00,2011-10-14 15:46:00,0.01264750772277849,82.13003336079697
17075,2236.63,10,785,2009-12-14 11:24:00,2011-11-22 11:58:00,0.012646716112071448,82.14268007690904
16108,2235.92,4,1473,2010-03-18 14:14:00,2011-09-16 11:48:00,0.012642701514914308,82.15532277842397
16076,2234.73,10,1435,2011-05-15 12:31:00,2011-12-06 14:59:00,0.012635972823904457,82.16795875124787
13662,2233.61,11,1169,2010-02-19 13:21:00,2011-09-15 12:04:00,0.012629639938248127,82.18058839118612
18215,2232.4900000000002,5,1131,2010-03-26 13:03:00,2011-09-11 16:05:00,0.012623307052591796,82.19321169823871
17460,2228.27,16,980,2010-01-22 13:25:00,2011-09-06 15:04:00,0.01259944564413669,82.20581114388285
12783,2225.91,6,624,2011-09-25 15:35:00,2011-12-07 15:56:00,0.01258610134936085,82.21839724523221
13365,2225.37,2,1247,2011-05-06 12:00:00,2011-11-06 12:36:00,0.012583047993776547,82.23098029322598
14321,2218.06,7,3275,2010-08-23 12:56:00,2011-11-29 09:47:00,0.012541714606144599,82.24352200783213
17648,2216.37,5,954,2010-11-19 16:41:00,2011-10-10 09:41:00,0.012532158734038172,82.25605416656616
18177,2216.32,9,1238,2009-12-15 18:57:00,2011-11-08 14:44:00,0.012531876015928515,82.26858604258209
13478,2215.78,5,1189,2010-01-31 15:51:00,2010-08-27 13:23:00,0.012528822660344214,82.28111486524243
14708,2212.2799999999997,5,1509,2010-09-10 10:26:00,2011-12-07 08:21:00,0.012509032392668174,82.2936238976351
13320,2211.6,6,1509,2010-08-18 10:29:00,2011-09-22 18:07:00,0.012505187426376834,82.30612908506147
15550,2211.05,12,1139,2009-12-03 15:15:00,2011-12-05 15:38:00,0.0125020775271706,82.31863116258864
15476,2209.98,4,1174,2010-09-23 14:00:00,2010-11-24 15:17:00,0.012496027359623924,82.33112718994826
14177,2209.69,13,1043,2010-02-26 11:59:00,2011-09-14 15:11:00,0.012494387594587911,82.34362157754285
14834,2206.16,7,872,2010-10-28 17:37:00,2011-11-22 10:30:00,0.012474427696046082,82.3560960052389
14467,2203.2400000000002,12,1187,2009-12-02 12:44:00,2011-11-22 12:48:00,0.012457916958442077,82.36855392219734
13410,2201.96,9,1244,2009-12-08 13:43:00,2011-11-15 15:33:00,0.012450679374834838,82.38100460157217
14006,2196.67,7,2181,2010-02-25 09:45:00,2011-08-16 09:39:00,0.012420767798833061,82.393425369371
16317,2192.51,5,1236,2010-05-04 10:17:00,2011-08-12 12:46:00,0.012397245652109545,82.40582261502311
15934,2190.66,2,2166,2010-10-06 12:08:00,2010-10-18 10:13:00,0.012386785082052211,82.41820940010517
14212,2190.14,2,2046,2010-09-20 11:48:00,2011-09-11 12:45:00,0.012383844813711773,82.43059324491888
16221,2186.66,9,1501,2010-08-10 13:32:00,2011-11-03 11:43:00,0.0123641676332796,82.44295741255216
14597,2184.63,6,1436,2010-09-28 13:17:00,2011-11-28 13:13:00,0.0123526892780275,82.4553101018302
15864,2180.76,7,1486,2010-11-23 15:02:00,2011-11-17 13:32:00,0.012330806896339998,82.46764090872654
12856,2170.78,6,1076,2011-10-07 12:38:00,2011-12-02 10:52:00,0.012274376361652333,82.47991528508818
15649,2170.35,4,485,2010-11-17 16:22:00,2011-01-07 13:34:00,0.012271944985909278,82.4921872300741
12501,2169.39,1,1783,2011-01-07 12:28:00,2011-01-07 12:28:00,0.01226651679820385,82.5044537468723
14595,2164.45,8,1228,2010-01-20 13:59:00,2011-11-20 12:12:00,0.012238584248969675,82.51669233112128
15944,2164.24,4,859,2009-12-13 12:57:00,2011-03-08 10:33:00,0.012237396832909113,82.52892972795419
17822,2162.93,5,1375,2010-05-28 12:15:00,2010-10-15 13:47:00,0.012229989618436082,82.54115971757263
14407,2157.73,6,1415,2011-03-08 11:59:00,2011-08-24 14:02:00,0.01220058693503169,82.55336030450766
16379,2157.4,4,1410,2011-09-22 09:33:00,2011-12-05 15:38:00,0.01219872099550795,82.56555902550318
13643,2156.77,10,902,2009-12-08 12:48:00,2011-11-08 15:37:00,0.012195158747326263,82.57775418425051
13224,2155.95,2,1518,2011-07-11 14:10:00,2011-10-10 14:55:00,0.012190522170327876,82.58994470642084
16966,2154.97,7,1981,2011-04-13 14:17:00,2011-12-01 13:40:00,0.012184980895378585,82.60212968731622
16600,2153.41,13,2420,2009-12-18 12:59:00,2011-12-05 16:00:00,0.012176160090357267,82.61430584740658
16275,2151.11,3,1268,2010-03-08 14:41:00,2011-05-27 12:41:00,0.012163155057313017,82.62646900246389
18239,2150.36,6,1052,2010-10-13 10:11:00,2011-05-05 12:38:00,0.012158914285668152,82.63862791674956
14216,2150.04,5,712,2010-10-21 15:07:00,2011-12-06 14:56:00,0.012157104889766342,82.65078502163932
16716,2149.6800000000003,3,912,2010-03-19 11:05:00,2011-03-18 10:03:00,0.01215506931937681,82.6629400909587
17272,2148.63,4,1778,2011-03-22 12:05:00,2011-10-28 16:37:00,0.012149132239073998,82.67508922319777
16004,2146.39,5,1076,2010-01-25 13:56:00,2010-08-22 11:48:00,0.012136466467761335,82.68722568966554
13152,2146.38,7,977,2010-01-14 10:01:00,2010-10-18 13:44:00,0.012136409924139405,82.69936209958968
16134,2145.34,5,1637,2010-06-17 09:48:00,2011-11-18 10:05:00,0.012130529387458526,82.71149262897714
18009,2144.23,8,651,2010-02-25 11:49:00,2011-04-18 13:36:00,0.012124253045424126,82.72361688202257
12576,2142.72,8,1494,2010-07-01 13:46:00,2011-11-04 10:11:00,0.012115714958512463,82.73573259698108
13092,2140.28,12,664,2010-02-10 08:44:00,2011-09-30 11:18:00,0.012101918314761173,82.74783451529584
12687,2138.91,2,1403,2010-08-16 12:10:00,2010-08-16 12:12:00,0.012094171838556551,82.75992868713439
17029,2137.3,7,1265,2010-02-14 10:19:00,2011-08-21 11:06:00,0.012085068315425577,82.77201375544982
17305,2135.46,1,1006,2010-03-01 12:47:00,2010-03-01 12:47:00,0.012074664288990176,82.78408841973881
18116,2134.4900000000002,13,1267,2010-10-24 15:29:00,2011-10-03 11:00:00,0.012069179557662818,82.79615759929646
12560,2134.01,3,1110,2011-07-19 15:55:00,2011-12-04 13:54:00,0.012066465463810105,82.80822406476027
16493,2132.09,7,1988,2010-03-26 13:05:00,2011-09-21 11:10:00,0.012055609088399252,82.82027967384866
13517,2128.42,3,1369,2011-06-13 08:44:00,2011-10-11 11:43:00,0.01203485757915038,82.83231453142781
14634,2124.46,4,1906,2010-06-16 09:48:00,2010-09-28 10:40:00,0.012012466304865493,82.84432699773268
16807,2123.88,6,1433,2010-03-26 14:38:00,2011-07-20 12:00:00,0.012009186774793465,82.85633618450747
16996,2123.61,9,919,2010-10-18 12:24:00,2011-11-09 16:43:00,0.012007660097001315,82.86834384460447
14472,2118.72,9,1271,2010-01-19 13:09:00,2011-08-28 11:01:00,0.011980010265876794,82.88032385487034
14360,2118.03,4,1139,2011-09-06 11:58:00,2011-11-08 09:12:00,0.011976108755963522,82.8922999636263
14691,2114.33,5,707,2011-05-11 09:55:00,2011-11-09 12:30:00,0.011955187615848855,82.90425515124215
16201,2112.12,5,1421,2010-10-20 12:00:00,2011-12-06 16:02:00,0.011942691475401987,82.91619784271755
16054,2111.88,4,791,2010-04-01 18:37:00,2011-07-17 13:08:00,0.011941334428475631,82.92813917714602
12997,2110.91,8,1186,2010-04-06 11:06:00,2011-11-17 15:47:00,0.011935849697148272,82.94007502684318
14399,2108.21,8,965,2010-02-03 13:09:00,2010-11-10 13:23:00,0.01192058291922676,82.9519956097624
13755,2108.06,9,1242,2011-10-07 15:45:00,2011-12-06 12:26:00,0.011919734764897787,82.96391534452731
13610,2103.71,14,869,2010-01-05 14:12:00,2011-11-27 15:38:00,0.011895138289357572,82.97581048281667
15252,2103.41,5,1430,2010-04-07 10:24:00,2011-11-03 13:30:00,0.011893441980699625,82.98770392479737
14276,2102.68,7,1406,2010-02-17 13:10:00,2011-09-02 09:45:00,0.011889314296298623,82.99959323909367
14499,2101.79,7,1231,2010-08-27 11:57:00,2011-11-13 13:01:00,0.011884281913946719,83.01147752100762
15815,2100.6,5,1856,2011-03-25 08:43:00,2011-10-07 12:42:00,0.011877553222936866,83.02335507423055
12975,2100.09,6,911,2009-12-06 10:38:00,2010-09-29 09:46:00,0.01187466949821836,83.03522974372876
17159,2099.59,5,1348,2010-03-04 14:53:00,2011-11-18 10:52:00,0.011871842317121782,83.04710158604588
12610,2099.54,5,1049,2011-08-05 13:52:00,2011-11-17 09:34:00,0.011871559599012125,83.0589731456449
17742,2098.48,11,653,2009-12-01 13:16:00,2011-08-18 15:28:00,0.011865565975087382,83.07083871161998
13753,2094.57,4,1450,2009-12-03 10:20:00,2011-02-25 12:48:00,0.011843457418912157,83.08268216903889
13591,2093.94,7,850,2009-12-14 15:44:00,2011-10-06 12:26:00,0.01183989517073047,83.09452206420961
14469,2093.46,4,973,2010-01-29 11:12:00,2010-10-19 14:30:00,0.011837181076877756,83.10635924528648
13265,2092.66,5,1740,2011-03-11 09:54:00,2011-10-17 15:02:00,0.011832657587123232,83.1181919028736
15456,2091.52,10,2727,2009-12-08 12:54:00,2011-03-01 13:51:00,0.011826211614223038,83.13001811448783
15151,2085.61,2,795,2010-07-18 12:19:00,2010-10-12 16:37:00,0.011792794333661507,83.14181090882148
17705,2083.9,11,1301,2010-05-12 09:47:00,2011-12-06 13:45:00,0.011783125374311216,83.15359403419579
14896,2083.2200000000003,8,1115,2009-12-06 12:42:00,2011-05-19 10:20:00,0.011779280408019871,83.16537331460381
16934,2083.14,6,936,2010-03-28 12:43:00,2011-10-16 12:40:00,0.011778828059044417,83.17715214266286
14396,2079.73,7,998,2009-12-02 14:21:00,2011-10-05 16:09:00,0.011759546683965767,83.18891168934682
18026,2074.07,2,530,2010-07-22 16:21:00,2010-07-27 10:37:00,0.011727542993952523,83.20063923234078
17048,2071.68,7,1068,2010-01-18 13:55:00,2011-08-14 11:49:00,0.011714029068310886,83.21235326140909
17585,2064.71,7,2510,2010-08-18 16:39:00,2011-08-22 13:30:00,0.011674618163824611,83.22402787957292
16726,2063.88,7,1323,2010-10-24 16:09:00,2011-11-13 14:53:00,0.011669925043204294,83.23569780461612
12586,2062.67,4,687,2009-12-16 13:15:00,2011-11-22 16:24:00,0.01166308326495058,83.24736088788107
13476,2061.4700000000003,5,713,2010-03-05 09:39:00,2011-06-14 12:00:00,0.011656298030318799,83.25901718591139
18258,2059.67,6,1981,2010-05-16 11:35:00,2010-09-01 14:20:00,0.011646120178371121,83.27066330608976
17633,2057.39,7,899,2010-11-15 14:55:00,2011-11-08 13:25:00,0.01163322823257073,83.28229653432233
12518,2056.89,5,1318,2011-08-21 13:18:00,2011-12-09 10:13:00,0.011630401051474155,83.2939269353738
15253,2055.09,8,1588,2010-05-02 11:17:00,2011-11-23 16:22:00,0.011620223199526481,83.30554715857333
14188,2054.36,6,1162,2011-02-02 13:46:00,2011-11-09 12:45:00,0.01161609551512548,83.31716325408846
16235,2053.71,9,788,2010-08-26 12:10:00,2011-10-30 10:56:00,0.01161242017969993,83.32877567426816
16794,2052.7,15,1576,2010-03-25 15:17:00,2011-12-08 17:54:00,0.011606709273884845,83.34038238354205
16176,2052.69,4,952,2010-03-29 14:52:00,2010-10-14 13:54:00,0.011606652730262915,83.35198903627231
14723,2050.25,11,1282,2009-12-04 11:22:00,2011-11-29 15:23:00,0.011592856086511621,83.36358189235882
17086,2050.08,6,1859,2011-10-07 11:22:00,2011-12-02 13:54:00,0.011591894844938784,83.37517378720376
13874,2049.15,7,864,2010-02-04 18:39:00,2010-12-16 18:20:00,0.011586636288099153,83.38676042349186
13984,2048.6,12,1421,2009-12-07 11:51:00,2011-11-13 12:38:00,0.011583526388892918,83.39834394988075
16027,2048.36,15,2099,2010-01-08 13:21:00,2011-09-09 10:47:00,0.011582169341966563,83.40992611922272
14232,2048.07,5,1941,2011-03-20 12:44:00,2011-10-28 11:09:00,0.011580529576930548,83.42150664879965
17666,2047.8,5,1552,2010-06-30 12:03:00,2011-12-06 09:06:00,0.011579002899138395,83.43308565169879
13663,2047.51,5,893,2010-03-03 10:11:00,2011-06-13 15:44:00,0.011577363134102382,83.4446630148329
14000,2046.3400000000001,5,1838,2009-12-02 09:50:00,2011-05-12 16:50:00,0.011570747530336394,83.45623376236324
15473,2046.0,8,776,2010-09-21 09:14:00,2011-11-25 15:15:00,0.011568825047190721,83.46780258741043
17289,2041.8,9,1237,2010-03-08 12:52:00,2011-11-08 12:01:00,0.01154507672597948,83.47934766413641
12585,2040.1,2,1279,2010-12-23 12:58:00,2011-04-19 13:39:00,0.011535464310251119,83.49088312844667
14988,2038.65,7,1260,2010-04-16 13:34:00,2011-05-12 12:05:00,0.01152726548507105,83.50241039393174
16214,2038.25,4,1308,2010-09-30 13:57:00,2011-06-22 11:30:00,0.011525003740193787,83.51393539767193
16331,2037.7,6,756,2010-03-07 10:55:00,2010-10-03 13:47:00,0.011521893840987552,83.52545729151292
13705,2035.33,7,1009,2010-03-25 17:19:00,2011-12-02 12:32:00,0.01150849300258978,83.53696578451552
17846,2033.1,1,1,2011-09-15 15:20:00,2011-09-15 15:20:00,0.01149588377489905,83.54846166829041
13630,2031.78,7,1391,2011-02-27 12:49:00,2011-12-04 15:16:00,0.011488420016804089,83.55995008830722
14225,2031.07,4,1167,2010-01-12 15:02:00,2010-10-01 10:32:00,0.01148440541964695,83.57143449372687
15272,2030.95,6,665,2010-02-14 13:39:00,2011-10-13 12:59:00,0.011483726896183771,83.58291822062306
15506,2030.33,6,1637,2010-08-19 12:38:00,2011-11-17 12:11:00,0.011480221191624016,83.59439844181468
15164,2028.1100000000001,9,912,2010-01-18 13:34:00,2011-10-02 12:05:00,0.011467668507555219,83.60586611032222
15384,2027.79,4,1767,2010-04-26 12:38:00,2011-06-23 10:57:00,0.011465859111653409,83.61733196943388
12873,2027.3,3,786,2010-01-27 09:50:00,2011-03-02 14:58:00,0.011463088474178764,83.62879505790805
13989,2026.06,5,2207,2010-05-25 12:13:00,2011-10-05 09:47:00,0.011456077065059253,83.64025113497311
14631,2025.69,6,1407,2010-08-09 14:45:00,2011-10-20 11:17:00,0.011453984951047786,83.65170511992416
16510,2025.6,6,1022,2010-01-17 12:30:00,2010-12-02 13:39:00,0.011453476058450403,83.66315859598261
14651,2025.52,9,880,2010-03-18 11:39:00,2011-10-03 15:52:00,0.011453023709474952,83.67461161969209
12418,2021.2,4,1088,2010-03-19 14:47:00,2011-08-19 11:08:00,0.01142859686480053,83.68604021655689
17227,2021.18,12,1773,2010-01-15 15:05:00,2011-11-21 10:51:00,0.011428483777556668,83.69746870033444
13696,2020.4,3,552,2010-02-11 14:17:00,2010-10-14 09:44:00,0.01142407337504601,83.70889277370948
12348,2019.4,5,2714,2010-09-27 14:59:00,2011-09-25 13:13:00,0.011418419012852857,83.72031119272233
14623,2016.98,10,1025,2010-04-16 17:12:00,2011-11-07 13:56:00,0.011404735456345426,83.73171592817869
16197,2016.71,9,1420,2009-12-16 11:44:00,2010-08-27 12:56:00,0.011403208778553274,83.74311913695725
17152,2016.5,4,577,2010-10-10 12:40:00,2011-05-29 12:19:00,0.011402021362492713,83.75452115831975
17126,2016.43,9,1426,2010-08-31 13:41:00,2011-07-10 13:52:00,0.011401625557139191,83.76592278387689
13693,2011.82,9,880,2009-12-07 11:29:00,2010-11-30 18:21:00,0.011375558947428756,83.77729834282432
13888,2001.59,7,795,2010-05-13 11:57:00,2011-08-12 10:13:00,0.011317714822192803,83.78861605764652
16332,2000.01,11,1128,2010-04-29 13:41:00,2011-11-11 14:22:00,0.011308780929927622,83.79992483857644
14628,1998.0,5,1147,2010-01-25 14:40:00,2011-09-09 14:58:00,0.011297415661919384,83.81122225423836
16698,1998.0,2,840,2011-03-31 13:33:00,2011-04-27 10:52:00,0.011297415661919384,83.82251966990027
15990,1997.75,7,1086,2010-02-28 12:30:00,2011-10-26 15:58:00,0.011296002071371096,83.83381567197165
14152,1997.3400000000001,7,1844,2010-02-18 13:57:00,2011-09-25 12:54:00,0.011293683782871905,83.84510935575452
15481,1993.34,1,1450,2010-11-03 14:52:00,2010-11-03 14:52:00,0.011271066334099291,83.85638042208862
14301,1992.18,4,1686,2010-02-11 13:07:00,2011-08-14 15:33:00,0.011264507273955235,83.86764492936257
13889,1991.23,6,979,2010-01-22 14:32:00,2011-09-08 09:13:00,0.01125913562987174,83.87890406499244
17088,1991.01,4,868,2011-03-31 09:48:00,2011-11-11 14:23:00,0.011257891670189247,83.89016195666262
16960,1990.88,8,1492,2010-03-02 13:36:00,2011-11-01 11:35:00,0.011257156603104137,83.90141911326573
17351,1988.23,12,383,2009-12-10 18:43:00,2011-11-03 18:45:00,0.011242172543292281,83.91266128580902
16529,1986.8,4,739,2010-06-27 13:29:00,2011-06-02 17:23:00,0.011234086805356073,83.92389537261438
15478,1983.48,3,894,2010-05-13 18:49:00,2011-10-30 14:19:00,0.011215314322874806,83.93511068693725
14967,1982.6100000000001,6,652,2009-12-03 14:07:00,2011-10-21 11:06:00,0.011210395027766764,83.94632108196501
15192,1981.39,5,1644,2010-01-29 10:13:00,2011-08-12 11:41:00,0.011203496705891117,83.9575245786709
17337,1981.06,4,1247,2011-02-02 17:06:00,2011-07-11 14:55:00,0.011201630766367376,83.96872620943726
13725,1980.56,8,806,2011-02-04 12:18:00,2011-10-21 10:03:00,0.011198803585270799,83.97992501302254
12582,1980.4,4,985,2010-05-11 09:55:00,2011-04-15 08:45:00,0.011197898887319894,83.99112291190986
17158,1980.0,5,1147,2010-03-07 15:50:00,2011-11-07 15:15:00,0.011195637142442634,84.00231854905229
15030,1979.91,8,1225,2010-03-04 17:10:00,2011-09-29 10:50:00,0.01119512824984525,84.01351367730213
15795,1979.8700000000001,8,1411,2010-01-18 11:31:00,2011-07-13 10:43:00,0.011194902075357524,84.02470857937749
13208,1976.3,9,1343,2009-12-03 13:25:00,2011-10-12 09:54:00,0.011174716002327967,84.03588329537982
18204,1975.35,3,1190,2011-05-31 15:26:00,2011-09-29 16:44:00,0.011169344358244472,84.04705263973807
15531,1972.39,2,1085,2011-11-09 17:47:00,2011-12-01 18:43:00,0.011152607446152742,84.05820524718422
17797,1971.87,8,1086,2009-12-15 14:30:00,2011-11-17 13:21:00,0.0111496671778123,84.06935491436204
14905,1971.39,8,1009,2009-12-03 14:36:00,2011-07-05 12:41:00,0.011146953083959589,84.080501867446
12674,1970.6,4,1133,2011-05-16 09:10:00,2011-11-01 12:12:00,0.011142486137826996,84.09164435358383
14477,1969.6,7,1120,2010-01-04 15:41:00,2011-11-20 11:11:00,0.011136831775633843,84.10278118535946
15081,1965.72,12,806,2010-06-22 10:25:00,2011-11-17 17:08:00,0.011114892850324411,84.11389607820979
16032,1965.72,6,1467,2010-07-04 13:31:00,2010-09-09 18:00:00,0.011114892850324411,84.12501097106012
16233,1965.71,9,689,2009-12-02 13:23:00,2011-09-29 17:27:00,0.011114836306702479,84.13612580736682
17966,1963.92,10,3918,2010-01-18 13:24:00,2011-11-02 10:26:00,0.011104714998376735,84.1472305223652
17997,1962.46,8,2273,2011-06-28 17:28:00,2011-09-26 16:13:00,0.011096459629574734,84.15832698199478
12399,1962.3,7,2198,2010-03-05 08:45:00,2011-08-12 13:15:00,0.011095554931623829,84.1694225369264
15789,1962.01,6,2499,2010-03-26 11:21:00,2010-12-16 14:35:00,0.011093915166587814,84.18051645209299
16290,1957.7,4,957,2010-05-23 11:46:00,2010-09-01 11:52:00,0.011069544865535325,84.19158599695852
17039,1954.99,1,689,2010-04-14 12:56:00,2010-04-14 12:56:00,0.01105422154399188,84.20264021850251
18016,1954.56,7,1207,2010-01-27 16:00:00,2011-11-07 13:25:00,0.011051790168248825,84.21369200867076
14794,1953.9,10,783,2010-08-09 15:44:00,2011-12-07 10:11:00,0.011048058289201345,84.22474006695997
17554,1952.45,5,1763,2011-07-14 20:01:00,2011-12-08 14:15:00,0.011039859464021274,84.23577992642399
13761,1952.17,6,1079,2010-02-21 11:08:00,2011-10-20 14:01:00,0.011038276242607191,84.24681820266659
15885,1951.82,15,622,2010-01-21 12:47:00,2011-09-08 10:43:00,0.011036297215839586,84.25785449988243
16993,1950.9499999999998,2,285,2010-05-12 13:55:00,2010-09-02 12:16:00,0.011031377920731542,84.26888587780316
14014,1948.21,3,2004,2010-05-12 09:04:00,2011-09-23 13:18:00,0.011015884968322304,84.27990176277147
16891,1945.2,11,738,2009-12-04 12:37:00,2011-12-08 11:15:00,0.010998865338120915,84.2909006281096
15620,1942.36,4,1249,2010-10-26 11:32:00,2011-10-14 12:41:00,0.010982806949492361,84.30188343505908
15425,1941.1200000000001,4,1041,2010-02-14 12:36:00,2010-11-04 18:13:00,0.010975795540372852,84.31285923059946
12385,1938.4,1,612,2010-11-25 15:14:00,2010-11-25 15:14:00,0.010960415675207476,84.32381964627467
16619,1938.33,4,1055,2010-02-22 12:05:00,2011-03-21 08:18:00,0.010960019869853954,84.33477966614453
17135,1937.76,10,1908,2010-05-09 16:03:00,2011-11-23 16:48:00,0.010956796883403858,84.34573646302793
14418,1937.25,3,1711,2011-08-23 17:18:00,2011-12-06 11:39:00,0.01095391315868535,84.35669037618662
15605,1936.8,9,712,2010-01-14 14:03:00,2011-11-03 14:17:00,0.01095136869569843,84.36764174488232
15561,1934.3899999999999,8,1334,2010-02-14 12:22:00,2011-11-28 11:07:00,0.01093774168281293,84.37857948656513
12528,1933.48,6,756,2011-01-31 09:05:00,2011-11-30 14:40:00,0.010932596213217164,84.38951208277835
12531,1933.2,2,1119,2010-01-22 14:17:00,2011-11-25 11:12:00,0.010931012991803081,84.40044309577016
16859,1932.41,7,1899,2010-03-04 12:37:00,2011-07-18 12:19:00,0.01092654604567049,84.41136964181582
15803,1929.66,4,1030,2010-02-01 16:29:00,2011-10-19 14:56:00,0.010910996549639321,84.42228063836546
17236,1929.26,12,804,2010-03-07 13:00:00,2011-11-27 12:00:00,0.010908734804762059,84.43318937317022
16788,1928.93,5,965,2010-02-07 12:40:00,2011-08-08 14:53:00,0.010906868865238319,84.44409624203546
13029,1927.3,5,194,2010-07-04 13:46:00,2011-11-09 09:13:00,0.010897652254863478,84.45499389429033
14492,1921.91,7,751,2010-03-30 14:23:00,2010-10-05 13:21:00,0.010867175242642385,84.46586106953296
16681,1921.84,7,1492,2010-03-08 14:10:00,2011-09-28 11:11:00,0.010866779437288865,84.47672784897026
18220,1921.76,6,1352,2009-12-15 11:42:00,2011-04-27 09:03:00,0.010866327088313412,84.48759417605856
13838,1920.73,10,774,2010-05-09 11:40:00,2011-12-04 11:00:00,0.010860503095254465,84.49845467915382
12644,1918.49,4,1032,2010-01-14 13:02:00,2011-08-02 10:33:00,0.010847837323941803,84.50930251647776
12842,1917.99,4,887,2009-12-02 08:15:00,2011-09-30 15:33:00,0.010845010142845226,84.5201475266206
14332,1917.41,5,875,2010-10-19 13:01:00,2011-11-17 11:54:00,0.010841730612773198,84.53098925723337
16650,1916.11,7,1511,2010-07-08 14:18:00,2011-09-29 09:51:00,0.010834379941922097,84.5418236371753
16555,1915.68,6,1816,2010-07-22 13:39:00,2011-11-04 14:31:00,0.010831948566179042,84.55265558574148
16692,1914.6999999999998,4,878,2010-09-24 11:31:00,2011-03-28 14:46:00,0.010826407291229752,84.56348199303271
16770,1909.73,9,1108,2010-08-22 16:08:00,2011-10-13 12:21:00,0.010798305111129784,84.57428029814383
12947,1908.03,6,1349,2010-12-01 16:21:00,2011-07-19 10:06:00,0.010788692695401423,84.58506899083923
17046,1906.07,5,1636,2010-03-29 13:46:00,2011-07-05 14:24:00,0.010777610145502844,84.59584660098473
16942,1904.99,9,805,2011-04-26 11:59:00,2011-11-27 12:40:00,0.010771503434334239,84.60661810441906
17235,1904.8799999999999,8,971,2010-06-04 17:01:00,2011-11-14 15:51:00,0.010770881454492991,84.61738898587355
14250,1904.05,3,1200,2011-09-11 13:44:00,2011-12-02 14:30:00,0.010766188333872675,84.62815517420742
14127,1900.0800000000002,6,828,2010-10-10 11:53:00,2011-08-09 10:49:00,0.01074374051596586,84.63889891472338
14710,1899.79,13,1135,2009-12-03 17:12:00,2011-11-25 14:53:00,0.010742100750929844,84.64964101547432
12762,1898.52,2,1227,2011-11-14 14:23:00,2011-12-02 10:23:00,0.01073491971094454,84.66037593518526
14389,1898.01,5,1388,2010-04-28 14:57:00,2011-10-05 15:17:00,0.010732035986226032,84.67110797117148
14741,1897.59,7,1120,2010-10-18 09:33:00,2011-11-28 08:48:00,0.010729661154104907,84.68183763232558
14730,1897.57,8,1078,2011-03-08 12:49:00,2011-12-08 14:39:00,0.010729548066861045,84.69256718039244
17560,1895.8,8,1588,2010-02-17 12:11:00,2011-09-06 09:18:00,0.010719539845779164,84.70328672023822
14327,1894.93,6,1296,2010-01-08 14:04:00,2011-06-29 13:58:00,0.010714620550671121,84.7140013407889
15248,1893.93,3,1065,2010-06-23 14:34:00,2010-10-24 13:09:00,0.010708966188477968,84.72471030697737
17350,1893.701,7,1178,2010-02-01 15:38:00,2011-12-01 15:47:00,0.010707671339535737,84.7354179783169
16631,1892.52,7,775,2010-02-26 10:49:00,2010-08-15 11:20:00,0.010700993537785622,84.74611897185468
13276,1891.91,5,840,2010-03-07 14:05:00,2011-10-07 12:44:00,0.010697544376847801,84.75681651623154
15381,1890.5700000000002,5,802,2010-05-05 14:35:00,2011-05-10 11:55:00,0.010689967531508976,84.76750648376304
14912,1889.25,6,1819,2010-01-26 16:29:00,2011-11-23 09:20:00,0.010682503773414013,84.77818898753645
17609,1887.8999999999999,11,1321,2010-04-09 16:54:00,2011-10-30 12:28:00,0.010674870384453255,84.7888638579209
16172,1884.55,8,1419,2010-07-14 15:34:00,2011-09-05 13:22:00,0.010655928271106193,84.79951978619201
14403,1880.51,6,737,2010-03-10 14:00:00,2011-08-01 12:57:00,0.010633084647845856,84.81015287083986
16660,1879.55,7,991,2010-01-14 11:09:00,2011-11-23 14:53:00,0.01062765646014043,84.8207805273
18151,1879.44,6,986,2010-03-04 10:47:00,2011-07-28 11:35:00,0.010627034480299183,84.8314075617803
15197,1877.51,6,1058,2009-12-11 12:56:00,2011-11-29 10:00:00,0.010616121561266399,84.84202368334157
13946,1876.23,6,2847,2009-12-04 11:07:00,2011-09-21 13:33:00,0.010608883977659163,84.85263256731922
12494,1872.8700000000001,9,988,2010-05-12 13:52:00,2011-11-24 09:34:00,0.010589885320690171,84.8632224526399
16426,1863.76,10,1215,2011-03-08 15:45:00,2011-12-07 14:01:00,0.010538374081110547,84.87376082672101
14887,1862.0,1,1100,2011-09-21 15:32:00,2011-09-21 15:32:00,0.010528422403650598,84.88428924912466
13503,1859.24,6,1105,2010-02-16 13:49:00,2011-09-29 13:23:00,0.010512816363997497,84.89480206548866
14305,1858.96,3,1089,2011-07-27 14:14:00,2011-09-29 15:29:00,0.010511233142583412,84.90531329863124
14130,1858.77,4,1215,2009-12-11 16:33:00,2011-01-24 16:05:00,0.010510158813766714,84.91582345744501
16043,1856.5900000000001,8,1011,2010-08-15 11:26:00,2011-11-02 12:50:00,0.010497832304185642,84.9263212897492
16049,1852.15,6,1132,2010-07-11 13:53:00,2011-10-30 13:19:00,0.010472726936048043,84.93679401668524
16917,1851.88,2,792,2010-03-17 15:24:00,2011-03-08 11:55:00,0.010471200258255892,84.94726521694349
12383,1850.56,5,1532,2010-12-22 14:28:00,2011-06-08 08:02:00,0.01046373650016093,84.95772895344365
12381,1845.31,5,808,2011-08-12 09:57:00,2011-12-05 12:44:00,0.010434051098646877,84.96816300454229
12507,1844.06,4,1256,2010-05-04 09:23:00,2011-07-28 17:09:00,0.010426983145905436,84.9785899876882
18180,1843.75,6,1721,2011-07-20 08:59:00,2011-12-05 08:39:00,0.010425230293625559,84.98901521798182
12694,1843.35,3,1355,2010-10-14 19:39:00,2011-09-30 13:06:00,0.010422968548748298,84.99943818653057
12950,1843.0,3,1380,2011-11-15 13:48:00,2011-12-07 13:17:00,0.010420989521980693,85.00985917605254
15201,1842.95,7,1660,2010-04-07 14:50:00,2011-09-13 14:53:00,0.010420706803871038,85.02027988285641
16102,1842.14,3,942,2011-08-03 12:50:00,2011-10-28 13:19:00,0.010416126770494583,85.03069600962691
14224,1841.71,9,826,2010-06-13 13:46:00,2011-08-21 13:24:00,0.010413695394751527,85.04110970502165
13168,1840.73,5,898,2010-06-15 15:00:00,2011-11-03 12:56:00,0.010408154119802237,85.05151785914146
17919,1840.32,2,1452,2010-09-27 10:40:00,2011-09-12 13:41:00,0.010405835831303044,85.06192369497276
15822,1840.06,6,950,2009-12-06 15:12:00,2011-12-06 14:50:00,0.010404365697132824,85.07232806066989
14870,1838.95,6,483,2010-01-25 09:05:00,2011-03-23 10:51:00,0.010398089355098426,85.08272615002498
13924,1838.8500000000001,6,1575,2011-09-28 15:07:00,2011-12-08 09:39:00,0.01039752391887911,85.09312367394386
17015,1838.6100000000001,3,1978,2011-06-07 13:19:00,2011-11-11 10:45:00,0.010396166871952753,85.10351984081582
16175,1836.44,7,932,2010-05-25 12:01:00,2011-09-06 14:32:00,0.010383896905993612,85.11390373772181
15402,1830.54,6,2034,2010-04-27 12:12:00,2011-07-14 12:17:00,0.010350536169054009,85.12425427389087
16152,1829.04,1,642,2011-03-16 09:47:00,2011-03-16 09:47:00,0.010342054625764279,85.13459632851664
16825,1826.89,5,1297,2010-06-23 13:14:00,2011-11-01 11:51:00,0.010329897747049002,85.14492622626369
17244,1826.04,5,1419,2009-12-06 11:27:00,2011-10-17 15:19:00,0.010325091539184822,85.15525131780288
15678,1825.94,3,1022,2010-07-05 12:49:00,2011-10-18 09:25:00,0.010324526102965506,85.16557584390584
14715,1825.45,8,1030,2010-01-19 12:18:00,2011-11-15 12:10:00,0.010321755465490861,85.17589759937134
13884,1825.03,10,752,2010-08-26 19:57:00,2011-12-02 16:30:00,0.010319380633369738,85.18621698000472
17642,1824.49,5,1475,2009-12-05 16:01:00,2011-08-12 09:11:00,0.010316327277785434,85.19653330728251
16169,1822.97,4,1325,2011-09-25 11:33:00,2011-12-01 15:28:00,0.010307732647251842,85.20684103992976
14738,1821.9,9,757,2009-12-07 10:21:00,2011-10-28 08:56:00,0.01030168247970517,85.21714272240946
15339,1821.02,7,1138,2010-02-08 13:38:00,2011-10-04 12:51:00,0.010296706640975194,85.22743942905043
17259,1820.34,6,1100,2010-02-22 13:38:00,2011-07-14 15:01:00,0.010292861674683849,85.23773229072512
16205,1820.1100000000001,7,1452,2010-06-15 11:58:00,2011-11-09 09:32:00,0.010291561171379426,85.2480238518965
17828,1820.09,4,667,2011-06-08 08:31:00,2011-11-17 08:41:00,0.010291448084135561,85.25831529998064
14553,1818.6,9,1118,2010-07-18 12:07:00,2011-11-20 13:20:00,0.010283023084467765,85.2685983230651
15807,1817.52,5,1532,2010-02-11 15:32:00,2011-10-20 14:10:00,0.01027691637329916,85.2788752394384
16634,1814.61,6,1321,2010-01-21 09:30:00,2011-05-01 12:09:00,0.010260462179317083,85.28913570161772
16880,1813.21,8,904,2010-08-03 13:54:00,2011-11-09 11:33:00,0.010252546072246672,85.29938824768998
14915,1811.25,11,707,2009-12-03 10:17:00,2011-09-09 13:34:00,0.010241463522348091,85.30962971121232
16474,1810.65,7,909,2011-07-17 14:51:00,2011-12-02 13:02:00,0.0102380709050322,85.31986778211736
16725,1810.41,14,764,2009-12-13 15:54:00,2011-02-10 16:52:00,0.010236713858105843,85.33010449597546
14893,1809.6100000000001,3,1047,2010-04-01 09:03:00,2011-11-30 12:31:00,0.01023219036835132,85.34033668634382
15530,1808.68,5,1328,2010-07-15 11:10:00,2011-11-18 12:25:00,0.010226931811511688,85.35056361815533
17888,1807.44,25,1536,2009-12-21 16:34:00,2011-11-18 13:45:00,0.010219920402392179,85.36078353855773
15133,1806.9,5,960,2010-07-07 12:31:00,2011-08-04 10:44:00,0.010216867046807876,85.37100040560453
13561,1803.4,11,1125,2010-02-28 13:42:00,2011-05-08 12:39:00,0.010197076779131842,85.38119748238367
18161,1803.1000000000001,6,965,2010-11-25 15:55:00,2011-11-24 16:40:00,0.010195380470473896,85.39139286285415
16797,1802.02,5,898,2009-12-02 13:33:00,2010-11-11 19:14:00,0.01018927375930529,85.40158213661346
16249,1800.07,5,950,2011-04-14 13:50:00,2011-10-18 10:07:00,0.01017824775302864,85.41176038436649
18235,1796.48,3,1578,2011-05-06 13:35:00,2011-09-29 08:27:00,0.010157948592755223,85.42191833295924
18236,1795.3500000000001,12,696,2010-04-15 13:39:00,2011-11-10 08:06:00,0.01015155916347696,85.43206989212271
17165,1794.32,6,788,2009-12-11 09:18:00,2011-02-28 16:39:00,0.010145735170418013,85.44221562729312
18122,1793.06,6,1225,2011-07-12 11:37:00,2011-12-01 13:08:00,0.010138610674054641,85.45235423796717
13711,1792.26,9,819,2009-12-15 19:04:00,2011-05-05 10:31:00,0.010134087184300119,85.46248832515147
13375,1792.23,2,1124,2010-09-21 08:12:00,2011-09-12 10:19:00,0.010133917553434325,85.4726222427049
12369,1791.15,3,1241,2010-03-08 08:09:00,2010-10-22 13:13:00,0.01012781084226572,85.48275005354716
17603,1788.38,4,638,2009-12-10 09:44:00,2011-09-22 14:18:00,0.010112148258990686,85.49286220180616
13782,1786.08,13,643,2009-12-06 12:52:00,2011-11-27 11:54:00,0.010099143225946433,85.5029613450321
15608,1785.98,5,1262,2010-10-20 10:10:00,2011-11-11 13:20:00,0.010098577789727118,85.51305992282184
16611,1785.13,6,874,2010-03-10 16:07:00,2011-06-06 15:46:00,0.01009377158186294,85.5231536944037
15452,1785.1100000000001,6,1087,2010-07-16 14:23:00,2011-11-10 12:13:00,0.010093658494619077,85.53324735289833
15128,1783.68,5,1583,2010-10-05 16:46:00,2011-10-10 13:54:00,0.010085572756682868,85.54333292565501
16110,1781.59,4,880,2010-07-05 13:04:00,2011-10-25 14:35:00,0.010073755139699176,85.55340668079471
18214,1780.34,4,989,2010-06-03 19:47:00,2010-06-27 11:21:00,0.010066687186957737,85.56347336798167
15220,1778.96,6,1393,2011-03-04 10:24:00,2011-10-19 12:39:00,0.010058884167131186,85.57353225214881
12458,1777.49,4,986,2010-08-09 10:33:00,2011-09-29 15:25:00,0.01005057225470725,85.58358282440352
12908,1776.0,5,3000,2010-03-19 15:59:00,2011-06-16 15:39:00,0.010042147255039453,85.59362497165856
12778,1775.68,9,1735,2010-04-16 09:57:00,2011-11-20 11:30:00,0.010040337859137645,85.6036653095177
13920,1774.68,4,1772,2010-05-26 15:48:00,2010-10-04 12:37:00,0.010034683496944492,85.61369999301463
16124,1772.49,4,797,2009-12-07 10:33:00,2011-01-26 14:45:00,0.010022300443741486,85.62372229345837
15594,1771.78,5,983,2011-04-19 10:08:00,2011-11-24 08:53:00,0.010018285846584348,85.63374057930496
14850,1770.96,7,1393,2010-05-20 13:28:00,2011-02-01 11:21:00,0.010013649269585964,85.64375422857454
14933,1770.0,4,600,2010-09-21 17:29:00,2010-09-22 10:47:00,0.010008221081880537,85.65376244965641
15972,1769.33,5,468,2010-04-18 14:06:00,2010-09-09 13:20:00,0.010004432659211124,85.66376688231563
15736,1767.12,2,1208,2010-09-30 14:19:00,2010-09-30 14:20:00,0.009991936518764255,85.67375881883439
13456,1766.72,6,765,2011-05-16 15:34:00,2011-11-22 09:18:00,0.009989674773886995,85.68374849360828
16751,1764.72,1,1031,2011-11-09 10:48:00,2011-11-09 10:48:00,0.009978366049500689,85.69372685965777
13648,1764.02,8,960,2009-12-01 18:13:00,2010-11-04 14:46:00,0.009974407995965483,85.70370126765374
13717,1763.3,8,2144,2010-08-11 09:40:00,2011-11-07 14:13:00,0.009970336855186413,85.71367160450893
12784,1763.15,3,862,2010-06-28 13:06:00,2011-11-30 15:38:00,0.009969488700857438,85.72364109320979
15777,1762.61,7,599,2010-05-20 10:37:00,2011-04-12 16:43:00,0.009966435345273136,85.73360752855507
16511,1760.49,6,769,2010-03-01 12:21:00,2011-11-18 10:41:00,0.009954448097423652,85.74356197665249
16620,1758.93,6,1146,2009-12-01 14:35:00,2011-12-06 12:19:00,0.009945627292402335,85.75350760394488
16266,1757.95,14,791,2010-02-04 16:21:00,2011-09-27 12:08:00,0.009940086017453045,85.76344768996233
16595,1757.75,5,1331,2010-01-17 12:12:00,2011-10-09 13:15:00,0.009938955145014415,85.77338664510735
12809,1755.94,3,518,2010-03-02 14:19:00,2011-06-15 10:51:00,0.009928720749444807,85.7833153658568
14704,1752.92,11,1164,2010-03-25 17:21:00,2011-11-28 12:51:00,0.009911644575621487,85.79322701043242
13155,1750.18,6,909,2010-08-05 09:30:00,2011-11-06 15:41:00,0.009896151623212246,85.80312316205563
14522,1748.42,8,956,2010-01-24 13:55:00,2011-11-15 13:24:00,0.009886199945752298,85.81300936200138
16639,1747.98,4,751,2010-10-26 18:23:00,2011-11-08 13:20:00,0.00988371202638731,85.82289307402777
13808,1747.66,5,782,2011-09-04 12:07:00,2011-12-04 12:18:00,0.009881902630485502,85.83277497665826
17695,1746.04,5,1809,2010-01-28 09:27:00,2011-07-31 10:40:00,0.009872742563732594,85.84264771922199
14236,1744.64,5,812,2010-07-22 14:27:00,2011-09-20 09:13:00,0.00986482645666218,85.85251254567865
16348,1744.42,8,1164,2010-10-05 13:57:00,2011-11-07 15:44:00,0.009863582496979688,85.86237612817563
16380,1743.1499999999999,1,1428,2011-10-09 15:40:00,2011-10-09 15:40:00,0.009856401456994382,85.87223252963263
12425,1741.41,2,1147,2010-09-17 14:10:00,2011-09-22 17:31:00,0.009846562866778296,85.88207909249941
16087,1739.92,5,664,2010-01-19 12:30:00,2010-11-15 16:44:00,0.009838137867110498,85.89191723036652
17974,1739.09,6,1189,2010-10-28 20:03:00,2011-11-15 11:37:00,0.00983344474649018,85.901750675113
13531,1738.52,6,600,2009-12-03 15:20:00,2011-05-18 16:56:00,0.009830221760040085,85.91158089687305
14584,1738.16,8,960,2010-02-17 14:01:00,2011-06-23 18:33:00,0.00982818618965055,85.9214090830627
14075,1734.87,6,1494,2010-06-16 14:47:00,2011-12-05 08:38:00,0.009809583338035076,85.93121866640074
17268,1733.8899999999999,11,1395,2009-12-08 11:46:00,2011-08-24 10:06:00,0.009804042063085787,85.94102270846382
13026,1733.08,9,2466,2009-12-13 11:34:00,2011-12-08 16:58:00,0.009799462029709332,85.95082217049352
14400,1732.47,3,1706,2010-03-18 12:11:00,2011-07-13 15:50:00,0.00979601286877151,85.9606181833623
17432,1728.99,9,1008,2009-12-03 19:13:00,2011-11-21 17:33:00,0.009776335688339337,85.97039451905064
14387,1727.6,3,795,2011-08-22 14:13:00,2011-11-07 12:29:00,0.009768476124890854,85.98016299517553
16809,1727.43,9,1093,2010-04-13 15:34:00,2011-11-16 15:45:00,0.00976751488331802,85.98993051005885
15730,1726.58,5,1061,2010-10-04 14:15:00,2011-10-05 12:31:00,0.009762708675453839,85.99969321873431
17190,1726.57,7,2218,2010-03-05 13:21:00,2011-10-12 11:33:00,0.009762652131831908,86.00945587086613
14304,1725.01,3,775,2010-05-18 10:50:00,2011-05-01 11:50:00,0.00975383132681059,86.01920970219294
13363,1723.86,3,1146,2010-10-26 11:07:00,2011-11-22 12:40:00,0.009747328810288463,86.02895703100323
16374,1723.4,5,771,2010-04-30 13:10:00,2011-10-04 15:21:00,0.009744727803679614,86.03870175880691
17451,1721.4,7,1203,2011-08-26 11:54:00,2011-12-08 15:02:00,0.009733419079293308,86.0484351778862
16119,1720.81,8,811,2009-12-16 11:56:00,2011-12-01 15:11:00,0.009730083005599346,86.0581652608918
15267,1717.36,5,944,2011-06-10 10:24:00,2011-11-17 15:59:00,0.009710575456032971,86.06787583634782
14021,1716.58,7,878,2010-04-26 11:22:00,2011-07-07 15:46:00,0.00970616505352231,86.07758200140134
17162,1715.46,10,1001,2011-02-07 12:27:00,2011-11-11 11:34:00,0.00969983216786598,86.08728183356921
14692,1715.1399999999999,12,890,2010-04-01 14:04:00,2011-07-25 15:08:00,0.00969802277196417,86.09697985634118
14987,1713.85,8,671,2009-12-02 14:56:00,2011-11-24 09:59:00,0.009690728644735004,86.10667058498592
14447,1711.73,6,913,2010-11-04 13:32:00,2011-11-21 08:28:00,0.00967874139688552,86.1163493263828
13665,1711.6599999999999,3,1652,2010-07-23 13:29:00,2010-11-18 13:06:00,0.009678345591531998,86.12602767197434
16654,1711.47,8,703,2010-04-06 13:29:00,2011-07-21 15:23:00,0.0096772712627153,86.13570494323706
17750,1710.45,9,3747,2011-06-28 15:44:00,2011-12-04 14:09:00,0.009671503813278285,86.14537644705034
12405,1710.39,1,857,2011-07-14 08:52:00,2011-07-14 08:52:00,0.009671164551546695,86.15504761160189
13104,1709.1,9,834,2010-02-24 15:06:00,2011-12-06 13:10:00,0.009663870424317527,86.1647114820262
17731,1708.99,6,707,2010-02-09 12:37:00,2011-09-21 15:02:00,0.009663248444476281,86.17437473047069
15607,1708.97,9,1470,2010-01-08 12:16:00,2011-01-07 12:44:00,0.009663135357232419,86.18403786582792
15947,1708.24,1,898,2011-09-18 10:46:00,2011-09-18 10:46:00,0.009659007672831416,86.19369687350076
12407,1708.1200000000001,5,1416,2011-03-20 13:21:00,2011-10-21 10:11:00,0.009658329149368238,86.20335520265013
16902,1706.88,1,629,2011-08-15 14:17:00,2011-08-15 14:17:00,0.009651317740248728,86.21300652039038
13309,1706.3700000000001,6,1914,2010-11-12 12:10:00,2011-12-02 16:34:00,0.00964843401553022,86.22265495440591
16398,1705.8,2,758,2011-03-31 09:38:00,2011-07-08 15:16:00,0.009645211029080123,86.23230016543499
14859,1705.64,5,888,2010-06-03 10:26:00,2011-11-27 11:18:00,0.00964430633112922,86.24194447176612
12693,1703.02,7,536,2010-07-05 13:56:00,2011-08-04 17:51:00,0.009629491902183158,86.2515739636683
15326,1700.52,5,1351,2009-12-01 13:19:00,2011-01-10 11:38:00,0.009615355996700277,86.26118931966501
15911,1700.24,8,810,2009-12-09 13:26:00,2010-03-26 12:06:00,0.009613772775286194,86.27080309244029
13240,1699.8600000000001,8,840,2010-02-25 13:17:00,2011-09-04 14:08:00,0.009611624117652796,86.28041471655794
15889,1699.67,8,941,2009-12-10 12:21:00,2011-07-06 11:10:00,0.009610549788836097,86.29002526634677
16768,1698.57,9,774,2009-12-07 11:47:00,2011-10-23 10:38:00,0.009604329990423629,86.2996295963372
12932,1698.56,8,1609,2010-02-10 08:46:00,2010-06-18 14:22:00,0.009604273446801696,86.309233869784
17813,1698.07,5,752,2011-09-29 15:57:00,2011-11-25 16:13:00,0.009601502809327051,86.31883537259333
17694,1695.97,3,1493,2010-05-26 08:27:00,2011-07-21 12:00:00,0.009589628648721432,86.32842500124205
16899,1695.77,8,811,2010-11-07 15:00:00,2011-12-02 12:03:00,0.0095884977762828,86.33801349901833
16010,1694.86,11,919,2010-10-24 10:54:00,2011-04-08 10:14:00,0.009583352306687032,86.34759685132502
15976,1694.41,6,1053,2010-06-06 14:01:00,2011-06-27 13:00:00,0.009580807843700113,86.35717765916873
12764,1693.88,1,386,2011-01-27 10:19:00,2011-01-27 10:19:00,0.009577811031737741,86.36675547020046
14245,1693.45,2,976,2011-03-21 10:41:00,2011-05-04 08:40:00,0.009575379655994686,86.37633084985646
14829,1692.84,7,1147,2010-09-29 13:14:00,2011-11-10 16:16:00,0.009571930495056861,86.38590278035151
16671,1692.27,3,875,2011-06-28 11:20:00,2011-11-11 13:40:00,0.009568707508606765,86.39547148786012
14078,1689.71,9,615,2010-03-28 15:05:00,2011-08-30 12:16:00,0.009554232341392296,86.40502572020151
13294,1689.53,3,996,2010-03-03 12:54:00,2011-06-03 08:54:00,0.009553214556197526,86.4145789347577
17341,1688.82,5,1077,2010-06-17 18:17:00,2011-07-06 12:33:00,0.009549199959040388,86.42412813471674
13566,1688.6,5,1257,2010-03-10 12:22:00,2011-10-30 11:59:00,0.009547955999357895,86.43367609071609
12813,1687.8,3,1141,2010-01-15 16:52:00,2010-07-26 09:50:00,0.009543432509603373,86.4432195232257
12775,1686.12,7,1083,2010-10-26 14:24:00,2011-11-22 16:33:00,0.009533933181118875,86.45275345640681
13516,1685.26,4,1114,2010-10-18 08:52:00,2011-11-18 13:15:00,0.009529070429632764,86.46228252683645
15732,1682.07,10,1361,2010-02-04 10:10:00,2011-05-11 14:24:00,0.009511033014236605,86.47179355985068
14643,1679.89,5,1377,2009-12-11 11:52:00,2011-06-22 14:41:00,0.009498706504655535,86.48129226635534
15551,1679.81,7,796,2010-06-07 15:05:00,2011-11-03 12:37:00,0.009498254155680081,86.49079052051101
13800,1679.56,3,891,2009-12-03 10:03:00,2011-02-03 12:27:00,0.009496840565131793,86.50028736107615
12870,1676.95,3,906,2010-03-25 14:32:00,2010-11-29 13:42:00,0.009482082679807664,86.50976944375596
14831,1676.57,3,885,2009-12-02 09:21:00,2010-01-28 14:31:00,0.009479934022174265,86.51924937777814
13149,1676.06,4,1280,2011-02-23 13:57:00,2011-11-25 13:09:00,0.009477050297455759,86.5287264280756
17656,1674.69,5,1399,2011-08-03 10:45:00,2011-09-27 13:04:00,0.009469303821251138,86.53819573189685
13587,1673.5,4,664,2010-02-14 13:17:00,2011-10-07 12:31:00,0.009462575130241287,86.54765830702709
13308,1670.3700000000001,4,1073,2010-04-22 09:22:00,2011-11-17 09:31:00,0.009444876976576718,86.55710318400367
13417,1669.49,6,532,2010-02-08 12:39:00,2011-12-05 08:49:00,0.009439901137846743,86.56654308514152
13184,1668.95,10,1662,2011-02-22 17:25:00,2011-11-25 12:02:00,0.009436847782262442,86.57597993292379
17534,1668.83,5,860,2010-02-25 16:55:00,2011-10-17 12:47:00,0.009436169258799263,86.58541610218259
13434,1666.8600000000001,5,864,2010-02-22 09:54:00,2011-09-26 14:30:00,0.009425030165278752,86.59484113234787
13064,1666.8400000000001,6,668,2010-04-27 10:08:00,2011-11-27 12:31:00,0.00942491707803489,86.6042660494259
17321,1665.21,6,790,2010-05-11 12:10:00,2011-12-01 13:41:00,0.00941570046766005,86.61368174989356
16329,1664.92,4,797,2009-12-01 11:34:00,2010-10-08 12:44:00,0.009414060702624035,86.62309581059618
12912,1662.3,5,670,2011-10-30 11:35:00,2011-12-07 08:55:00,0.009399246273677974,86.63249505686986
15214,1661.44,8,1254,2011-04-11 09:46:00,2011-12-08 12:07:00,0.009394383522191864,86.64188944039205
14583,1660.29,8,1071,2010-03-28 15:16:00,2011-12-04 12:32:00,0.009387881005669738,86.65127732139771
18096,1657.87,6,1409,2010-07-14 14:30:00,2011-11-28 12:44:00,0.009374197449162307,86.66065151884688
18276,1656.52,6,1246,2009-12-10 17:14:00,2011-10-27 10:54:00,0.009366564060201551,86.67001808290708
17041,1655.2,6,1303,2010-04-18 14:25:00,2011-11-13 11:21:00,0.009359100302106588,86.67937718320918
16625,1654.03,5,1057,2010-06-14 11:56:00,2011-03-10 12:50:00,0.0093524846983406,86.68872966790752
16813,1652.18,10,1501,2011-05-19 13:28:00,2011-12-01 14:03:00,0.009342024128283269,86.69807169203581
12911,1651.72,1,807,2010-06-06 12:13:00,2010-06-06 12:13:00,0.009339423121674418,86.70741111515748
13649,1651.48,6,849,2010-06-30 16:35:00,2011-03-28 11:51:00,0.009338066074748061,86.71674918123223
16907,1650.81,9,518,2010-07-01 17:30:00,2011-11-10 18:04:00,0.009334277652078648,86.7260834588843
15996,1649.65,7,738,2010-11-07 15:49:00,2011-09-12 15:14:00,0.009327718591934592,86.73541117747624
15987,1649.47,8,1685,2010-11-25 12:56:00,2011-11-27 15:38:00,0.009326700806739825,86.74473787828298
18085,1645.75,4,585,2010-03-21 11:57:00,2011-01-13 15:17:00,0.009305666579381295,86.75404354486236
12657,1643.18,4,1044,2011-09-22 11:40:00,2011-11-28 15:47:00,0.009291134868544893,86.7633346797309
13506,1639.2,5,1174,2010-09-05 12:33:00,2011-01-27 13:53:00,0.009268630507016144,86.77260331023793
14420,1639.17,4,1120,2010-01-17 12:41:00,2011-09-01 18:07:00,0.00926846087615035,86.78187177111408
12933,1636.6299999999999,8,949,2009-12-10 16:39:00,2011-11-15 16:38:00,0.00925409879617974,86.79112586991026
17951,1636.0800000000002,4,898,2010-10-31 15:15:00,2011-10-31 12:30:00,0.009250988896973508,86.80037685880724
12398,1635.6599999999999,1,1394,2011-10-25 10:27:00,2011-10-25 10:27:00,0.009248614064852381,86.8096254728721
17006,1635.27,8,572,2010-03-05 13:33:00,2011-12-05 12:09:00,0.009246408863597053,86.8188718817357
15310,1634.64,1,1476,2010-08-18 11:38:00,2010-08-18 11:38:00,0.009242846615415369,86.82811472835112
18062,1632.67,6,831,2010-04-21 08:55:00,2011-06-19 14:47:00,0.009231707521894856,86.83734643587302
14164,1631.77,2,1033,2011-09-20 12:18:00,2011-09-30 12:24:00,0.00922661859592102,86.84657305446893
18136,1631.3600000000001,5,860,2010-09-14 15:50:00,2011-10-07 15:40:00,0.009224300307421827,86.85579735477636
17571,1630.91,5,991,2010-06-15 12:50:00,2011-10-20 15:57:00,0.009221755844434907,86.86501911062079
14904,1630.49,4,2522,2010-10-08 12:48:00,2011-12-07 12:55:00,0.009219381012313784,86.87423849163311
16256,1629.37,3,1590,2010-04-21 10:34:00,2011-03-18 12:18:00,0.009213048126657452,86.88345153975976
13554,1629.35,7,578,2010-09-19 12:39:00,2010-11-24 15:05:00,0.009212935039413587,86.89266447479918
15167,1627.62,5,863,2010-02-04 14:13:00,2011-01-23 12:41:00,0.009203152992819433,86.901867627792
14759,1625.97,3,569,2011-04-21 10:55:00,2011-12-05 12:03:00,0.009193823295200732,86.9110614510872
13154,1624.84,3,976,2009-12-04 08:46:00,2010-11-05 16:00:00,0.009187433865922467,86.92024888495312
15172,1624.05,5,1611,2011-04-17 11:56:00,2011-12-01 11:51:00,0.009182966919789879,86.92943185187292
14937,1621.88,3,484,2011-08-01 14:16:00,2011-10-14 12:29:00,0.009170696953830737,86.93860254882675
12379,1620.22,4,815,2010-06-23 12:49:00,2011-09-19 10:09:00,0.009161310712590104,86.94776385953934
15422,1619.97,7,710,2010-02-07 11:52:00,2011-01-20 16:17:00,0.009159897122041814,86.95692375666138
12577,1617.1,8,1191,2009-12-03 19:31:00,2011-11-04 13:24:00,0.009143669102547465,86.96606742576392
16224,1616.54,5,1555,2010-11-17 13:14:00,2011-10-13 17:51:00,0.0091405026597193,86.97520792842364
14336,1614.91,4,1759,2011-03-08 16:48:00,2011-11-23 11:40:00,0.009131286049344461,86.98433921447298
15013,1610.82,10,1715,2010-01-31 12:15:00,2010-08-09 12:05:00,0.009108159707974467,86.99344737418096
16860,1610.62,3,625,2010-02-15 13:46:00,2010-09-13 10:05:00,0.009107028835535836,87.00255440301649
13900,1610.59,6,938,2010-03-25 13:46:00,2011-06-09 19:26:00,0.00910685920467004,87.01166126222115
17814,1609.37,2,1435,2010-10-13 14:03:00,2010-11-29 14:21:00,0.009099960882794394,87.02076122310395
12847,1609.0,2,1497,2010-11-17 12:44:00,2011-11-17 13:16:00,0.009097868768782928,87.02985909187272
13249,1608.93,9,1246,2010-01-24 12:11:00,2011-09-08 13:26:00,0.009097472963429408,87.03895656483616
14920,1607.17,3,886,2010-05-23 15:25:00,2011-05-11 10:32:00,0.00908752128596946,87.04804408612212
17515,1602.51,9,527,2010-06-07 13:29:00,2011-11-08 14:04:00,0.009061171958149367,87.05710525808027
15325,1601.46,8,1382,2010-02-16 13:30:00,2011-08-28 11:55:00,0.009055234877846556,87.06616049295812
14178,1600.26,7,1494,2011-06-10 12:51:00,2011-12-01 12:01:00,0.009048449643214771,87.07520894260134
14885,1598.12,3,1308,2010-08-31 10:11:00,2011-07-31 12:05:00,0.009036349308121425,87.08424529190945
12514,1597.76,2,840,2010-03-08 12:18:00,2011-03-17 16:38:00,0.00903431373773189,87.09327960564718
17853,1596.29,3,625,2009-12-03 15:09:00,2010-10-28 15:29:00,0.009026001825307956,87.10230560747249
15134,1596.29,10,1057,2010-10-13 12:44:00,2011-11-25 08:55:00,0.009026001825307956,87.11133160929779
13850,1595.48,1,944,2011-08-02 14:04:00,2011-08-02 14:04:00,0.009021421791931501,87.12035303108972
13239,1594.69,5,1151,2010-07-25 13:34:00,2011-03-23 10:25:00,0.009016954845798912,87.12936998593553
16801,1594.23,4,493,2011-03-11 13:56:00,2011-06-29 15:33:00,0.00901435383919006,87.13838433977472
17028,1593.83,3,856,2009-12-18 14:28:00,2010-05-07 15:33:00,0.009012092094312798,87.14739643186903
15289,1593.09,5,1627,2010-03-28 11:45:00,2011-11-10 13:49:00,0.009007907866289865,87.15640433973532
17540,1590.6000000000001,6,588,2010-04-19 09:47:00,2011-11-15 11:56:00,0.008993828504428916,87.16539816823975
16092,1587.94,6,1188,2010-05-09 16:10:00,2011-08-17 10:46:00,0.00897878790099513,87.17437695614075
17345,1586.6299999999999,10,2008,2009-12-01 16:17:00,2011-11-24 15:03:00,0.008971380686522099,87.18334833682727
13156,1586.54,3,914,2010-02-01 13:45:00,2010-11-19 13:09:00,0.008970871793924714,87.19231920862119
16096,1584.97,4,700,2010-03-04 15:44:00,2011-03-20 13:38:00,0.008961994445281465,87.20128120306647
13740,1582.77,5,987,2009-12-02 12:22:00,2011-04-13 10:32:00,0.00894955484845653,87.21023075791493
17867,1582.0500000000002,15,638,2009-12-02 13:39:00,2011-11-09 14:15:00,0.008945483707677459,87.2191762416226
14719,1581.84,5,1025,2011-04-04 14:17:00,2011-12-08 12:43:00,0.008944296291616896,87.22812053791422
15279,1580.54,5,802,2010-02-02 10:15:00,2010-12-20 10:48:00,0.008936945620765798,87.23705748353498
13202,1580.3,7,572,2009-12-09 10:48:00,2010-11-10 16:24:00,0.00893558857383944,87.24599307210882
14587,1580.29,9,749,2011-01-12 13:16:00,2011-11-21 11:34:00,0.00893553203021751,87.25492860413904
13752,1579.8300000000002,7,1005,2010-06-30 10:23:00,2011-08-07 14:16:00,0.00893293102360866,87.26386153516265
12607,1579.51,1,1228,2011-10-10 16:06:00,2011-10-10 16:06:00,0.00893112162770685,87.27279265679036
17222,1579.51,6,857,2010-01-10 15:24:00,2011-10-05 13:58:00,0.00893112162770685,87.28172377841807
17649,1578.89,3,723,2010-08-24 13:01:00,2011-07-24 15:53:00,0.008927615923147097,87.29065139434121
13186,1575.89,3,820,2011-08-03 09:09:00,2011-10-31 11:40:00,0.008910652836567638,87.29956204717777
12549,1575.68,6,1366,2010-01-11 12:29:00,2010-05-13 12:05:00,0.008909465420507075,87.30847151259827
13337,1575.26,1,980,2010-06-11 13:27:00,2010-06-11 13:27:00,0.008907090588385952,87.31737860318665
14489,1574.93,4,1011,2010-04-06 09:52:00,2011-05-16 14:51:00,0.008905224648862212,87.32628382783551
16099,1573.2,7,960,2010-03-03 11:13:00,2011-10-20 13:13:00,0.008895442602268057,87.33517927043778
17886,1572.55,6,711,2010-04-29 11:10:00,2011-11-08 10:09:00,0.008891767266842506,87.34407103770462
14136,1570.81,5,1148,2009-12-08 09:19:00,2010-11-04 11:53:00,0.00888192867662642,87.35295296638125
14198,1569.73,9,623,2010-01-05 10:07:00,2011-11-21 16:35:00,0.008875821965457815,87.36182878834671
13539,1569.3600000000001,7,710,2010-04-28 12:04:00,2011-09-15 10:18:00,0.00887372985144635,87.37070251819816
17624,1568.63,4,958,2009-12-20 12:35:00,2011-11-25 10:52:00,0.008869602167045349,87.3795721203652
16774,1567.48,8,774,2010-02-16 16:53:00,2011-10-03 12:41:00,0.008863099650523223,87.38843522001572
13939,1560.96,7,1608,2010-04-06 12:43:00,2011-11-16 13:33:00,0.008826233209023865,87.39726145322474
15466,1560.46,4,941,2009-12-03 12:28:00,2011-09-15 14:08:00,0.00882340602792729,87.40608485925267
12629,1558.22,2,722,2010-10-12 16:40:00,2010-11-19 09:18:00,0.008810740256614628,87.4148955995093
16140,1557.6000000000001,3,1376,2010-09-24 12:03:00,2011-10-05 12:15:00,0.008807234552054873,87.42370283406134
16394,1555.34,5,2604,2011-02-23 10:58:00,2011-10-14 09:48:00,0.008794455693498347,87.43249728975485
15149,1554.6100000000001,5,380,2010-02-28 11:13:00,2011-07-29 10:58:00,0.008790328009097346,87.44128761776395
18149,1553.96,7,869,2010-03-14 12:41:00,2011-10-20 12:04:00,0.008786652673671794,87.45007427043763
13360,1553.65,4,942,2010-01-08 11:16:00,2010-10-04 12:37:00,0.008784899821391919,87.45885917025902
15074,1553.1299999999999,3,1039,2010-08-29 11:47:00,2011-08-26 14:45:00,0.008781959553051477,87.46764112981207
13377,1552.88,2,748,2010-03-04 10:06:00,2010-11-08 12:20:00,0.00878054596250319,87.47642167577457
17851,1552.35,6,933,2009-12-03 17:46:00,2010-10-13 15:13:00,0.008777549150540818,87.48519922492511
17323,1551.04,12,1426,2010-01-10 11:58:00,2011-11-24 17:29:00,0.00877014193606779,87.49396936686118
14186,1550.63,5,1550,2010-03-05 11:17:00,2010-10-08 13:30:00,0.008767823647568597,87.50273719050875
16366,1548.1299999999999,4,882,2009-12-16 10:39:00,2011-11-21 08:19:00,0.008753687742085714,87.51149087825084
17454,1547.94,10,727,2010-01-15 15:40:00,2011-05-31 13:58:00,0.008752613413269016,87.5202434916641
14754,1547.93,6,1010,2010-01-18 11:04:00,2011-10-26 12:01:00,0.008752556869647083,87.52899604853376
16461,1545.83,3,933,2010-03-03 13:57:00,2011-06-15 12:07:00,0.008740682709041462,87.5377367312428
16790,1545.6200000000001,6,898,2011-11-02 11:23:00,2011-12-06 11:53:00,0.008739495292980902,87.54647622653579
16017,1545.58,5,635,2010-01-05 12:06:00,2011-10-23 12:56:00,0.008739269118493175,87.55521549565428
18036,1545.49,11,741,2009-12-18 12:04:00,2011-11-07 14:40:00,0.008738760225895792,87.56395425588018
16915,1543.18,11,190,2010-05-19 13:32:00,2011-11-30 16:39:00,0.008725698649229608,87.5726799545294
13783,1542.09,4,3437,2010-02-04 13:47:00,2010-08-09 09:23:00,0.00871953539443907,87.58139948992384
12818,1542.08,1,929,2011-03-23 12:06:00,2011-03-23 12:06:00,0.008719478850817138,87.59011896877466
17837,1541.23,8,510,2011-06-29 16:44:00,2011-10-28 16:13:00,0.00871467264295296,87.59883364141761
13310,1541.2,5,816,2010-11-02 17:03:00,2011-11-11 17:23:00,0.008714503012087165,87.6075481444297
13579,1539.04,5,764,2010-02-18 13:53:00,2011-11-25 08:41:00,0.008702289589749954,87.61625043401945
16835,1538.41,6,515,2010-05-19 08:41:00,2011-08-03 13:50:00,0.008698727341568268,87.62494916136102
15798,1535.37,3,915,2010-01-27 11:55:00,2010-08-04 09:13:00,0.008681538080501082,87.63363069944151
13402,1535.13,4,1107,2010-05-24 10:56:00,2011-08-04 15:51:00,0.008680181033574728,87.64231088047508
14695,1534.22,3,661,2009-12-07 11:05:00,2010-07-08 14:18:00,0.008675035563978958,87.65098591603906
18252,1533.69,7,932,2009-12-18 16:13:00,2011-10-20 12:43:00,0.008672038752016588,87.65965795479107
16491,1533.16,2,1060,2010-10-22 15:42:00,2011-10-24 10:18:00,0.008669041940054217,87.66832699673112
14567,1530.3600000000001,2,412,2011-08-01 13:48:00,2011-10-14 10:21:00,0.00865320972591339,87.67698020645703
15701,1529.0,4,912,2011-08-21 12:36:00,2011-12-07 14:39:00,0.0086455197933307,87.68562572625036
17990,1527.6100000000001,6,777,2009-12-07 15:19:00,2011-04-17 11:44:00,0.00863766022988222,87.69426338648024
12926,1523.97,4,754,2009-12-14 14:35:00,2010-10-24 15:57:00,0.008617078351499143,87.70288046483175
15587,1522.0800000000002,7,528,2010-08-05 08:44:00,2011-10-20 13:37:00,0.008606391606954084,87.71148685643871
16066,1521.04,5,935,2011-08-07 14:33:00,2011-11-23 11:54:00,0.008600511070273202,87.72008736750898
14055,1520.96,3,720,2009-12-16 15:11:00,2011-08-25 15:04:00,0.008600058721297751,87.72868742623028
14264,1517.3600000000001,6,553,2010-04-07 13:21:00,2011-07-08 10:20:00,0.008579703017402402,87.73726712924768
14068,1516.72,4,510,2010-01-31 10:10:00,2011-01-23 16:02:00,0.008576084225598784,87.74584321347328
14267,1516.24,3,530,2011-03-24 11:38:00,2011-06-30 10:09:00,0.008573370131746071,87.75441658360502
13791,1516.0,2,1200,2011-06-24 16:38:00,2011-08-04 11:44:00,0.008572013084819714,87.76298859668984
14220,1515.0,4,468,2010-05-19 13:26:00,2011-04-06 13:23:00,0.00856635872262656,87.77155495541247
14682,1514.81,6,949,2010-02-05 14:47:00,2011-06-05 12:12:00,0.00856528439380986,87.78012023980628
17764,1513.57,5,674,2009-12-03 14:28:00,2011-10-20 11:03:00,0.008558272984690352,87.78867851279097
17610,1511.94,5,893,2009-12-06 16:07:00,2010-06-17 16:34:00,0.008549056374315512,87.79722756916529
17977,1511.45,2,1948,2010-11-04 14:26:00,2011-11-10 13:28:00,0.008546285736840869,87.80577385490213
17025,1510.6399999999999,5,1024,2010-03-08 13:37:00,2011-10-10 09:06:00,0.008541705703464414,87.81431556060559
13370,1509.74,1,686,2010-12-03 10:26:00,2010-12-03 10:26:00,0.008536616777490577,87.82285217738308
16037,1509.34,5,766,2010-03-01 12:31:00,2011-03-15 09:13:00,0.008534355032613315,87.83138653241569
15948,1509.0900000000001,3,852,2010-10-11 12:16:00,2011-12-01 15:32:00,0.00853294144206503,87.83991947385776
18074,1509.04,2,551,2010-07-22 10:31:00,2010-12-01 09:53:00,0.00853265872395537,87.84845213258171
16910,1508.96,8,884,2011-09-09 14:14:00,2011-12-05 12:51:00,0.008532206374979917,87.85698433895669
13158,1508.18,5,992,2010-11-16 17:12:00,2011-09-06 11:58:00,0.008527795972469259,87.86551213492916
15261,1508.0,4,806,2010-10-01 11:59:00,2011-07-27 15:20:00,0.00852677818727449,87.87403891311644
17179,1507.26,6,625,2010-05-26 11:22:00,2011-06-14 16:48:00,0.008522593959251559,87.88256150707569
18022,1507.25,5,1311,2010-06-11 13:59:00,2011-11-04 12:45:00,0.008522537415629626,87.89108404449132
15110,1505.8500000000001,6,337,2010-08-11 15:49:00,2011-11-16 11:16:00,0.008514621308559213,87.89959866579989
16450,1505.73,3,681,2010-02-21 15:46:00,2011-07-13 11:47:00,0.008513942785096033,87.90811260858499
14802,1502.98,2,2,2010-09-27 16:32:00,2010-09-27 16:34:00,0.008498393289064864,87.91661100187405
13810,1499.01,3,312,2011-10-14 12:57:00,2011-11-11 08:33:00,0.008475945471158045,87.9250869473452
16714,1497.33,4,828,2010-02-07 11:17:00,2011-05-05 11:09:00,0.008466446142673549,87.93355339348788
15590,1496.6,5,832,2010-04-12 10:09:00,2010-11-22 14:49:00,0.008462318458272548,87.94201571194615
16340,1496.24,3,1319,2010-06-06 13:26:00,2011-08-24 14:53:00,0.008460282887883013,87.95047599483404
15882,1495.98,8,814,2009-12-10 15:33:00,2011-05-25 11:35:00,0.008458812753712793,87.95893480758775
15173,1494.6,7,840,2010-04-01 12:26:00,2010-11-24 10:21:00,0.008451009733886242,87.96738581732164
14894,1492.81,3,603,2009-12-02 10:42:00,2011-09-15 13:51:00,0.008440888425560499,87.9758267057472
16239,1492.2,6,692,2010-09-02 19:17:00,2011-10-14 08:29:00,0.008437439264622676,87.98426414501182
16314,1491.4,3,636,2010-08-24 11:52:00,2010-11-15 12:06:00,0.008432915774868153,87.99269706078668
18268,1490.23,6,711,2009-12-11 10:27:00,2011-07-28 19:13:00,0.008426300171102165,88.00112336095778
13042,1488.59,3,812,2009-12-07 15:42:00,2010-04-20 13:43:00,0.008417027017105394,88.00954038797488
17290,1487.96,8,1139,2009-12-13 13:28:00,2011-12-06 12:38:00,0.008413464768923707,88.0179538527438
14609,1486.2,10,12720,2010-02-09 09:48:00,2011-09-28 12:54:00,0.008403513091463758,88.02635736583527
15630,1481.4,3,987,2010-03-05 14:30:00,2011-10-25 15:36:00,0.008376372152936627,88.0347337379882
15101,1477.94,6,676,2010-04-28 15:00:00,2011-12-01 10:18:00,0.008356808059748316,88.04309054604795
14246,1474.06,3,804,2011-04-08 08:25:00,2011-08-21 11:50:00,0.008334869134438884,88.0514254151824
17590,1468.02,3,822,2011-10-30 14:05:00,2011-12-07 12:55:00,0.00830071678679224,88.05972613196919
13138,1467.24,7,718,2010-11-08 11:45:00,2011-11-17 16:51:00,0.00829630638428158,88.06802243835347
13500,1466.3,4,838,2010-11-03 13:16:00,2011-11-16 15:35:00,0.008290991283820017,88.07631342963728
16419,1463.7,8,701,2010-02-09 13:26:00,2011-08-19 12:33:00,0.008276289942117819,88.0845897195794
12882,1463.04,2,246,2011-11-06 11:22:00,2011-11-30 16:18:00,0.008272558063070338,88.09286227764247
16586,1462.78,3,348,2010-03-14 11:24:00,2011-04-05 09:32:00,0.008271087928900118,88.10113336557137
17978,1460.9099999999999,4,1796,2009-12-08 13:27:00,2010-12-09 14:05:00,0.008260514271598922,88.10939387984297
18196,1457.19,4,1038,2010-03-17 14:55:00,2011-09-05 16:22:00,0.008239480044240395,88.11763335988721
15071,1455.56,4,416,2010-05-18 12:45:00,2011-09-07 11:43:00,0.008230263433865554,88.12586362332107
16569,1455.23,5,988,2009-12-16 15:05:00,2011-12-06 15:32:00,0.008228397494341816,88.1340920208154
12970,1453.6,10,954,2009-12-04 14:19:00,2011-12-02 14:30:00,0.008219180883966976,88.14231120169937
13165,1451.16,3,1736,2010-10-22 17:04:00,2011-10-24 15:05:00,0.008205384240215684,88.15051658593958
13361,1450.5,2,324,2010-04-01 07:49:00,2010-08-24 14:56:00,0.008201652361168201,88.15871823830075
15574,1450.48,6,909,2010-09-01 14:37:00,2011-06-15 12:01:00,0.008201539273924339,88.16691977757468
14657,1450.19,6,879,2010-09-30 19:57:00,2011-11-22 12:47:00,0.008199899508888326,88.17511967708357
16121,1450.04,5,879,2010-05-23 10:52:00,2011-10-13 12:59:00,0.008199051354559353,88.18331872843814
15876,1449.1399999999999,2,886,2010-09-17 15:26:00,2010-10-26 18:58:00,0.008193962428585513,88.19151269086673
13023,1449.03,3,585,2010-06-29 09:51:00,2011-10-06 16:27:00,0.008193340448744268,88.19970603131547
15076,1447.74,3,866,2010-07-05 14:11:00,2011-06-20 08:23:00,0.0081860463215151,88.20789207763698
17582,1446.95,5,603,2010-03-26 12:23:00,2011-04-17 13:18:00,0.00818157937538251,88.21607365701237
17073,1446.09,4,759,2011-08-22 14:37:00,2011-11-22 11:47:00,0.008176716623896399,88.22425037363627
13583,1445.031,2,1097,2010-01-29 13:53:00,2011-07-07 10:40:00,0.00817072865433385,88.2324211022906
15636,1444.58,4,560,2010-05-19 11:37:00,2011-09-11 11:17:00,0.008168178536984736,88.24058928082759
17175,1443.69,4,866,2011-02-16 14:56:00,2011-10-26 15:31:00,0.008163146154632832,88.24875242698222
17734,1442.32,6,741,2010-03-07 13:55:00,2011-10-17 12:33:00,0.008155399678428212,88.25690782666065
18106,1441.06,6,506,2010-01-15 11:36:00,2011-01-14 12:23:00,0.008148275182064839,88.26505610184272
18066,1440.4,3,535,2010-10-20 11:42:00,2011-09-25 15:30:00,0.008144543303017358,88.27320064514574
13543,1439.6100000000001,2,329,2010-01-21 14:30:00,2010-03-15 13:34:00,0.008140076356884768,88.28134072150262
14071,1437.57,8,994,2011-03-20 11:33:00,2011-12-06 12:27:00,0.008128541458010735,88.28946926296062
16088,1437.43,2,373,2010-04-27 10:56:00,2010-05-13 10:16:00,0.008127749847303694,88.29759701280793
13278,1435.85,4,1358,2010-04-08 11:59:00,2011-10-30 11:49:00,0.008118815955038512,88.30571582876297
12805,1434.95,4,593,2010-02-03 09:06:00,2010-11-23 12:27:00,0.008113727029064675,88.31382955579204
12389,1433.33,3,614,2010-02-22 10:15:00,2010-11-02 11:52:00,0.008104566962311767,88.32193412275436
17941,1433.28,4,1108,2010-01-06 15:37:00,2011-08-01 08:30:00,0.00810428424420211,88.33003840699855
13475,1431.78,4,1012,2011-02-14 12:36:00,2011-06-01 13:52:00,0.008095802700912381,88.33813420969946
15427,1430.54,3,967,2011-10-23 14:47:00,2011-11-06 14:29:00,0.00808879129179287,88.34622300099126
15468,1430.48,3,1400,2010-11-12 09:39:00,2011-10-19 13:49:00,0.008088452030061283,88.35431145302132
14684,1430.03,6,1005,2010-11-14 14:07:00,2011-11-14 11:33:00,0.008085907567074363,88.3623973605884
17950,1429.46,7,845,2010-01-04 17:39:00,2011-09-28 15:18:00,0.008082684580624265,88.37048004516903
13159,1429.35,4,1058,2011-08-16 11:44:00,2011-12-01 11:20:00,0.008082062600783018,88.37856210776981
18071,1428.63,6,835,2009-12-05 10:31:00,2011-03-27 11:59:00,0.00807799146000395,88.38664009922981
14412,1426.19,3,1428,2010-10-11 12:33:00,2011-10-28 10:45:00,0.008064194816252656,88.39470429404606
17411,1425.38,5,608,2009-12-03 12:02:00,2011-11-27 14:25:00,0.008059614782876203,88.40276390882894
18221,1424.94,6,1000,2010-11-14 15:46:00,2011-11-17 14:40:00,0.008057126863511215,88.41082103569245
13145,1423.52,7,266,2010-04-19 11:11:00,2011-10-31 12:45:00,0.008049097669196937,88.41887013336165
16980,1422.8300000000002,3,990,2010-10-07 14:05:00,2011-03-29 16:36:00,0.008045196159283664,88.42691532952094
17438,1422.77,5,553,2010-03-08 16:53:00,2011-03-31 10:26:00,0.008044856897552074,88.4349601864185
15106,1422.52,5,1181,2011-03-15 12:52:00,2011-11-22 09:16:00,0.008043443307003784,88.4430036297255
16463,1422.4,4,1163,2011-05-19 14:45:00,2011-11-18 14:01:00,0.008042764783540608,88.45104639450904
14019,1421.61,3,1037,2011-07-24 15:39:00,2011-10-24 10:13:00,0.008038297837408016,88.45908469234644
15799,1421.34,4,1341,2010-10-17 14:26:00,2011-09-25 12:46:00,0.008036771159615866,88.46712146350605
14775,1418.46,3,1558,2010-12-02 16:38:00,2011-10-12 15:27:00,0.008020486596499586,88.47514195010254
16173,1418.32,6,575,2011-09-02 15:23:00,2011-11-24 10:53:00,0.008019694985792542,88.48316164508833
17856,1418.03,4,842,2011-03-03 11:40:00,2011-12-08 09:40:00,0.008018055220756529,88.49117970030909
15223,1417.95,5,385,2009-12-05 11:19:00,2011-04-28 11:31:00,0.008017602871781078,88.49919730318086
16245,1413.66,3,1014,2011-03-28 09:30:00,2011-11-16 10:14:00,0.007993345657972451,88.50719064883884
17496,1412.89,4,675,2010-01-14 13:36:00,2010-12-16 08:39:00,0.007988991799083724,88.51517964063792
15237,1412.32,4,1071,2011-04-26 15:04:00,2011-12-08 09:46:00,0.007985768812633626,88.52316540945056
16848,1411.62,4,780,2010-10-03 11:01:00,2011-10-18 08:42:00,0.007981810759098418,88.53114722020966
15444,1411.21,2,759,2011-10-30 16:12:00,2011-11-30 17:37:00,0.007979492470599227,88.53912671268026
16906,1410.92,7,590,2010-05-13 13:23:00,2011-09-19 11:49:00,0.007977852705563213,88.54710456538582
17714,1410.18,5,608,2010-07-14 10:41:00,2011-01-23 10:32:00,0.00797366847754028,88.55507823386337
17545,1409.8600000000001,6,682,2010-05-11 10:04:00,2011-10-27 14:04:00,0.00797185908163847,88.563050092945
16854,1408.96,2,997,2010-03-09 14:32:00,2010-10-18 16:31:00,0.007966770155664634,88.57101686310067
13049,1408.24,4,620,2010-11-03 15:39:00,2011-10-06 15:31:00,0.007962699014885563,88.57897956211555
12695,1407.1200000000001,7,454,2010-02-12 13:22:00,2011-12-02 13:22:00,0.007956366129229233,88.58693592824478
15652,1405.94,5,657,2010-08-11 16:58:00,2011-09-09 14:22:00,0.007949693981841312,88.59488562222663
14909,1404.68,3,888,2010-02-14 15:47:00,2010-09-28 16:56:00,0.007942569485477939,88.6028281917121
12765,1404.58,6,1009,2010-03-08 09:43:00,2010-08-24 13:51:00,0.007942004049258624,88.61077019576136
18189,1403.73,3,836,2010-03-24 09:57:00,2011-09-23 12:40:00,0.007937197841394444,88.61870739360276
15186,1403.2,5,716,2010-01-12 10:14:00,2011-11-25 14:58:00,0.007934201029432071,88.62664159463219
13259,1402.54,9,503,2010-01-10 10:26:00,2011-10-09 10:48:00,0.007930469150384591,88.63457206378257
14687,1402.06,3,850,2010-06-06 10:36:00,2011-08-25 11:59:00,0.007927755056531878,88.6424998188391
16926,1399.8600000000001,5,232,2010-07-01 12:57:00,2010-12-03 13:42:00,0.007915315459706944,88.65041513429881
18202,1396.99,3,581,2011-02-01 13:36:00,2011-05-24 12:12:00,0.007899087440212593,88.65831422173902
16129,1396.05,3,1261,2010-07-20 12:32:00,2010-10-28 14:29:00,0.00789377233975103,88.66620799407877
14487,1391.37,7,798,2010-11-25 13:36:00,2011-11-13 12:17:00,0.007867309924687075,88.67407530400347
15322,1390.86,2,971,2010-08-20 13:10:00,2011-09-15 09:34:00,0.007864426199968567,88.68193973020344
15141,1388.47,7,1197,2010-03-28 15:58:00,2010-09-08 11:33:00,0.00785091227432693,88.68979064247776
12952,1387.79,4,653,2011-09-22 16:37:00,2011-12-04 10:35:00,0.007847067308035588,88.6976377097858
13382,1387.58,5,863,2009-12-08 09:56:00,2011-03-04 10:03:00,0.007845879891975025,88.70548358967777
16167,1386.1200000000001,5,1494,2009-12-01 10:46:00,2010-10-21 15:33:00,0.007837624523173022,88.71332121420095
18167,1384.8600000000001,3,382,2011-08-26 11:40:00,2011-11-16 15:56:00,0.00783050002680965,88.72115171422776
13572,1384.25,1,534,2011-05-18 11:59:00,2011-05-18 11:59:00,0.007827050865871826,88.72897876509363
14116,1382.74,5,707,2011-08-10 12:44:00,2011-11-20 10:29:00,0.007818512778960165,88.73679727787258
16389,1382.07,4,1242,2011-03-01 15:47:00,2011-10-17 14:41:00,0.007814724356290752,88.74461200222888
14861,1380.73,10,1076,2009-12-08 12:12:00,2011-10-18 12:54:00,0.007807147510951928,88.75241914973982
15751,1380.44,11,443,2009-12-06 13:08:00,2010-09-05 12:44:00,0.007805507745915915,88.76022465748574
13821,1379.08,6,477,2010-01-04 13:36:00,2011-07-18 09:49:00,0.007797817813333226,88.76802247529906
17878,1378.93,3,1014,2010-11-09 13:50:00,2011-10-27 11:24:00,0.007796969659004254,88.77581944495806
13074,1378.74,4,826,2009-12-16 11:46:00,2010-07-16 16:53:00,0.007795895330187554,88.78361534028825
12886,1378.4,2,770,2011-05-04 11:21:00,2011-10-03 10:09:00,0.0077939728470418825,88.79140931313529
16727,1377.77,4,1066,2010-01-20 10:48:00,2010-12-10 13:48:00,0.007790410598860196,88.79919972373415
14853,1376.87,5,345,2010-04-13 09:26:00,2011-11-15 16:56:00,0.007785321672886357,88.80698504540703
14662,1376.43,7,907,2009-12-03 16:47:00,2011-11-11 12:13:00,0.0077828337535213715,88.81476787916056
14083,1376.2,11,912,2009-12-18 11:34:00,2011-12-05 13:14:00,0.007781533250216946,88.82254941241078
15580,1375.39,8,955,2010-02-07 11:21:00,2010-11-28 11:00:00,0.007776953216840493,88.83032636562763
17908,1374.5,5,839,2009-12-14 12:24:00,2010-12-01 11:45:00,0.007771920834488587,88.83809828646211
14265,1373.35,4,715,2010-04-06 14:39:00,2011-08-22 13:32:00,0.007765418317966459,88.84586370478009
14434,1372.8,6,368,2011-09-28 15:31:00,2011-11-18 08:56:00,0.007762308418760225,88.85362601319885
15453,1371.77,7,837,2011-06-05 12:37:00,2011-12-08 10:59:00,0.007756484425701279,88.86138249762455
14538,1370.8400000000001,5,284,2010-01-25 15:42:00,2011-10-06 10:31:00,0.007751225868861646,88.8691337234934
14316,1370.34,5,4494,2010-03-19 15:18:00,2010-10-13 16:31:00,0.00774839868776507,88.87688212218117
12533,1367.89,2,704,2009-12-01 11:50:00,2010-03-22 10:56:00,0.007734545500391847,88.88461666768157
16300,1367.32,3,643,2010-02-02 11:40:00,2010-10-05 13:14:00,0.007731322513941748,88.89234799019552
13035,1364.2,3,926,2010-10-04 15:41:00,2011-09-27 08:57:00,0.0077136809038991115,88.90006167109942
14577,1364.15,7,569,2009-12-11 12:09:00,2011-11-27 12:47:00,0.007713398185789455,88.90777506928521
14114,1364.09,7,650,2010-04-12 11:07:00,2011-03-11 09:42:00,0.007713058924057864,88.91548812820926
13760,1363.6399999999999,5,623,2010-04-25 13:10:00,2011-10-16 16:13:00,0.007710514461070945,88.92319864267033
15347,1363.6,4,672,2010-09-28 12:50:00,2010-12-08 15:25:00,0.007710288286583219,88.93090893095692
16588,1361.28,4,882,2010-05-14 13:43:00,2010-11-18 17:56:00,0.007697170166295106,88.93860610112321
13396,1360.99,2,600,2011-01-24 13:37:00,2011-11-10 16:59:00,0.007695530401259091,88.94630163152448
13919,1360.68,4,1133,2010-06-17 09:30:00,2011-10-11 14:24:00,0.007693777548979214,88.95399540907346
16384,1358.95,4,861,2010-04-28 14:01:00,2011-09-11 11:19:00,0.00768399550238506,88.96167940457585
17150,1357.95,6,397,2009-12-06 10:51:00,2010-11-28 11:27:00,0.007678341140191907,88.96935774571604
17429,1357.46,5,1286,2010-10-06 12:30:00,2011-08-03 13:22:00,0.007675570502717262,88.97703331621875
12875,1356.99,5,5187,2010-01-11 12:37:00,2011-07-19 15:30:00,0.00767291295248648,88.98470622917124
17054,1356.33,5,804,2011-04-08 13:14:00,2011-11-11 12:56:00,0.0076691810734389985,88.99237541024468
15116,1352.75,4,648,2011-05-19 08:50:00,2011-11-22 12:25:00,0.007648938456787511,89.00002434870146
16079,1352.0,3,864,2011-10-30 13:06:00,2011-11-23 12:48:00,0.007644697685142647,89.0076690463866
17796,1351.04,7,375,2010-10-14 13:37:00,2011-10-30 15:38:00,0.00763926949743722,89.01530831588403
16367,1350.48,3,1103,2010-11-21 13:23:00,2011-11-02 13:13:00,0.007636103054609054,89.02294441893864
14847,1348.95,3,533,2010-05-24 12:29:00,2011-07-14 10:52:00,0.007627451880453531,89.03057187081909
15411,1348.93,4,529,2011-06-10 12:30:00,2011-11-13 15:19:00,0.007627338793209667,89.0381992096123
16669,1348.88,3,881,2011-09-22 14:13:00,2011-11-16 12:26:00,0.0076270560751000105,89.0458262656874
12646,1346.97,2,897,2011-10-21 12:52:00,2011-12-05 10:14:00,0.007616256243311088,89.0534425219307
14320,1346.75,5,713,2010-01-21 11:44:00,2011-05-17 09:24:00,0.007615012283628595,89.06105753421433
13639,1346.27,2,997,2010-09-29 10:05:00,2011-09-26 13:36:00,0.007612298189775881,89.0686698324041
15398,1345.53,2,769,2011-09-22 14:56:00,2011-11-23 16:47:00,0.007608113961752947,89.07627794636585
12426,1345.21,2,584,2010-02-15 08:41:00,2011-05-29 12:26:00,0.007606304565851139,89.0838842509317
14550,1345.06,4,771,2010-08-13 12:05:00,2011-11-29 12:12:00,0.007605456411522166,89.09148970734323
12463,1344.78,4,776,2011-04-12 12:47:00,2011-10-17 13:44:00,0.0076038731901080835,89.09909358053334
15154,1343.72,3,333,2010-08-18 17:41:00,2011-09-25 16:05:00,0.007597879566183342,89.10669146009951
14618,1342.32,7,704,2010-06-11 10:11:00,2011-11-30 13:45:00,0.007589963459112926,89.11428142355862
13743,1341.6,7,1776,2011-03-25 14:46:00,2011-12-07 10:09:00,0.007585892318333856,89.12186731587695
17499,1341.39,2,1086,2010-05-27 09:59:00,2011-02-23 09:14:00,0.007584704902273295,89.12945202077923
12620,1339.41,3,1181,2011-05-19 12:10:00,2011-11-25 10:20:00,0.007573509265130853,89.13702553004435
12711,1339.05,2,770,2010-02-01 11:30:00,2010-04-07 11:59:00,0.007571473694741317,89.1445970037391
12591,1338.95,3,653,2010-10-27 10:42:00,2011-01-26 14:35:00,0.007570908258522003,89.15216791199761
13803,1338.91,3,831,2010-03-31 10:00:00,2011-03-29 12:57:00,0.0075706820840342765,89.15973859408165
13220,1336.0900000000001,5,396,2010-05-13 10:35:00,2011-09-22 13:38:00,0.007554736782649587,89.1672933308643
12919,1335.19,6,673,2011-06-23 09:22:00,2011-12-01 13:47:00,0.007549647856675748,89.17484297872097
17033,1332.79,4,871,2010-11-07 12:55:00,2011-09-14 14:34:00,0.007536077387412181,89.18237905610839
17932,1331.57,3,789,2011-05-12 13:58:00,2011-11-10 19:49:00,0.007529179065536534,89.18990823517393
14899,1331.38,1,570,2010-11-09 15:20:00,2010-11-09 15:20:00,0.007528104736719835,89.19743633991065
16295,1328.55,4,841,2011-10-06 10:45:00,2011-11-30 08:17:00,0.007512102891713212,89.20494844280236
13232,1328.35,7,773,2011-04-10 13:48:00,2011-11-27 10:39:00,0.007510972019274581,89.21245941482164
14712,1328.0700000000002,4,411,2010-10-17 14:49:00,2011-11-10 12:59:00,0.0075093887978605,89.2199688036195
15146,1327.16,2,1473,2011-02-21 13:07:00,2011-06-28 12:09:00,0.00750424332826473,89.22747304694776
14956,1325.0,1,2500,2010-10-14 16:40:00,2010-10-14 16:40:00,0.0074920299059275195,89.2349650768537
12960,1322.07,4,1379,2010-02-16 13:32:00,2010-10-22 09:31:00,0.007475462624701582,89.2424405394784
13497,1320.33,6,579,2010-02-08 10:27:00,2011-03-02 09:04:00,0.007465624034485497,89.24990616351288
14591,1320.21,4,1228,2011-05-10 14:09:00,2011-11-24 13:57:00,0.007464945511022319,89.2573711090239
17097,1318.08,9,649,2010-10-05 14:09:00,2011-12-07 17:05:00,0.007452901719550902,89.26482401074344
12526,1316.66,3,632,2011-09-06 14:19:00,2011-12-09 12:09:00,0.007444872525236627,89.27226888326868
14921,1316.07,2,953,2011-05-22 12:51:00,2011-11-09 13:17:00,0.007441536451542665,89.27971041972022
14511,1314.81,5,784,2011-07-29 12:13:00,2011-11-28 17:05:00,0.007434411955179293,89.28714483167539
14973,1314.45,3,369,2011-04-28 12:22:00,2011-08-24 15:51:00,0.0074323763847897574,89.29457720806018
16296,1313.67,4,645,2009-12-18 12:03:00,2010-03-23 13:11:00,0.007427965982279098,89.30200517404245
13282,1313.19,4,410,2010-10-29 14:11:00,2011-11-21 15:33:00,0.007425251888426385,89.30943042593087
12364,1313.1,4,1506,2011-08-19 15:24:00,2011-12-02 10:22:00,0.007424742995829001,89.3168551689267
16756,1312.3700000000001,7,707,2010-03-09 15:56:00,2011-05-09 09:33:00,0.007420615311428001,89.32427578423813
12639,1312.37,3,631,2010-03-22 09:05:00,2011-04-15 12:48:00,0.007420615311427999,89.33169639954956
12987,1312.21,5,585,2010-01-20 09:57:00,2011-09-27 12:03:00,0.007419710613477096,89.33911611016303
17027,1310.63,9,645,2009-12-10 12:10:00,2011-09-22 12:24:00,0.007410776721211914,89.34652688688425
13855,1310.3400000000001,4,575,2009-12-08 16:56:00,2010-07-27 09:53:00,0.007409136956175899,89.35393602384042
16955,1309.41,6,823,2010-01-31 11:38:00,2011-06-08 10:36:00,0.007403878399336267,89.36133990223975
12717,1308.91,3,600,2010-04-28 14:34:00,2011-07-11 14:47:00,0.007401051218239691,89.36874095345799
13328,1308.48,1,680,2011-01-27 15:22:00,2011-01-27 15:22:00,0.007398619842496635,89.37613957330048
16377,1308.48,2,2928,2010-04-01 10:36:00,2011-03-17 15:41:00,0.007398619842496635,89.38353819314297
13846,1307.79,4,705,2010-11-05 09:47:00,2011-11-15 12:07:00,0.007394718332583359,89.39093291147555
16282,1307.58,3,790,2009-12-21 11:52:00,2011-01-04 11:42:00,0.007393530916522797,89.39832644239206
16894,1306.96,3,503,2010-06-22 14:21:00,2010-07-25 15:43:00,0.007390025211963042,89.40571646760402
15677,1305.63,3,675,2010-09-02 12:08:00,2011-10-21 15:36:00,0.00738250491024615,89.41309897251426
14297,1305.33,4,865,2011-03-10 08:31:00,2011-11-22 09:06:00,0.007380808601588204,89.42047978111584
15813,1303.9099999999999,2,603,2011-04-14 09:09:00,2011-05-16 08:13:00,0.007372779407273925,89.42785256052312
15400,1302.3,8,662,2010-05-28 08:33:00,2011-09-08 13:57:00,0.00736367588414295,89.43521623640726
16370,1301.91,4,640,2011-04-28 16:40:00,2011-09-18 15:55:00,0.007361470682887621,89.44257770709014
16574,1301.78,3,1002,2010-02-19 11:46:00,2011-09-29 13:39:00,0.007360735615802512,89.44993844270594
15108,1300.25,4,499,2011-04-26 10:54:00,2011-07-21 10:24:00,0.007352084441646986,89.45729052714759
14284,1299.65,3,510,2010-02-24 12:06:00,2011-11-09 08:11:00,0.007348691824331096,89.46463921897193
14480,1299.52,4,670,2009-12-21 16:32:00,2011-11-28 16:35:00,0.007347956757245985,89.47198717572917
16943,1299.49,5,147,2010-03-25 13:34:00,2011-05-12 11:57:00,0.007347787126380191,89.47933496285555
14479,1299.11,4,620,2009-12-06 13:48:00,2011-03-31 09:07:00,0.007345638468746793,89.4866806013243
16464,1298.66,3,952,2011-07-20 13:53:00,2011-11-20 12:11:00,0.007343094005759875,89.49402369533006
12488,1298.66,3,529,2011-09-25 10:34:00,2011-11-30 08:50:00,0.007343094005759875,89.50136678933582
12372,1298.04,3,794,2011-02-16 12:46:00,2011-09-29 12:12:00,0.007339588301200119,89.50870637763703
18286,1296.43,2,608,2009-12-16 10:45:00,2010-08-20 11:57:00,0.007330484778069144,89.51603686241509
16929,1295.39,7,929,2011-07-07 12:39:00,2011-12-06 08:37:00,0.0073246042413882655,89.52336146665648
13440,1295.25,7,573,2010-09-14 10:34:00,2010-10-12 13:11:00,0.007323812630681222,89.53068527928717
16212,1293.71,4,571,2010-02-07 15:26:00,2011-11-20 13:00:00,0.0073151049129037676,89.53800038420007
15621,1293.03,4,501,2011-11-18 11:49:00,2011-12-05 14:01:00,0.007311259946612423,89.5453116441467
16777,1292.18,5,470,2010-03-17 12:42:00,2011-09-20 13:41:00,0.007306453738748244,89.55261809788544
15471,1292.01,3,670,2010-06-07 12:17:00,2011-12-07 14:12:00,0.007305492497175408,89.55992359038262
16744,1291.91,7,798,2011-06-19 15:13:00,2011-11-28 13:06:00,0.007304927060956094,89.56722851744358
17109,1291.71,8,788,2010-07-30 12:42:00,2011-11-10 16:59:00,0.007303796188517462,89.5745323136321
14619,1291.24,2,594,2010-06-16 14:41:00,2011-04-08 07:37:00,0.007301138638286681,89.58183345227039
14856,1290.53,3,711,2011-10-14 09:35:00,2011-11-03 14:53:00,0.007297124041129541,89.58913057631152
16372,1290.31,5,722,2010-04-11 15:20:00,2011-11-06 13:08:00,0.007295880081447047,89.59642645639296
15171,1289.5,1,290,2011-01-12 15:36:00,2011-01-12 15:36:00,0.007291300048070594,89.60371775644103
14679,1289.44,3,794,2009-12-08 17:13:00,2010-11-23 11:51:00,0.007290960786339005,89.61100871722736
15774,1288.34,6,465,2010-02-21 12:57:00,2011-10-02 12:04:00,0.007284740987926536,89.61829345821529
15136,1286.7,4,776,2011-09-04 16:05:00,2011-12-07 12:26:00,0.007275467833929765,89.62556892604923
16608,1286.6200000000001,2,612,2010-02-14 11:57:00,2010-09-12 11:44:00,0.007275015484954315,89.63284394153418
16949,1286.27,6,791,2011-01-27 12:11:00,2011-12-06 11:07:00,0.00727303645818671,89.64011697799236
13300,1285.51,3,455,2010-05-14 15:56:00,2011-06-23 13:09:00,0.007268739142919914,89.64738571713528
14821,1278.95,7,479,2010-02-01 13:33:00,2010-12-08 08:43:00,0.007231646526932832,89.65461736366221
13617,1278.75,8,593,2010-08-01 15:23:00,2011-10-30 13:50:00,0.007230515654494202,89.66184787931671
17521,1278.06,5,806,2010-10-01 11:49:00,2011-11-10 11:22:00,0.007226614144580925,89.6690744934613
16951,1277.75,3,1318,2011-02-08 14:58:00,2011-07-28 12:05:00,0.007224861292301049,89.6762993547536
15211,1277.48,2,357,2010-12-09 16:08:00,2011-10-10 13:31:00,0.007223334614508897,89.6835226893681
14478,1276.66,4,1226,2009-12-01 13:20:00,2010-11-22 15:29:00,0.007218698037510511,89.69074138740561
17034,1276.42,5,694,2010-07-14 12:55:00,2011-11-23 15:14:00,0.0072173409905841555,89.69795872839619
13916,1275.81,4,673,2010-02-02 10:06:00,2010-09-02 10:04:00,0.007213891829646332,89.70517262022584
17142,1275.25,4,322,2010-01-24 15:23:00,2011-04-14 18:22:00,0.007210725386818166,89.71238334561265
14820,1274.76,9,724,2010-01-31 12:49:00,2011-11-18 15:41:00,0.007207954749343522,89.719591300362
15809,1274.44,7,700,2010-06-22 14:23:00,2011-11-03 16:40:00,0.007206145353441712,89.72679744571543
14167,1274.29,8,340,2010-01-27 16:07:00,2011-10-31 14:29:00,0.007205297199112739,89.73400274291454
14490,1273.47,2,933,2010-10-07 11:36:00,2010-10-29 15:04:00,0.007200660622114354,89.74120340353666
13443,1273.16,6,805,2010-01-31 13:30:00,2010-09-17 12:31:00,0.007198907769834477,89.74840231130649
17478,1272.8,2,516,2010-03-16 14:19:00,2010-10-27 15:01:00,0.0071968721994449415,89.75559918350594
12394,1272.48,2,819,2011-05-06 14:01:00,2011-10-07 08:08:00,0.007195062803543133,89.76279424630948
16222,1272.05,2,463,2009-12-18 14:31:00,2011-01-25 13:38:00,0.007192631427800076,89.76998687773728
12630,1270.88,2,548,2011-10-27 10:41:00,2011-11-30 10:48:00,0.007186015824034088,89.77717289356131
13492,1269.84,3,408,2011-05-09 10:06:00,2011-07-26 14:25:00,0.007180135287353209,89.78435302884867
15439,1269.05,4,572,2010-02-24 12:05:00,2010-10-31 10:38:00,0.007175668341220617,89.79152869718989
15584,1268.2,6,483,2010-02-07 12:16:00,2011-11-16 10:55:00,0.007170862133356439,89.79869955932324
13892,1267.6499999999999,6,3125,2010-05-13 10:32:00,2011-11-13 11:50:00,0.007167752234150204,89.80586731155739
17037,1267.32,1,656,2011-09-13 12:49:00,2011-09-13 12:49:00,0.0071658862946264645,89.81303319785202
17531,1266.82,3,472,2010-03-31 12:57:00,2011-06-02 19:17:00,0.007163059113529888,89.82019625696554
13515,1265.82,6,819,2010-03-05 11:58:00,2011-09-28 11:26:00,0.007157404751336735,89.82735366171688
17635,1265.58,3,770,2010-04-28 10:51:00,2010-10-11 15:12:00,0.007156047704410378,89.8345097094213
15038,1265.41,9,424,2010-10-10 14:35:00,2011-10-12 11:33:00,0.007155086462837542,89.84166479588413
14379,1265.16,4,712,2010-08-16 15:31:00,2011-10-26 16:43:00,0.007153672872289254,89.84881846875642
16842,1264.19,3,693,2011-02-10 14:51:00,2011-08-31 10:42:00,0.0071481881409618956,89.85596665689738
14427,1263.52,4,538,2010-03-18 09:49:00,2011-10-20 14:23:00,0.007144399718292483,89.86311105661567
17759,1261.88,5,965,2010-05-05 11:40:00,2011-11-22 16:02:00,0.007135126564295714,89.87024618317996
13065,1260.91,5,455,2010-06-10 11:44:00,2010-12-01 16:52:00,0.007129641832968355,89.87737582501293
16688,1260.86,4,804,2011-10-10 12:23:00,2011-12-08 15:24:00,0.007129359114858696,89.88450518412779
14984,1260.51,6,348,2010-01-11 13:22:00,2011-11-20 14:28:00,0.007127380088091093,89.89163256421588
18035,1260.23,5,1134,2010-11-19 13:42:00,2011-11-04 12:39:00,0.00712579686667701,89.89875836108256
17343,1259.94,6,454,2009-12-03 18:30:00,2010-12-19 15:07:00,0.007124157101640996,89.9058825181842
12993,1259.6299999999999,8,751,2010-02-18 10:35:00,2011-11-16 15:49:00,0.007122404249361117,89.91300492243356
13689,1259.5,2,722,2010-09-21 10:27:00,2011-10-07 13:21:00,0.007121669182276008,89.92012659161584
15009,1259.43,3,639,2011-11-14 17:40:00,2011-11-27 13:35:00,0.007121273376922489,89.92724786499276
15651,1259.06,5,871,2010-04-22 13:26:00,2011-11-03 08:41:00,0.007119181262911021,89.93436704625567
14474,1258.8899999999999,2,448,2010-05-09 12:12:00,2011-10-24 13:26:00,0.0071182200213381844,89.94148526627701
14931,1257.68,5,417,2011-04-13 09:32:00,2011-12-05 10:19:00,0.007111378243084471,89.9485966445201
12402,1256.9,6,584,2010-02-07 12:41:00,2011-01-20 13:49:00,0.007106967840573812,89.95570361236067
17481,1255.59,4,1061,2011-09-07 09:57:00,2011-12-06 12:28:00,0.007099560626100781,89.96280317298677
17862,1254.89,4,440,2010-05-25 17:22:00,2011-01-20 12:23:00,0.007095602572565574,89.96989877555933
14419,1254.64,7,552,2010-11-22 11:09:00,2011-11-29 11:22:00,0.0070941889820172865,89.97699296454135
15064,1254.41,4,810,2009-12-22 16:17:00,2010-10-25 14:32:00,0.007092888478712861,89.98408585302006
15441,1254.21,3,587,2009-12-09 14:55:00,2010-11-08 15:50:00,0.007091757606274231,89.99117761062634
15664,1254.03,4,530,2010-02-28 12:50:00,2011-10-20 10:57:00,0.007090739821079463,89.99826835044742
16292,1253.76,5,688,2010-04-14 13:29:00,2011-08-10 12:24:00,0.007089213143287311,90.0053575635907
14725,1252.74,4,1335,2010-06-23 11:34:00,2011-11-15 12:42:00,0.007083445693850295,90.01244100928456
15579,1250.63,5,713,2010-10-03 14:37:00,2011-10-02 12:45:00,0.007071514989622743,90.01951252427418
15599,1250.06,3,1098,2010-09-20 10:15:00,2011-11-13 11:44:00,0.0070682920031726465,90.02658081627735
18135,1249.6200000000001,10,753,2010-03-15 13:55:00,2011-11-10 19:32:00,0.007065804083807659,90.03364662036115
14020,1249.01,4,648,2010-06-28 15:29:00,2011-11-23 09:22:00,0.007062354922869834,90.04070897528402
12666,1248.42,1,370,2010-11-10 16:40:00,2010-11-10 16:40:00,0.007059018849175876,90.0477679941332
14383,1247.69,3,817,2011-06-29 10:18:00,2011-11-01 15:53:00,0.007054891164774873,90.05482288529797
12689,1247.61,2,628,2011-08-04 10:04:00,2011-11-14 08:31:00,0.007054438815799421,90.06187732411377
14240,1247.49,3,655,2010-10-12 12:48:00,2011-11-09 13:45:00,0.007053760292336243,90.0689310844061
13860,1245.9,5,591,2011-09-14 09:27:00,2011-12-08 12:57:00,0.00704476985644913,90.07597585426255
17076,1242.75,6,514,2009-12-04 12:12:00,2011-11-03 17:53:00,0.007026958615540698,90.08300281287809
17529,1240.25,2,790,2010-01-11 12:29:00,2010-04-08 17:51:00,0.007012822710057816,90.09001563558814
13863,1239.55,4,553,2010-04-25 13:09:00,2011-04-06 10:20:00,0.007008864656522609,90.09702450024467
12985,1239.38,2,1533,2011-11-11 12:44:00,2011-12-09 10:46:00,0.007007903414949774,90.10403240365962
14231,1235.6200000000001,4,610,2010-09-15 09:52:00,2011-06-09 11:05:00,0.00698664301310352,90.11101904667272
13201,1233.06,4,1036,2010-03-07 11:01:00,2010-07-25 14:30:00,0.006972167845889048,90.11799121451861
12605,1232.95,4,929,2010-09-07 14:21:00,2010-11-28 14:18:00,0.006971545866047801,90.12496276038466
16527,1232.94,2,708,2010-10-11 13:25:00,2011-09-19 16:21:00,0.00697148932242587,90.13193424970709
16159,1232.79,4,635,2009-12-03 11:51:00,2011-03-03 12:27:00,0.006970641168096896,90.13890489087518
18080,1231.5,2,642,2011-04-11 10:10:00,2011-11-21 08:02:00,0.006963347040867729,90.14586823791605
16723,1231.36,4,958,2009-12-04 13:23:00,2011-09-09 13:01:00,0.006962555430160686,90.15283079334621
12673,1230.02,3,700,2010-11-03 10:46:00,2011-12-04 13:55:00,0.006954978584821863,90.15978577193103
13019,1229.95,6,397,2009-12-06 15:40:00,2010-11-25 14:56:00,0.006954582779468342,90.1667403547105
14871,1228.17,9,446,2009-12-01 11:57:00,2011-12-06 13:42:00,0.006944518014764531,90.17368487272526
17342,1227.54,4,521,2010-02-08 09:16:00,2010-11-25 11:07:00,0.006940955766582843,90.18062582849184
12866,1227.35,3,553,2010-07-25 11:37:00,2011-03-01 14:11:00,0.006939881437766145,90.1875657099296
15800,1227.07,7,575,2010-03-31 13:17:00,2011-08-24 14:23:00,0.006938298216352062,90.19450400814596
17456,1225.42,2,730,2010-09-09 15:28:00,2010-12-09 15:23:00,0.00692896851873336,90.20143297666469
15269,1225.3600000000001,3,372,2010-11-14 12:58:00,2011-11-16 09:32:00,0.006928629257001771,90.2083616059217
15303,1224.18,3,514,2010-01-25 09:42:00,2011-02-22 13:59:00,0.00692195710961385,90.2152835630313
14428,1224.06,5,428,2011-01-18 16:39:00,2011-12-02 13:17:00,0.006921278586150672,90.22220484161745
13787,1222.5,6,998,2010-01-14 10:13:00,2011-09-25 12:06:00,0.006912457781129353,90.22911729939858
16946,1222.04,5,509,2010-03-02 10:49:00,2010-11-21 14:06:00,0.006909856774520502,90.23602715617311
15376,1221.56,3,615,2011-05-01 13:45:00,2011-10-30 15:04:00,0.006907142680667789,90.24293429885378
17132,1220.9099999999999,2,963,2010-08-08 13:49:00,2010-09-13 16:31:00,0.00690346734524224,90.24983776619902
14430,1220.9,3,446,2010-04-11 15:59:00,2010-07-16 11:35:00,0.00690341080162031,90.25674117700065
15004,1220.77,1,623,2011-07-15 14:05:00,2011-07-15 14:05:00,0.006902675734535199,90.26364385273519
13243,1220.38,5,554,2010-03-18 13:10:00,2011-05-20 13:14:00,0.00690047053327987,90.27054432326847
13299,1218.7,3,416,2010-06-29 11:30:00,2011-03-16 12:55:00,0.006890971204795373,90.27743529447326
13304,1217.99,4,716,2010-02-08 12:42:00,2010-12-23 14:35:00,0.006886956607638234,90.28432225108091
14698,1217.27,5,602,2011-10-19 12:54:00,2011-12-08 12:26:00,0.006882885466859163,90.29120513654777
15390,1216.66,2,894,2010-10-26 17:23:00,2010-11-08 15:19:00,0.006879436305921341,90.2980845728537
14512,1215.97,7,736,2009-12-07 13:49:00,2011-06-05 12:39:00,0.006875534796008066,90.3049601076497
15661,1215.95,8,779,2010-05-10 07:59:00,2011-01-26 13:56:00,0.006875421708764202,90.31183552935848
17410,1214.72,5,616,2011-05-08 15:21:00,2011-11-23 15:46:00,0.006868466843266624,90.31870399620175
17198,1213.88,3,599,2010-12-03 14:54:00,2011-11-16 10:39:00,0.006863717179024376,90.32556771338078
13405,1213.811,6,855,2009-12-15 14:13:00,2011-09-26 17:01:00,0.006863327028033049,90.3324310404088
13140,1213.18,5,646,2010-08-05 19:05:00,2011-08-23 15:33:00,0.006859759125489169,90.3392907995343
18263,1213.1599999999999,3,1468,2011-04-01 11:48:00,2011-11-14 09:00:00,0.006859646038245304,90.34615044557255
16872,1213.13,6,1079,2010-09-02 17:36:00,2011-09-23 16:05:00,0.006859476407379512,90.35300992197993
13918,1212.8400000000001,2,1140,2011-03-31 18:05:00,2011-10-21 12:25:00,0.006857836642343498,90.35986775862227
16653,1212.66,2,733,2011-09-29 13:38:00,2011-11-23 14:51:00,0.006856818857148729,90.36672457747942
12464,1212.05,8,112,2011-02-03 13:30:00,2011-11-29 13:33:00,0.0068533696962109055,90.37357794717563
15377,1211.75,4,253,2010-10-20 11:42:00,2010-11-22 08:55:00,0.006851673387552961,90.38042962056319
14193,1210.19,3,653,2010-11-08 12:31:00,2011-10-03 09:34:00,0.006842852582531643,90.38727247314573
17653,1207.56,4,1409,2011-08-11 15:24:00,2011-11-03 12:46:00,0.006827981609963649,90.39410045475569
16830,1207.5,4,699,2009-12-13 12:11:00,2011-11-01 11:35:00,0.0068276423482320605,90.40092809710391
18193,1207.35,3,926,2010-09-23 13:33:00,2011-06-27 13:58:00,0.006826794193903087,90.40775489129781
16762,1207.24,3,480,2011-07-18 12:52:00,2011-11-20 11:43:00,0.006826172214061841,90.41458106351187
12742,1201.52,1,1359,2010-03-24 12:43:00,2010-03-24 12:43:00,0.006793829262317006,90.4213748927742
17360,1200.51,6,624,2010-10-01 12:07:00,2011-11-22 13:11:00,0.006788118356501922,90.42816301113069
14446,1200.28,5,1091,2010-11-18 12:08:00,2011-12-09 11:34:00,0.006786817853197497,90.43494982898389
15181,1200.2,5,688,2009-12-08 19:02:00,2011-10-04 13:58:00,0.006786365504222045,90.44173619448812
15600,1199.31,4,657,2010-04-25 11:50:00,2010-10-07 14:30:00,0.006781333121870139,90.44851752760998
17397,1198.28,3,691,2010-10-19 13:20:00,2011-11-17 14:08:00,0.006775509128811191,90.4552930367388
17713,1198.09,4,989,2010-06-09 09:33:00,2010-11-22 16:50:00,0.006774434799994492,90.46206747153879
16307,1194.92,3,1123,2010-05-11 14:40:00,2010-10-06 14:31:00,0.006756510471842198,90.46882398201063
15145,1194.73,4,756,2011-04-05 15:20:00,2011-12-05 17:21:00,0.006755436143025499,90.47557941815366
13723,1194.08,6,593,2010-04-07 14:32:00,2011-05-06 17:04:00,0.006751760807599949,90.48233117896126
14382,1193.6299999999999,2,1667,2010-11-14 16:32:00,2011-11-13 16:18:00,0.00674921634461303,90.48908039530588
14201,1193.54,10,806,2010-04-30 13:00:00,2011-10-10 13:27:00,0.006748707452015647,90.4958291027579
12611,1193.32,1,846,2011-10-18 13:12:00,2011-10-18 13:12:00,0.006747463492333153,90.50257656625023
13293,1192.94,6,555,2010-02-09 12:05:00,2010-11-12 13:28:00,0.006745314834699756,90.50932188108493
16306,1192.82,7,742,2010-10-01 09:36:00,2011-05-10 12:12:00,0.0067446363112365765,90.51606651739617
13976,1192.36,4,452,2010-02-09 13:08:00,2011-05-17 09:13:00,0.006742035304627726,90.5228085527008
14213,1192.2,1,244,2010-10-31 10:37:00,2010-10-31 10:37:00,0.006741130606676822,90.52954968330747
16501,1191.23,1,628,2010-11-21 14:10:00,2010-11-21 14:10:00,0.006735645875349463,90.53628532918282
13882,1191.13,5,953,2011-10-06 15:28:00,2011-12-07 11:16:00,0.006735080439130149,90.54302040962195
16471,1189.98,4,670,2010-02-25 10:07:00,2011-03-10 09:41:00,0.006728577922608023,90.54974898754455
12462,1189.59,2,536,2011-02-09 14:44:00,2011-11-21 09:11:00,0.006726372721352692,90.55647536026589
17239,1189.45,4,515,2010-07-01 10:53:00,2011-01-31 09:41:00,0.006725581110645651,90.56320094137654
14275,1189.3799999999999,6,538,2010-04-11 12:32:00,2010-11-09 09:06:00,0.006725185305292131,90.56992612668182
18057,1188.46,3,970,2010-01-18 12:42:00,2010-11-11 16:55:00,0.00671998329207443,90.5766461099739
15573,1188.42,5,770,2009-12-10 14:19:00,2011-11-08 11:38:00,0.006719757117586705,90.58336586709147
18181,1188.34,5,510,2009-12-04 15:30:00,2011-11-15 15:08:00,0.006719304768611251,90.59008517186008
15737,1188.1200000000001,8,597,2011-04-11 10:01:00,2011-11-25 11:21:00,0.006718060808928759,90.596803232669
17800,1187.21,9,732,2011-01-09 13:50:00,2011-11-02 12:57:00,0.0067129153393329895,90.60351614800834
13388,1185.65,3,701,2010-04-15 10:18:00,2011-07-31 12:52:00,0.006704094534311672,90.61022024254265
18060,1185.46,2,902,2010-05-24 08:34:00,2010-10-27 16:41:00,0.006703020205494971,90.61692326274814
14206,1185.01,3,930,2010-11-02 11:37:00,2011-04-14 16:38:00,0.0067004757425080524,90.62362373849065
15259,1182.3799999999999,4,631,2010-01-26 09:41:00,2010-07-15 08:47:00,0.006685604769940061,90.63030934326059
17021,1182.22,6,992,2010-04-29 20:05:00,2010-09-23 20:01:00,0.006684700071989158,90.63699404333258
13526,1182.0,2,1911,2009-12-01 12:56:00,2009-12-01 13:13:00,0.006683456112306664,90.64367749944489
13395,1180.23,3,1660,2010-10-14 13:00:00,2011-06-07 15:04:00,0.006673447891224783,90.65035094733612
18277,1180.05,5,449,2010-08-02 10:26:00,2011-10-12 15:22:00,0.006672430106030015,90.65702337744216
13270,1180.0,1,400,2010-12-08 14:53:00,2010-12-08 14:53:00,0.006672147387920358,90.66369552483008
17058,1179.89,3,592,2011-04-14 09:18:00,2011-09-19 10:13:00,0.0066715254080791115,90.67036705023816
16614,1179.79,3,349,2010-05-10 15:18:00,2011-06-10 11:36:00,0.0066709599718597955,90.67703801021001
16693,1179.48,5,658,2010-02-21 12:42:00,2011-10-02 11:10:00,0.006669207119579918,90.6837072173296
13797,1179.45,3,573,2010-03-02 12:17:00,2010-09-29 10:34:00,0.006669037488714124,90.69037625481832
17062,1179.14,6,890,2010-09-26 11:57:00,2011-01-30 11:01:00,0.006667284636434246,90.69704353945475
16345,1178.79,2,611,2010-08-13 17:13:00,2011-10-26 16:03:00,0.0066653056096666425,90.70370884506443
18025,1177.72,6,1053,2010-03-30 17:33:00,2010-11-25 12:37:00,0.006659255442119969,90.71036810050654
17539,1176.84,4,708,2009-12-13 12:36:00,2010-04-01 12:07:00,0.006654279603389994,90.71702238010994
13233,1176.46,4,1604,2010-01-14 14:10:00,2011-09-26 13:25:00,0.006652130945756597,90.72367451105569
15210,1176.19,3,841,2010-05-13 14:42:00,2011-04-28 16:11:00,0.006650604267964445,90.73032511532365
14370,1175.78,6,266,2010-02-01 08:35:00,2010-09-15 10:53:00,0.006648285979465252,90.73697340130312
15994,1175.68,3,462,2010-03-14 11:55:00,2011-10-16 12:28:00,0.006647720543245938,90.74362112184636
12885,1175.22,3,655,2011-08-08 11:45:00,2011-10-07 13:40:00,0.006645119536637087,90.750266241383
15068,1174.9,4,832,2010-03-28 13:18:00,2011-10-24 14:47:00,0.006643310140735279,90.75690955152373
12915,1174.75,4,452,2010-04-29 19:36:00,2011-07-14 11:34:00,0.006642461986406304,90.76355201351014
12640,1174.58,3,311,2011-09-19 12:01:00,2011-11-16 11:52:00,0.006641500744833468,90.77019351425497
14126,1172.46,4,887,2010-09-21 14:51:00,2011-12-02 11:45:00,0.006629513496983986,90.77682302775196
12691,1170.4,7,445,2010-10-15 12:00:00,2011-11-11 16:49:00,0.006617865510866091,90.78344089326282
17373,1167.5,7,738,2010-02-28 14:17:00,2011-10-30 15:28:00,0.006601467860505947,90.79004236112333
17664,1166.23,4,1058,2010-03-29 17:17:00,2011-11-21 11:29:00,0.006594286820520643,90.79663664794384
14693,1165.36,7,388,2010-07-02 08:28:00,2011-03-20 12:50:00,0.0065893675254126,90.80322601546925
15525,1165.15,4,640,2010-11-22 12:10:00,2011-12-07 14:43:00,0.006588180109352038,90.8098141955786
14261,1163.45,2,406,2011-09-22 10:47:00,2011-10-20 10:04:00,0.006578567693623678,90.81639276327222
16800,1162.65,1,524,2011-11-28 14:06:00,2011-11-28 14:06:00,0.006574044203869155,90.82296680747609
17525,1161.9,3,338,2010-10-07 09:12:00,2010-12-15 12:05:00,0.006569803432224292,90.82953661090832
12546,1161.5,2,633,2011-09-23 09:44:00,2011-10-24 12:09:00,0.00656754168734703,90.83610415259567
12972,1161.2,4,844,2010-02-16 14:30:00,2010-10-22 08:41:00,0.006565845378689083,90.84266999797435
13897,1160.72,3,820,2010-01-31 13:48:00,2011-10-20 14:30:00,0.0065631312848363705,90.84923312925919
13459,1160.4099999999999,2,986,2010-01-26 13:35:00,2010-03-25 10:24:00,0.006561378432556493,90.85579450769174
15088,1160.07,2,460,2011-10-03 14:05:00,2011-11-18 13:14:00,0.006559455949410821,90.86235396364116
13601,1159.99,4,957,2010-06-11 15:03:00,2011-10-25 17:31:00,0.006559003600435369,90.86891296724158
16838,1159.61,4,509,2010-02-14 15:27:00,2011-05-26 13:13:00,0.00655685494280197,90.87546982218439
13499,1159.11,5,1365,2011-03-15 08:52:00,2011-11-22 11:21:00,0.006554027761705394,90.8820238499461
17513,1158.8,3,440,2010-08-17 15:08:00,2011-09-28 16:42:00,0.006552274909425517,90.88857612485552
16184,1158.79,6,561,2011-05-12 13:33:00,2011-10-06 17:43:00,0.006552218365803586,90.89512834322132
17169,1156.73,3,671,2010-05-10 13:00:00,2011-10-13 10:25:00,0.006540570379685691,90.901668913601
14788,1156.32,3,719,2010-04-22 18:16:00,2011-12-02 17:06:00,0.006538252091186497,90.90820716569219
17127,1155.0300000000002,5,340,2009-12-04 15:18:00,2010-10-07 09:54:00,0.006530957963957333,90.91473812365615
13030,1154.8,2,522,2010-12-06 14:31:00,2011-11-28 14:30:00,0.006529657460652906,90.9212677811168
16637,1154.47,4,927,2011-04-28 10:20:00,2011-11-07 13:17:00,0.006527791521129166,90.92779557263792
13462,1153.85,5,697,2009-12-14 09:48:00,2011-04-01 11:20:00,0.0065242858165694105,90.93431985845449
14818,1153.56,6,543,2010-03-02 12:48:00,2011-09-27 11:01:00,0.006522646051533396,90.94084250450602
17984,1152.19,5,939,2009-12-01 11:51:00,2011-07-17 15:59:00,0.006514899575328777,90.94735740408134
14475,1151.15,4,541,2010-10-27 09:20:00,2011-09-29 10:46:00,0.006509019038647898,90.95386642311999
12475,1149.64,2,771,2010-10-26 08:49:00,2011-10-17 10:10:00,0.006500480951736238,90.96036690407173
12710,1149.02,3,851,2011-05-22 14:05:00,2011-09-04 12:00:00,0.006496975247176483,90.96686387931891
15028,1148.91,6,792,2010-11-10 14:32:00,2011-12-01 14:06:00,0.006496353267335236,90.97336023258624
14308,1147.02,2,2,2010-06-08 16:39:00,2010-06-08 16:48:00,0.006485666522790177,90.97984589910904
16766,1145.6,2,536,2011-03-11 13:34:00,2011-03-11 15:22:00,0.0064776373284759,90.98632353643751
17477,1144.3,2,225,2010-03-02 11:53:00,2010-04-06 10:06:00,0.0064702866576248005,90.99279382309514
12769,1143.6,1,356,2011-04-15 10:25:00,2011-04-15 10:25:00,0.006466328604089594,90.99926015169923
17770,1143.27,5,365,2011-03-02 13:35:00,2011-05-25 12:34:00,0.006464462664565853,91.0057246143638
14585,1143.27,5,630,2010-10-19 12:17:00,2011-10-20 14:33:00,0.006464462664565853,91.01218907702837
17201,1143.1,4,1004,2010-02-10 12:26:00,2011-10-17 11:55:00,0.006463501422993017,91.01865257845137
12439,1142.88,2,478,2009-12-14 08:40:00,2010-01-26 12:11:00,0.0064622574633105235,91.02511483591468
13856,1142.03,11,1105,2010-03-30 15:40:00,2011-06-24 10:03:00,0.006457451255446344,91.03157228717012
16270,1141.24,1,688,2010-12-21 14:26:00,2010-12-21 14:26:00,0.006452984309313754,91.03802527147944
16521,1140.11,3,1014,2010-03-01 13:22:00,2010-10-20 13:09:00,0.006446594880035489,91.04447186635947
15586,1139.1,3,1338,2010-01-08 10:02:00,2010-04-26 11:00:00,0.006440883974220406,91.0509127503337
17500,1138.0,3,17,2011-11-10 09:08:00,2011-11-22 14:25:00,0.006434664175807937,91.05734741450951
15879,1137.8,4,639,2009-12-17 19:54:00,2010-10-31 16:21:00,0.006433533303369307,91.06378094781287
17302,1135.63,5,575,2011-02-07 10:14:00,2011-11-25 09:36:00,0.006421263337410166,91.07020221115029
17866,1134.95,3,535,2009-12-14 16:01:00,2011-07-20 11:07:00,0.006417418371118822,91.0766196295214
13109,1134.03,3,757,2010-06-06 12:59:00,2011-10-11 10:16:00,0.006412216357901121,91.0830318458793
15022,1133.44,5,640,2010-01-31 16:02:00,2011-11-28 12:35:00,0.006408880284207162,91.08944072616352
16989,1133.25,6,1233,2011-07-12 09:11:00,2011-12-02 16:39:00,0.006407805955390462,91.09584853211891
18125,1131.75,4,800,2011-01-27 15:02:00,2011-11-10 12:29:00,0.0063993244121007325,91.10224785653101
15500,1131.56,4,572,2011-09-19 13:47:00,2011-12-01 13:47:00,0.006398250083284033,91.10864610661429
13393,1131.45,4,662,2009-12-07 18:12:00,2010-05-05 09:34:00,0.006397628103442786,91.11504373471773
12616,1131.1,3,498,2010-11-16 11:38:00,2011-09-05 15:17:00,0.006395649076675183,91.12143938379441
15695,1131.04,4,484,2010-01-27 10:56:00,2011-03-18 08:32:00,0.0063953098149435944,91.12783469360936
17622,1130.21,2,379,2010-04-20 13:38:00,2010-04-21 12:36:00,0.006390616694323278,91.13422531030368
12427,1129.3,3,612,2010-12-03 10:44:00,2011-11-18 08:56:00,0.006385471224727508,91.14061078152841
13447,1129.14,3,584,2011-11-04 10:10:00,2011-11-16 13:38:00,0.0063845665267766045,91.14699534805519
14450,1128.44,7,522,2010-04-08 12:09:00,2011-06-12 10:46:00,0.006380608473241398,91.15337595652842
12373,1127.65,3,516,2010-02-04 12:08:00,2011-02-01 13:10:00,0.006376141527108806,91.15975209805553
14671,1127.45,2,571,2010-05-20 18:21:00,2010-06-08 13:39:00,0.006375010654670175,91.1661271087102
15969,1127.05,5,223,2010-07-05 13:10:00,2011-12-07 11:06:00,0.006372748909792915,91.17249985762
12503,1126.0,1,561,2010-05-04 13:59:00,2010-05-04 13:59:00,0.006366811829490104,91.17886666944949
13167,1125.15,5,1007,2010-11-14 12:58:00,2011-11-21 12:24:00,0.006362005621625925,91.18522867507112
13778,1124.49,4,511,2010-05-23 13:34:00,2011-08-28 15:25:00,0.006358273742578443,91.1915869488137
14917,1123.75,2,891,2010-04-22 09:44:00,2010-04-22 11:28:00,0.00635408951455551,91.19794103832825
17492,1122.42,3,450,2010-07-09 13:27:00,2011-04-05 15:21:00,0.006346569212838617,91.20428760754109
13486,1122.41,3,669,2011-07-07 17:19:00,2011-09-22 13:13:00,0.006346512669216685,91.2106341202103
17562,1122.38,7,817,2011-06-19 13:06:00,2011-11-25 14:21:00,0.006346343038350891,91.21698046324865
18218,1121.84,4,1028,2010-02-17 15:11:00,2011-05-12 12:53:00,0.006343289682766588,91.2233237529314
13368,1121.5,4,606,2010-10-12 10:43:00,2011-03-28 09:59:00,0.006341367199620917,91.22966512013103
13589,1120.74,6,293,2009-12-06 10:26:00,2011-11-25 12:10:00,0.006337069884354119,91.23600219001538
17007,1120.1,7,717,2010-09-28 13:51:00,2011-10-20 10:47:00,0.0063334510925505015,91.24233564110793
16354,1119.46,5,592,2010-04-27 13:33:00,2011-10-07 14:28:00,0.006329832300746884,91.24866547340868
17423,1118.95,3,790,2010-11-11 12:26:00,2011-10-24 13:36:00,0.006326948576028377,91.25499242198471
16430,1117.94,7,307,2010-01-27 12:45:00,2011-10-13 14:47:00,0.006321237670213292,91.26131365965492
17788,1117.9,2,211,2011-08-02 10:38:00,2011-09-27 10:09:00,0.006321011495725567,91.26763467115065
16278,1117.84,3,342,2010-07-28 15:40:00,2011-08-31 17:12:00,0.006320672233993976,91.27395534338464
16769,1117.05,4,295,2009-12-14 11:10:00,2011-03-24 13:41:00,0.006316205287861386,91.2802715486725
14080,1115.68,5,268,2009-12-02 15:01:00,2011-11-07 11:09:00,0.006308458811656767,91.28658000748416
13509,1114.72,8,1214,2010-07-20 12:10:00,2011-12-01 10:10:00,0.00630303062395134,91.29288303810812
16203,1114.54,6,607,2010-07-23 13:09:00,2011-10-12 12:31:00,0.006302012838756572,91.29918505094687
14672,1113.14,4,646,2010-01-28 11:33:00,2011-04-19 10:19:00,0.006294096731686159,91.30547914767855
12679,1113.02,4,554,2011-03-01 12:26:00,2011-10-12 12:30:00,0.006293418208222979,91.31177256588677
12648,1112.0,4,518,2010-01-07 18:38:00,2011-07-08 11:55:00,0.006287650758785964,91.31806021664556
16139,1111.15,5,602,2009-12-03 13:51:00,2011-11-21 08:37:00,0.006282844550921784,91.32434306119649
16702,1110.83,4,692,2009-12-07 16:40:00,2010-10-20 14:10:00,0.006281035155019975,91.33062409635151
15069,1109.53,1,520,2011-06-13 14:16:00,2011-06-13 14:16:00,0.006273684484168876,91.33689778083568
15559,1109.4,1,526,2010-05-20 14:06:00,2010-05-20 14:06:00,0.006272949417083768,91.34317073025277
15828,1108.82,1,367,2010-11-29 16:41:00,2010-11-29 16:41:00,0.006269669887011737,91.34944040013978
15933,1107.46,3,885,2011-09-14 12:05:00,2011-11-18 13:14:00,0.0062619799544290505,91.35570238009421
14375,1106.82,3,647,2010-06-16 14:34:00,2011-06-07 13:44:00,0.006258361162625432,91.36196074125684
14891,1106.73,4,788,2010-09-29 12:41:00,2011-07-14 18:08:00,0.006257852270028049,91.36821859352686
14102,1105.8799999999999,5,769,2011-10-26 12:46:00,2011-12-04 15:38:00,0.006253046062163868,91.37447163958903
17812,1105.29,7,571,2010-06-27 13:34:00,2011-11-27 11:47:00,0.006249709988469908,91.3807213495775
12434,1103.43,3,532,2010-11-23 13:38:00,2011-09-16 12:38:00,0.006239192874790644,91.38696054245229
16895,1102.9,5,421,2010-02-12 11:07:00,2011-10-06 12:15:00,0.006236196062828274,91.39319673851512
14948,1101.97,6,673,2011-05-04 14:52:00,2011-11-16 17:16:00,0.006230937505988641,91.3994276760211
13295,1101.97,4,733,2010-05-12 09:13:00,2010-12-15 11:21:00,0.006230937505988641,91.4056586135271
12785,1100.4,3,453,2009-12-08 13:56:00,2010-12-10 13:48:00,0.006222060157345392,91.41188067368444
16014,1100.28,5,462,2010-01-31 12:43:00,2011-11-02 12:04:00,0.006221381633882212,91.41810205531831
14009,1099.91,3,951,2010-09-03 12:08:00,2011-05-25 15:47:00,0.006219289519870747,91.42432134483819
17137,1099.81,6,680,2010-01-31 12:27:00,2010-10-19 14:51:00,0.00621872408365143,91.43054006892184
12421,1098.6,6,652,2010-07-22 13:57:00,2011-11-24 09:07:00,0.006211882305397715,91.43675195122724
13108,1098.52,2,1043,2010-09-30 17:09:00,2010-12-02 10:35:00,0.0062114299564222635,91.44296338118366
16916,1098.45,4,751,2010-10-20 12:56:00,2011-11-16 12:08:00,0.006211034151068743,91.44917441533472
14971,1097.98,3,639,2011-10-27 13:33:00,2011-11-04 17:07:00,0.006208376600837961,91.45538279193556
13835,1095.27,7,520,2010-03-04 08:26:00,2011-11-14 15:37:00,0.006193053279294517,91.46157584521485
17703,1094.84,4,897,2010-10-17 16:16:00,2011-11-04 15:51:00,0.0061906219035514605,91.46776646711841
15745,1094.59,4,421,2011-04-17 13:04:00,2011-11-20 13:45:00,0.006189208313003173,91.47395567543141
14460,1093.5,9,1879,2009-12-15 19:06:00,2011-08-21 14:19:00,0.006183045058212636,91.48013872048962
12803,1092.81,1,872,2010-11-11 14:57:00,2010-11-11 14:57:00,0.006179143548299361,91.48631786403791
17726,1092.06,7,444,2010-01-26 14:58:00,2010-11-09 13:37:00,0.006174902776654495,91.49249276681456
14199,1091.7,4,254,2010-06-27 12:13:00,2011-05-05 13:44:00,0.006172867206264962,91.49866563402082
16805,1091.34,5,1120,2009-12-08 14:29:00,2011-06-19 11:23:00,0.006170831635875426,91.5048364656567
16211,1090.59,3,519,2010-09-27 15:24:00,2011-09-12 12:11:00,0.006166590864230562,91.51100305652092
13853,1090.14,1,312,2011-10-13 14:18:00,2011-10-13 14:18:00,0.006164046401243644,91.51716710292216
12534,1089.18,1,651,2011-08-01 10:26:00,2011-08-01 10:26:00,0.006158618213538216,91.52332572113569
15254,1088.35,3,711,2010-05-28 10:08:00,2011-08-04 15:04:00,0.006153925092917898,91.52947964622861
16188,1087.66,5,838,2010-10-27 11:50:00,2011-10-26 12:19:00,0.006150023583004624,91.53562966981161
16223,1087.05,2,643,2010-11-09 12:07:00,2010-11-30 11:50:00,0.0061465744220668,91.54177624423367
15763,1086.92,2,271,2011-09-23 12:10:00,2011-11-08 09:44:00,0.006145839354981692,91.54792208358866
14139,1086.8,4,1049,2010-06-15 09:17:00,2011-10-24 13:34:00,0.006145160831518512,91.55406724442018
13546,1086.24,5,587,2010-10-11 17:23:00,2011-11-27 14:50:00,0.006141994388690347,91.56020923880887
16298,1085.7,7,308,2010-09-23 15:23:00,2011-11-17 11:59:00,0.006138941033106045,91.56634817984197
14013,1084.57,5,775,2010-03-26 10:02:00,2011-08-21 15:01:00,0.006132551603827781,91.5724807314458
17420,1084.43,6,499,2010-11-03 13:09:00,2011-10-20 14:52:00,0.006131759993120741,91.57861249143892
16533,1082.81,3,611,2011-10-02 15:07:00,2011-11-20 13:08:00,0.0061225999263678325,91.58473509136529
14805,1082.55,7,416,2010-03-28 12:34:00,2011-11-24 16:20:00,0.006121129792197612,91.59085622115748
14561,1080.76,3,1014,2011-06-08 13:26:00,2011-09-25 12:39:00,0.006111008483871869,91.59696722964135
13744,1080.52,2,1153,2011-02-20 14:08:00,2011-09-05 15:19:00,0.0061096514369455126,91.6030768810783
14343,1079.66,4,626,2010-01-18 16:47:00,2010-10-14 13:05:00,0.006104788685459401,91.60918166976376
13726,1079.6599999999999,2,1054,2011-08-31 11:06:00,2011-11-01 10:49:00,0.006104788685459401,91.61528645844922
12354,1079.4,1,530,2011-04-21 13:11:00,2011-04-21 13:11:00,0.006103318551289182,91.6213897770005
13567,1079.29,4,643,2010-06-16 12:48:00,2010-10-07 12:51:00,0.006102696571447934,91.62749247357195
15546,1079.1000000000001,2,198,2010-04-12 11:45:00,2010-04-12 11:51:00,0.006101622242631236,91.63359409581457
14352,1078.96,4,538,2011-03-11 14:58:00,2011-07-05 15:41:00,0.006100830631924194,91.6396949264465
13656,1078.85,4,862,2010-04-23 12:50:00,2011-06-28 10:31:00,0.006100208652082947,91.64579513509858
16183,1077.81,4,351,2010-10-28 14:43:00,2011-10-03 14:59:00,0.006094328115402068,91.65188946321398
16642,1077.45,3,775,2010-10-20 14:22:00,2011-12-05 11:31:00,0.006092292545012533,91.65798175575898
17366,1077.24,2,504,2010-09-09 19:46:00,2010-10-03 16:04:00,0.006091105128951971,91.66407286088793
16071,1076.8,4,697,2010-02-22 14:48:00,2011-10-26 11:14:00,0.006088617209586983,91.67016147809751
13607,1075.81,2,466,2010-11-02 11:48:00,2011-10-30 16:17:00,0.006083019391015763,91.67624449748853
16048,1075.23,4,569,2010-06-08 12:36:00,2010-12-01 15:28:00,0.0060797398609437345,91.68232423734946
15912,1074.7,9,759,2009-12-10 12:58:00,2011-06-14 14:29:00,0.006076743048981363,91.68840098039844
16231,1074.47,4,563,2010-04-21 12:06:00,2010-11-25 15:00:00,0.006075442545676938,91.69447642294412
13727,1074.15,8,368,2009-12-09 13:25:00,2011-11-11 09:46:00,0.006073633149775129,91.7005500560939
15238,1071.99,3,692,2011-06-08 16:00:00,2011-11-10 14:28:00,0.006061419727437918,91.70661147582135
13467,1071.91,2,580,2011-11-03 16:56:00,2011-11-29 10:01:00,0.006060967378462467,91.7126724431998
12801,1071.82,1,505,2010-07-27 09:38:00,2010-07-27 09:38:00,0.006060458485865083,91.71873290168567
13521,1071.73,3,718,2011-11-29 15:09:00,2011-12-08 13:50:00,0.006059949593267699,91.72479285127893
16593,1071.1399999999999,8,377,2009-12-05 10:44:00,2011-10-20 12:41:00,0.006056613519573738,91.73084946479851
14484,1070.98,4,744,2009-12-17 10:57:00,2011-10-20 14:11:00,0.006055708821622835,91.73690517362013
16884,1070.97,4,520,2010-05-18 12:00:00,2011-11-02 11:52:00,0.006055652278000903,91.74296082589814
17522,1070.71,5,1034,2011-05-05 16:31:00,2011-12-08 12:31:00,0.006054182143830683,91.74901500804197
12728,1070.17,5,543,2010-11-21 11:34:00,2011-09-29 15:31:00,0.006051128788246381,91.75506613683021
17871,1068.95,5,665,2010-01-15 14:48:00,2011-05-19 11:32:00,0.006044230466370734,91.76111036729658
17854,1068.5,6,607,2009-12-08 11:13:00,2011-06-07 16:21:00,0.006041686003383815,91.76715205329997
16386,1068.16,3,700,2010-11-17 11:19:00,2011-11-11 12:28:00,0.0060397635202381434,91.7731918168202
15436,1067.75,3,574,2011-04-19 16:52:00,2011-11-27 16:05:00,0.006037445231738951,91.77922926205194
15626,1067.52,3,1138,2010-10-14 17:16:00,2011-09-26 10:03:00,0.006036144728434525,91.78526540678038
17277,1065.3500000000001,2,430,2011-01-21 12:37:00,2011-04-26 12:47:00,0.006023874762475385,91.79128928154286
15639,1065.08,3,849,2010-04-13 13:11:00,2011-07-28 14:30:00,0.006022348084683232,91.79731162962754
13959,1064.77,6,694,2010-07-16 15:11:00,2011-09-21 15:06:00,0.006020595232403355,91.80333222485994
14488,1064.28,1,799,2011-10-03 09:30:00,2011-10-03 09:30:00,0.00601782459492871,91.80935004945488
14966,1064.26,6,1060,2009-12-15 13:48:00,2011-11-25 12:20:00,0.0060177115076848475,91.81536776096256
15801,1063.95,3,570,2011-08-22 09:53:00,2011-10-24 13:52:00,0.00601595865540497,91.82138371961797
12936,1063.9,4,559,2011-09-22 13:51:00,2011-11-22 17:32:00,0.006015675937295312,91.82739939555526
17849,1063.76,8,224,2010-03-14 15:17:00,2011-05-05 13:46:00,0.006014884326588271,91.83341427988185
12815,1063.46,2,379,2011-05-25 13:34:00,2011-07-15 10:21:00,0.006013188017930326,91.83942746789978
14411,1063.0,1,196,2011-02-02 10:56:00,2011-02-02 10:56:00,0.0060105870113214745,91.8454380549111
17616,1060.8,4,416,2010-09-14 10:43:00,2011-06-19 10:11:00,0.005998147414496538,91.8514362023256
15706,1060.56,4,321,2011-08-15 14:32:00,2011-10-07 10:09:00,0.005996790367570181,91.85743299269318
17727,1060.25,1,645,2011-11-24 17:06:00,2011-11-24 17:06:00,0.005995037515290304,91.86342803020847
17421,1059.41,3,807,2009-12-04 15:43:00,2010-11-18 16:57:00,0.005990287851048056,91.86941831805952
18130,1059.39,3,824,2011-10-13 15:58:00,2011-11-24 14:40:00,0.0059901747638041935,91.87540849282333
17214,1059.1200000000001,6,272,2010-12-15 15:14:00,2011-10-10 13:17:00,0.005988648086012042,91.88139714090934
14734,1056.42,4,378,2010-06-06 15:15:00,2010-10-10 12:04:00,0.005973381308090529,91.88737052221744
12791,1056.1100000000001,6,450,2010-03-25 17:29:00,2010-12-01 11:27:00,0.005971628455810652,91.89334215067325
15645,1055.17,3,396,2010-10-10 12:51:00,2011-11-21 11:55:00,0.005966313355349088,91.89930846402859
15977,1054.73,2,1016,2011-10-31 16:24:00,2011-11-22 13:29:00,0.0059638254359841,91.90527228946458
12716,1053.49,2,708,2011-07-29 13:28:00,2011-12-06 08:55:00,0.005956814026864591,91.91122910349144
12580,1052.9,2,569,2010-05-12 11:45:00,2011-04-07 10:24:00,0.005953477953170631,91.9171825814446
15886,1052.8700000000001,4,667,2010-04-20 15:03:00,2011-10-10 14:25:00,0.0059533083223048365,91.92313588976691
15855,1052.72,6,712,2010-08-20 17:15:00,2011-07-26 10:20:00,0.005952460167975864,91.92908834993489
16391,1052.26,4,715,2010-05-27 11:27:00,2010-11-04 12:27:00,0.005949859161367013,91.93503820909625
14947,1049.79,6,416,2010-03-25 11:29:00,2011-09-28 15:48:00,0.005935892886749925,91.940974101983
13775,1049.66,1,455,2010-04-28 12:15:00,2010-04-28 12:15:00,0.005935157819664816,91.94690925980267
17934,1049.15,3,628,2010-10-29 12:23:00,2011-10-19 11:16:00,0.005932274094946308,91.95284153389761
15026,1048.8899999999999,5,655,2010-09-17 13:52:00,2011-09-20 13:52:00,0.005930803960776087,91.95877233785839
15839,1048.49,3,675,2011-07-14 16:35:00,2011-11-06 13:54:00,0.005928542215898827,91.96470088007429
16728,1048.28,4,671,2011-03-20 13:28:00,2011-10-24 14:36:00,0.005927354799838264,91.97062823487413
17578,1047.33,7,529,2010-06-28 11:55:00,2011-05-05 18:38:00,0.005921983155754769,91.97655021802989
17474,1047.0,1,200,2010-04-19 10:43:00,2010-04-19 10:43:00,0.0059201172162310295,91.98247033524612
15407,1046.74,4,552,2011-02-07 13:18:00,2011-11-06 11:55:00,0.0059186470820608095,91.98838898232817
15091,1046.6100000000001,3,582,2010-02-03 11:46:00,2011-10-03 12:47:00,0.0059179120149757,91.99430689434315
17555,1045.74,5,739,2010-05-02 16:02:00,2011-11-20 12:22:00,0.0059129927198676565,92.00021988706303
14108,1044.96,4,660,2009-12-01 18:07:00,2011-11-09 10:41:00,0.005908582317356997,92.00612846938039
15464,1044.65,1,348,2011-01-05 15:56:00,2011-01-05 15:56:00,0.00590682946507712,92.01203529884546
15535,1044.3700000000001,6,314,2010-09-16 20:04:00,2011-06-19 16:02:00,0.005905246243663038,92.01794054508912
13359,1043.31,2,381,2010-11-01 15:05:00,2011-10-07 09:30:00,0.005899252619738295,92.02383979770886
14813,1041.79,4,458,2010-04-08 11:49:00,2010-12-05 11:57:00,0.005890657989204703,92.02973045569806
16903,1041.75,3,717,2010-10-20 14:42:00,2011-11-10 15:32:00,0.005890431814716977,92.03562088751278
16991,1041.21,1,793,2010-10-14 14:08:00,2010-10-14 14:08:00,0.005887378459132674,92.04150826597191
16261,1041.16,6,454,2010-09-23 16:40:00,2011-11-22 17:23:00,0.0058870957410230166,92.04739536171293
13613,1039.8500000000001,5,445,2010-02-17 12:40:00,2010-09-13 12:01:00,0.005879688526549987,92.05327505023948
13873,1038.92,8,472,2010-03-03 12:31:00,2011-08-12 10:08:00,0.005874429969710354,92.05914948020919
12486,1037.28,1,523,2010-10-04 12:14:00,2010-10-04 12:14:00,0.005865156815713583,92.0650146370249
17042,1036.58,5,990,2011-04-06 14:53:00,2011-12-07 12:26:00,0.005861198762178376,92.07087583578708
14902,1035.6200000000001,3,716,2010-06-04 12:35:00,2011-11-14 10:34:00,0.005855770574472951,92.07673160636155
17926,1035.49,5,572,2010-05-09 14:07:00,2011-07-29 14:39:00,0.00585503550738784,92.08258664186894
16260,1035.45,1,311,2011-10-20 09:40:00,2011-10-20 09:40:00,0.005854809332900114,92.08844145120185
12811,1033.9,5,435,2010-10-08 12:20:00,2011-03-24 09:42:00,0.0058460450715007274,92.09428749627335
17724,1033.0,3,300,2011-07-24 13:26:00,2011-09-29 15:26:00,0.005840956145526889,92.10012845241889
14248,1032.95,3,692,2010-07-12 14:27:00,2011-01-25 14:45:00,0.005840673427417232,92.1059691258463
13000,1032.5,4,548,2009-12-14 17:03:00,2011-08-25 10:43:00,0.005838128964430312,92.11180725481073
17405,1031.41,3,726,2011-07-12 14:17:00,2011-12-08 17:12:00,0.005831965709639777,92.11763922052037
13235,1031.07,1,441,2011-05-11 17:13:00,2011-05-11 17:13:00,0.005830043226494104,92.12346926374687
16198,1030.0410000000002,2,384,2010-09-28 13:59:00,2011-09-25 14:58:00,0.005824224887797351,92.12929348863467
14932,1029.66,2,337,2010-11-19 09:16:00,2010-12-09 11:48:00,0.005822070575801759,92.13511555921048
16418,1028.74,5,564,2010-10-13 12:31:00,2011-10-26 12:39:00,0.0058168685625840585,92.14093242777307
15333,1028.56,1,344,2011-05-15 13:27:00,2011-05-15 13:27:00,0.00581585077738929,92.14674827855046
16385,1028.55,5,543,2010-03-18 12:45:00,2011-10-10 13:12:00,0.005815794233767359,92.15256407278423
16682,1028.0,5,1040,2011-06-05 11:02:00,2011-12-05 12:13:00,0.005812684334561125,92.15837675711879
17869,1027.96,7,558,2010-06-10 13:47:00,2011-08-24 16:16:00,0.005812458160073399,92.16418921527887
16227,1027.22,3,436,2010-06-22 13:28:00,2011-04-28 13:33:00,0.005808273932050466,92.16999748921091
15887,1027.15,3,605,2010-06-02 11:53:00,2010-10-29 08:36:00,0.005807878126696945,92.17580536733762
15003,1027.03,6,525,2010-01-26 13:04:00,2010-08-23 15:44:00,0.005807199603233767,92.18161256694086
17749,1026.18,3,446,2010-06-11 14:56:00,2011-06-14 15:45:00,0.005802393395369587,92.18741496033623
16160,1025.44,2,1162,2011-09-15 10:53:00,2011-10-05 14:19:00,0.005798209167346654,92.19321316950358
13602,1025.17,4,538,2010-05-28 11:49:00,2011-10-06 11:47:00,0.005796682489554503,92.19900985199314
17310,1025.1,2,402,2010-06-23 11:38:00,2010-11-17 16:00:00,0.005796286684200981,92.20480613867734
14204,1024.83,4,469,2009-12-02 13:26:00,2011-12-07 13:38:00,0.00579476000640883,92.21060089868375
17362,1024.04,7,549,2010-01-06 10:53:00,2011-04-14 14:43:00,0.005790293060276239,92.21639119174402
16568,1020.9000000000001,2,366,2010-03-08 14:51:00,2010-10-08 10:54:00,0.0057725383629897405,92.22216373010701
12572,1020.42,2,452,2011-10-19 08:20:00,2011-12-01 09:20:00,0.005769824269137027,92.22793355437615
13376,1019.76,3,493,2011-04-19 13:03:00,2011-09-01 16:16:00,0.005766092390089545,92.23369964676624
18142,1019.52,2,1276,2011-05-08 12:31:00,2011-07-05 13:19:00,0.005764735343163189,92.2394643821094
12403,1019.36,2,260,2010-07-06 11:39:00,2011-10-21 10:51:00,0.005763830645212285,92.24522821275461
13956,1019.27,5,486,2011-03-13 12:51:00,2011-12-04 13:20:00,0.0057633217526149,92.25099153450722
16441,1019.13,5,478,2010-03-22 18:00:00,2011-10-03 17:48:00,0.005762530141907859,92.25675406464913
12828,1018.71,6,494,2011-08-01 16:16:00,2011-12-07 08:45:00,0.005760155309786735,92.26251421995892
16284,1018.48,3,674,2010-11-11 13:27:00,2011-11-08 16:12:00,0.00575885480648231,92.2682730747654
12905,1018.42,2,532,2010-01-26 14:06:00,2010-05-12 10:05:00,0.005758515544750721,92.27403159031016
16787,1017.53,4,472,2010-01-10 11:12:00,2010-11-07 11:01:00,0.005753483162398815,92.27978507347255
12793,1017.33,3,526,2010-11-03 13:05:00,2011-01-09 12:12:00,0.005752352289960185,92.28553742576251
15970,1017.32,2,498,2010-04-20 11:30:00,2011-02-09 12:08:00,0.005752295746338253,92.29128972150885
12652,1017.03,2,536,2010-10-01 15:16:00,2011-01-12 15:00:00,0.005750655981302239,92.29704037749015
13641,1016.47,5,1098,2009-12-05 13:17:00,2010-03-09 07:37:00,0.005747489538474073,92.30278786702863
13333,1015.74,3,685,2010-02-19 09:26:00,2010-10-24 13:24:00,0.005743361854073071,92.3085312288827
14675,1015.58,2,660,2010-11-16 12:22:00,2011-11-23 12:58:00,0.005742457156122167,92.31427368603882
16623,1015.24,4,442,2010-04-26 14:04:00,2011-04-08 10:09:00,0.005740534672976494,92.3200142207118
14355,1014.45,3,709,2010-03-22 15:08:00,2010-12-09 12:16:00,0.005736067726843905,92.32575028843864
12410,1013.71,3,341,2010-07-25 13:26:00,2011-02-04 10:39:00,0.005731883498820971,92.33148217193747
13466,1013.35,5,660,2010-03-21 13:50:00,2011-06-08 16:39:00,0.005729847928431436,92.3372120198659
12642,1013.26,3,552,2011-08-24 09:23:00,2011-11-14 15:03:00,0.005729339035834053,92.34294135890174
15951,1013.17,3,420,2010-11-23 18:20:00,2011-12-01 08:34:00,0.005728830143236668,92.34867018904498
16451,1013.15,3,524,2009-12-04 15:11:00,2011-09-13 09:17:00,0.005728717055992805,92.35439890610097
17197,1013.01,1,191,2011-11-10 10:32:00,2011-11-10 10:32:00,0.005727925445285764,92.36012683154625
17980,1012.72,4,771,2010-11-11 14:42:00,2011-06-27 12:01:00,0.00572628568024975,92.36585311722651
15713,1010.79,4,510,2009-12-16 09:41:00,2011-07-19 13:34:00,0.005715372761216964,92.37156848998772
13039,1010.73,4,290,2009-12-17 16:43:00,2010-05-04 16:45:00,0.005715033499485375,92.37728352348721
16572,1009.6,3,532,2011-03-09 12:04:00,2011-08-04 16:34:00,0.005708644070207112,92.38299216755742
13258,1009.43,5,446,2010-11-04 12:45:00,2011-11-28 09:31:00,0.005707682828634277,92.38869985038605
16287,1006.98,5,1426,2010-01-19 09:46:00,2011-06-23 09:08:00,0.005693829641261052,92.3943936800273
13429,1006.8,4,1390,2011-09-25 15:59:00,2011-11-29 09:10:00,0.005692811856066285,92.40008649188337
15850,1006.75,6,1334,2009-12-13 13:27:00,2011-11-20 14:14:00,0.005692529137956627,92.40577902102133
13238,1006.63,6,442,2010-04-28 15:02:00,2011-11-22 15:37:00,0.005691850614493448,92.41147087163583
15771,1006.54,3,512,2010-01-15 12:14:00,2010-04-14 13:56:00,0.0056913417218960646,92.41716221335773
12703,1006.53,4,595,2010-01-24 12:05:00,2011-09-29 17:52:00,0.005691285178274133,92.422853498536
13427,1006.53,6,880,2009-12-17 13:44:00,2011-11-20 13:02:00,0.005691285178274133,92.42854478371427
13549,1005.8,8,554,2010-11-17 12:17:00,2011-11-14 09:20:00,0.005687157493873132,92.43423194120814
13867,1005.09,3,501,2011-05-05 17:28:00,2011-11-08 15:48:00,0.0056831428967159935,92.43991508410485
14214,1004.38,5,751,2011-03-07 12:26:00,2011-11-09 10:31:00,0.0056791282995588555,92.44559421240442
15363,1004.11,2,527,2010-08-04 08:41:00,2010-12-02 12:28:00,0.005677601621766703,92.45127181402619
18160,1003.88,3,519,2010-11-18 16:33:00,2011-10-13 15:50:00,0.005676301118462279,92.45694811514464
16435,1003.0699999999999,3,608,2010-07-13 13:29:00,2010-07-15 18:22:00,0.005671721085085824,92.46261983622972
12446,1002.3100000000001,1,351,2011-10-13 12:50:00,2011-10-13 12:50:00,0.005667423769819028,92.46828725999954
16122,1001.34,6,1398,2010-10-10 15:26:00,2011-09-27 15:34:00,0.00566193903849167,92.47394919903803
13857,1001.01,6,782,2010-05-17 14:21:00,2010-11-11 12:54:00,0.00566007309896793,92.479609272137
14255,1000.63,1,1,2010-06-11 15:54:00,2010-06-11 15:54:00,0.005657924441334531,92.48526719657833
12545,1000.39,2,523,2011-03-25 12:04:00,2011-09-25 13:39:00,0.005656567394408175,92.49092376397275
15508,1000.27,6,440,2011-04-18 15:31:00,2011-06-03 15:43:00,0.005655888870944997,92.49657965284369
18143,1000.16,2,570,2011-07-21 10:44:00,2011-08-15 12:07:00,0.00565526689110375,92.50223491973479
13005,999.68,4,462,2010-09-08 12:52:00,2011-06-19 10:53:00,0.005652552797251036,92.50788747253203
12413,999.45,4,319,2010-11-02 13:26:00,2011-10-04 09:00:00,0.005651252293946612,92.51353872482598
17205,999.35,3,2214,2010-05-24 15:36:00,2011-10-17 12:46:00,0.0056506868577272966,92.51918941168371
17329,998.53,5,430,2009-12-03 16:09:00,2011-11-25 14:24:00,0.00564605028072891,92.52483546196444
16863,998.52,3,745,2010-10-26 10:03:00,2011-11-08 15:26:00,0.005645993737106979,92.53048145570155
17631,998.49,7,591,2009-12-09 14:15:00,2011-12-08 09:47:00,0.005645824106241185,92.53612727980779
12722,997.63,4,566,2011-07-12 11:55:00,2011-09-15 14:50:00,0.005640961354755073,92.54176824116254
16898,997.29,5,789,2010-05-12 12:18:00,2011-11-13 15:44:00,0.005639038871609401,92.54740728003415
13965,996.61,3,425,2010-01-05 15:21:00,2010-08-20 10:40:00,0.005635193905318057,92.55304247393947
16699,994.6,7,640,2009-12-04 13:31:00,2010-11-24 14:38:00,0.00562382863730982,92.55866630257678
13292,994.51,5,530,2010-07-01 14:36:00,2011-11-01 10:04:00,0.005623319744712436,92.5642896223215
17237,994.13,4,414,2010-11-23 11:45:00,2011-11-28 15:02:00,0.005621171087079038,92.56991079340858
15104,993.54,2,635,2011-03-02 14:16:00,2011-05-27 12:29:00,0.005617835013385078,92.57552862842196
17299,993.23,6,919,2010-08-15 16:00:00,2011-11-28 12:01:00,0.0056160821611052,92.58114471058308
14223,991.13,3,585,2011-03-20 16:02:00,2011-09-08 13:38:00,0.00560420800049958,92.58674891858358
13559,990.0,2,360,2010-06-14 11:52:00,2010-07-15 09:52:00,0.005597818571221317,92.5923467371548
13245,989.22,2,371,2010-10-03 14:03:00,2011-10-20 11:40:00,0.005593408168710658,92.5979401453235
15973,988.44,3,301,2010-10-06 15:00:00,2010-12-08 11:42:00,0.0055889977661999985,92.6035291430897
17883,988.42,7,476,2010-02-25 20:07:00,2011-12-06 17:49:00,0.005588884678956135,92.60911802776866
15176,988.04,1,448,2010-02-10 10:36:00,2010-02-10 10:36:00,0.005586736021322737,92.61470476378999
16130,987.48,4,296,2010-04-01 13:58:00,2010-10-13 15:14:00,0.005583569578494572,92.62028833336848
18237,987.1,5,622,2011-07-28 13:05:00,2011-12-07 12:49:00,0.005581420920861174,92.62586975428934
13439,986.61,3,952,2010-07-01 14:36:00,2011-03-29 14:20:00,0.005578650283386529,92.63144840457272
12862,984.62,2,611,2010-08-01 15:20:00,2010-10-10 11:47:00,0.005567398102622155,92.63701580267535
17144,984.57,2,483,2011-09-16 12:50:00,2011-12-08 17:57:00,0.005567115384512497,92.64258291805986
14142,983.15,2,831,2010-03-03 15:13:00,2010-12-01 16:33:00,0.00555908619019822,92.64814200425006
15109,983.1,3,258,2009-12-04 12:33:00,2011-04-08 09:58:00,0.005558803472088562,92.65370080772215
12541,981.18,3,680,2011-03-04 09:32:00,2011-11-10 10:40:00,0.0055479470966777085,92.65924875481882
12543,980.25,1,688,2010-09-17 15:51:00,2010-09-17 15:51:00,0.005542688539838077,92.66479144335865
14510,979.85,3,793,2010-09-29 13:35:00,2010-11-29 12:46:00,0.005540426794960815,92.67033187015362
14230,979.8000000000001,3,246,2010-06-09 13:56:00,2010-09-30 09:07:00,0.005540144076851158,92.67587201423046
15025,979.79,2,503,2010-05-20 13:28:00,2011-11-06 15:20:00,0.005540087533229226,92.6814121017637
17369,979.1999999999999,1,1152,2010-09-10 09:49:00,2010-09-10 09:49:00,0.005536751459535266,92.68694885322323
13350,979.12,2,287,2011-09-21 13:33:00,2011-11-23 16:33:00,0.0055362991105598145,92.69248515233379
14157,978.69,5,521,2010-03-03 16:49:00,2011-11-20 11:32:00,0.005533867734816758,92.6980190200686
15132,977.9300000000001,5,679,2011-03-22 12:02:00,2011-11-21 17:10:00,0.005529570419549963,92.70354859048815
14454,977.3,5,400,2009-12-06 12:56:00,2010-11-28 13:26:00,0.005526008171368275,92.70907459865953
17123,977.17,3,676,2010-05-16 11:52:00,2011-07-01 10:47:00,0.005525273104283165,92.71459987176381
17221,976.62,5,713,2010-04-11 15:34:00,2011-12-02 13:35:00,0.005522163205076932,92.72012203496888
15247,976.06,3,514,2010-06-20 14:08:00,2011-08-09 12:52:00,0.005518996762248766,92.72564103173113
15406,975.87,4,547,2010-09-12 13:06:00,2011-11-08 13:22:00,0.005517922433432067,92.73115895416456
15165,975.5,1,320,2010-12-01 14:03:00,2010-12-01 14:03:00,0.0055158303194206,92.73667478448398
16376,974.96,2,691,2011-11-22 16:47:00,2011-12-01 11:38:00,0.005512776963836299,92.74218756144782
15646,974.61,5,1051,2010-10-25 13:06:00,2011-07-05 09:53:00,0.005510797937068695,92.74769835938488
15449,974.52,3,812,2011-03-23 10:43:00,2011-11-13 15:02:00,0.00551028904447131,92.75320864842935
12994,974.4200000000001,3,459,2011-03-16 08:31:00,2011-12-05 15:43:00,0.005509723608251996,92.7587183720376
17958,973.88,2,284,2009-12-11 15:37:00,2011-08-15 12:19:00,0.005506670252667693,92.76422504229028
12525,973.73,3,509,2010-03-02 14:01:00,2010-07-29 16:08:00,0.0055058220983387205,92.76973086438862
16009,972.11,4,366,2011-07-03 11:26:00,2011-11-17 16:51:00,0.005496662031585812,92.77522752642021
16535,972.04,3,664,2010-01-28 15:26:00,2011-12-04 15:18:00,0.005496266226232291,92.78072379264644
14350,972.03,3,543,2010-10-05 15:52:00,2011-03-10 14:14:00,0.00549620968261036,92.78622000232905
17100,971.74,2,800,2011-11-21 16:36:00,2011-11-21 16:36:00,0.005494569917574346,92.79171457224662
14953,971.32,4,1014,2010-09-30 12:16:00,2011-11-14 14:59:00,0.005492195085453222,92.79720676733207
15208,970.52,6,356,2010-10-12 12:17:00,2011-12-08 17:24:00,0.0054876715956987,92.80269443892777
18006,969.51,4,395,2009-12-17 12:27:00,2011-11-16 16:52:00,0.005481960689883615,92.80817639961765
13223,969.1200000000001,6,568,2010-02-12 13:27:00,2011-05-23 13:03:00,0.0054797554886282865,92.81365615510627
16254,967.44,3,543,2010-03-17 15:43:00,2010-11-26 13:22:00,0.0054702561601437895,92.81912641126641
13204,966.6600000000001,1,428,2009-12-08 14:56:00,2009-12-08 14:56:00,0.00546584575763313,92.82459225702404
14138,965.8800000000001,2,600,2011-10-07 09:38:00,2011-12-08 12:44:00,0.005461435355122471,92.83005369237915
17987,965.4399999999999,5,981,2010-06-07 11:23:00,2011-06-07 14:22:00,0.005458947435757483,92.83551263981491
15084,965.2,2,600,2010-03-04 10:45:00,2010-11-25 11:58:00,0.005457590388831126,92.84097023020374
12550,964.83,1,569,2011-09-21 14:35:00,2011-09-21 14:35:00,0.0054554982748196605,92.84642572847855
16763,964.6999999999999,2,492,2009-12-01 15:26:00,2011-05-25 11:52:00,0.00545476320773455,92.85188049168629
15268,961.9000000000001,3,428,2010-04-13 11:27:00,2010-08-18 10:33:00,0.005438930993593723,92.85731942267988
15156,961.49,3,597,2011-11-06 12:41:00,2011-12-08 18:22:00,0.005436612705094529,92.86275603538498
16518,959.37,4,524,2010-06-01 13:31:00,2011-10-09 15:04:00,0.0054246254572450445,92.86818066084223
12588,958.78,4,438,2010-04-21 12:22:00,2011-10-31 15:01:00,0.005421289383551085,92.87360195022578
18192,957.97,1,339,2011-09-29 09:53:00,2011-09-29 09:53:00,0.005416709350174631,92.87901865957595
12697,957.59,3,508,2011-06-23 15:44:00,2011-11-11 08:47:00,0.005414560692541233,92.88443322026849
17080,957.53,7,569,2010-07-01 16:03:00,2011-11-17 12:59:00,0.005414221430809644,92.8898474416993
12675,957.25,2,336,2010-05-10 16:44:00,2010-06-04 09:49:00,0.005412638209395562,92.8952600799087
17172,956.5699999999999,3,1215,2009-12-13 11:46:00,2011-09-22 09:36:00,0.005408793243104217,92.9006688731518
16141,955.94,2,410,2010-10-18 14:12:00,2011-09-12 13:11:00,0.005405230994922531,92.90607410414673
12990,955.5,7,480,2010-03-30 11:36:00,2011-11-08 13:01:00,0.0054027430755575435,92.91147684722229
14629,955.26,2,378,2011-10-23 16:13:00,2011-12-05 16:55:00,0.005401386028631187,92.91687823325093
16947,955.21,5,655,2010-03-03 10:54:00,2011-04-18 09:38:00,0.0054011033105215295,92.92227933656145
12505,955.2,1,324,2010-10-27 09:18:00,2010-10-27 09:18:00,0.005401046766899598,92.92768038332835
15430,954.75,2,309,2010-06-29 15:04:00,2010-08-29 10:42:00,0.005398502303912679,92.93307888563227
17298,954.26,5,852,2010-03-08 08:56:00,2011-08-30 16:43:00,0.005395731666438034,92.93847461729871
15835,954.09,4,439,2011-01-13 10:35:00,2011-10-26 15:47:00,0.005394770424865199,92.94386938772358
17189,953.63,5,601,2009-12-02 11:45:00,2011-08-25 19:39:00,0.005392169418256348,92.94926155714184
12414,952.41,6,495,2010-09-02 12:22:00,2011-05-06 14:51:00,0.005385271096380701,92.95464682823822
14615,951.76,5,495,2010-06-09 13:59:00,2010-11-10 13:36:00,0.0053815957609551525,92.96002842399918
17955,949.9,6,681,2010-02-12 16:27:00,2011-05-25 12:00:00,0.005371078647275888,92.96539950264645
12767,949.82,1,598,2010-11-29 09:38:00,2010-11-29 09:38:00,0.0053706262983004354,92.97077012894475
17081,949.39,6,381,2010-02-22 13:19:00,2011-11-14 12:56:00,0.00536819492255738,92.9761383238673
13046,949.25,3,505,2010-09-09 13:09:00,2011-11-09 08:36:00,0.005367403311850339,92.98150572717915
13636,949.12,5,592,2011-02-27 14:29:00,2011-11-03 10:30:00,0.005366668244765229,92.98687239542392
15177,948.93,1,485,2010-10-10 12:48:00,2010-10-10 12:48:00,0.00536559391594853,92.99223798933987
12822,948.88,2,550,2011-09-13 13:46:00,2011-09-30 10:04:00,0.005365311197838871,92.9976033005377
12874,948.42,2,623,2010-06-03 12:51:00,2010-11-19 15:23:00,0.005362710191230021,93.00296601072894
12355,947.61,2,543,2010-05-21 11:59:00,2011-05-09 13:49:00,0.005358130157853568,93.0083241408868
17516,947.5,6,522,2010-11-26 12:50:00,2011-11-24 16:51:00,0.005357508178012321,93.01368164906481
16136,946.8,4,674,2010-02-14 12:49:00,2011-10-11 09:10:00,0.005353550124477114,93.01903519918929
14994,946.72,5,568,2010-03-26 14:16:00,2010-11-22 12:59:00,0.005353097775501661,93.02438829696479
16861,946.59,5,616,2010-07-19 11:44:00,2011-10-11 09:05:00,0.005352362708416552,93.02974065967321
17356,946.47,5,925,2010-01-20 12:14:00,2011-02-01 11:07:00,0.005351684184953374,93.03509234385817
16146,946.38,4,544,2010-09-17 10:46:00,2011-07-05 14:20:00,0.00535117529235599,93.04044351915053
18217,945.04,4,740,2010-07-01 15:39:00,2011-11-10 13:18:00,0.005343598447017165,93.04578711759754
17544,944.82,3,410,2010-11-14 14:47:00,2010-11-14 15:08:00,0.005342354487334671,93.05112947208488
13261,944.1,2,210,2011-02-27 10:41:00,2011-03-16 12:22:00,0.005338283346555602,93.05646775543144
17860,943.84,4,789,2009-12-11 16:48:00,2010-12-06 12:41:00,0.005336813212385382,93.06180456864382
16199,942.75,7,321,2010-03-18 18:47:00,2010-11-12 12:55:00,0.005330649957594844,93.06713521860142
17604,942.38,6,614,2010-01-27 12:19:00,2011-05-06 13:43:00,0.005328557843583379,93.072463776445
15385,942.08,3,428,2010-01-31 13:02:00,2011-10-30 15:11:00,0.0053268615349254325,93.07779063797993
14958,941.99,6,248,2009-12-03 16:02:00,2011-07-15 14:20:00,0.005326352642328049,93.08311699062226
14326,940.98,3,572,2010-06-25 12:10:00,2011-04-11 15:04:00,0.005320641736512964,93.08843763235878
13416,940.8000000000001,3,208,2009-12-03 13:02:00,2011-10-27 08:56:00,0.005319623951318197,93.0937572563101
15107,940.35,9,356,2010-09-14 10:47:00,2011-02-01 14:46:00,0.005317079488331279,93.09907433579843
13936,939.66,3,661,2010-10-21 14:21:00,2011-06-13 08:47:00,0.0053131779784180025,93.10438751377686
16109,939.48,3,1092,2010-01-10 10:37:00,2011-05-05 09:17:00,0.005312160193223235,93.10969967397008
17527,939.37,4,488,2011-05-05 13:43:00,2011-10-17 12:32:00,0.0053115382133819885,93.11501121218346
14437,936.34,5,480,2010-05-05 12:20:00,2010-12-09 09:27:00,0.0052944054959367355,93.12030561767939
17020,935.62,2,860,2010-03-03 12:27:00,2010-06-15 13:06:00,0.005290334355157665,93.12559595203454
14140,935.05,2,811,2011-11-08 11:20:00,2011-12-06 09:05:00,0.005287111368707568,93.13088306340325
12942,934.35,3,267,2010-12-09 09:34:00,2011-07-31 14:39:00,0.005283153315172361,93.13616621671842
16781,934.25,2,305,2010-02-08 13:56:00,2010-12-02 14:26:00,0.005282587878953046,93.14144880459737
15792,933.84,2,606,2010-03-31 09:42:00,2010-11-05 08:21:00,0.005280269590453853,93.14672907418783
15787,933.26,3,534,2011-10-09 13:11:00,2011-11-13 14:55:00,0.005276990060381824,93.15200606424821
16661,932.76,4,364,2009-12-17 15:39:00,2010-06-17 15:24:00,0.005274162879285248,93.1572802271275
18154,932.6,5,626,2010-08-06 09:18:00,2011-12-06 16:41:00,0.005273258181334344,93.16255348530883
18133,931.4999999999999,1,1350,2011-05-11 14:14:00,2011-05-11 14:14:00,0.005267038382921875,93.16782052369176
12396,931.43,1,591,2010-02-03 13:22:00,2010-02-03 13:22:00,0.0052666425775683545,93.17308716626933
13465,931.12,2,584,2010-05-02 15:30:00,2010-09-19 15:13:00,0.005264889725288477,93.17835205599461
14924,931.01,3,312,2010-03-10 12:51:00,2011-04-08 09:25:00,0.00526426774544723,93.18361632374005
15723,930.7,4,427,2010-05-14 12:55:00,2010-12-10 11:12:00,0.005262514893167353,93.18887883863322
14338,928.1,3,622,2010-06-21 10:32:00,2011-07-01 14:08:00,0.005247813551465156,93.19412665218468
13288,927.61,5,379,2010-02-11 14:59:00,2010-09-22 16:32:00,0.005245042913990511,93.19937169509866
15243,927.2800000000001,2,543,2010-09-30 17:28:00,2011-09-26 14:12:00,0.005243176974466771,93.20461487207312
17805,927.03,2,1126,2010-04-08 14:36:00,2011-09-27 11:49:00,0.005241763383918482,93.20985663545704
16975,926.12,3,586,2010-07-22 11:38:00,2010-10-12 17:53:00,0.005236617914322713,93.21509325337136
12745,925.41,3,468,2010-01-26 16:22:00,2010-08-10 10:14:00,0.005232603317165574,93.22032585668853
13805,924.6,2,1900,2011-08-02 15:29:00,2011-10-18 14:50:00,0.005228023283789121,93.22555387997232
14128,924.21,3,814,2010-06-06 14:05:00,2011-10-10 12:00:00,0.0052258180825337916,93.23077969805486
18001,924.14,6,874,2009-12-02 15:38:00,2011-11-27 16:02:00,0.0052254222771802705,93.23600512033204
16643,923.11,2,553,2010-10-13 09:47:00,2011-04-08 08:24:00,0.0052195982841213235,93.24122471861617
13034,922.68,3,522,2010-11-03 15:22:00,2011-10-16 12:21:00,0.005217166908378266,93.24644188552455
17322,922.59,5,631,2009-12-03 11:46:00,2010-11-28 14:41:00,0.005216658015780884,93.25165854354033
15654,922.53,2,475,2011-11-13 15:15:00,2011-11-30 13:08:00,0.0052163187540492945,93.25687486229438
13122,922.39,2,585,2011-04-13 14:12:00,2011-09-06 15:53:00,0.005215527143342253,93.26209038943773
17472,922.35,4,551,2010-03-21 13:27:00,2011-06-01 14:57:00,0.005215300968854527,93.26730569040659
16362,922.16,6,467,2010-09-28 09:24:00,2011-11-07 13:01:00,0.005214226640037827,93.27251991704662
13934,922.1,1,390,2011-03-21 08:39:00,2011-03-21 08:39:00,0.005213887378306238,93.27773380442493
14605,921.5600000000001,4,416,2009-12-08 13:59:00,2010-11-30 14:07:00,0.0052108340227219364,93.28294463844765
12638,921.49,2,663,2010-03-10 10:30:00,2011-11-06 13:11:00,0.005210438217368415,93.28815507666502
15576,921.37,1,394,2011-11-02 12:03:00,2011-11-02 12:03:00,0.0052097596939052375,93.29336483635893
15957,921.25,3,453,2010-10-15 12:11:00,2011-11-08 12:14:00,0.005209081170442059,93.29857391752938
14272,920.81,4,1097,2010-05-06 14:01:00,2011-09-27 10:08:00,0.005206593251077071,93.30378051078046
17363,920.46,3,499,2010-11-02 17:25:00,2010-11-09 17:11:00,0.005204614224309468,93.30898512500477
12998,920.08,3,1124,2010-02-24 11:55:00,2010-08-04 08:05:00,0.0052024655666760705,93.31418759057145
14568,919.7,1,645,2010-09-30 17:15:00,2010-09-30 17:15:00,0.005200316909042672,93.31938790748049
13075,919.61,1,485,2011-08-02 10:19:00,2011-08-02 10:19:00,0.005199808016445288,93.32458771549693
13872,919.57,3,339,2009-12-14 09:56:00,2010-06-30 15:35:00,0.005199581841957562,93.3297872973389
15304,919.5500000000001,9,133,2010-10-14 10:24:00,2011-10-10 10:23:00,0.005199468754713699,93.3349867660936
17760,918.93,6,696,2010-02-28 12:15:00,2011-11-18 10:56:00,0.005195963050153944,93.34018272914376
16204,918.71,3,671,2009-12-08 17:44:00,2011-11-16 13:40:00,0.00519471909047145,93.34537744823423
14342,918.44,6,521,2010-08-24 13:03:00,2011-11-18 13:21:00,0.0051931924126793,93.35057064064691
12368,917.6999999999999,1,330,2010-03-21 15:56:00,2010-03-21 15:56:00,0.005189008184656366,93.35575964883157
14061,917.4300000000001,3,133,2009-12-01 18:03:00,2010-07-20 17:22:00,0.005187481506864215,93.36094713033843
14015,917.34,1,378,2011-10-18 10:02:00,2011-10-18 10:02:00,0.005186972614266832,93.3661341029527
15707,916.98,4,594,2011-09-14 14:19:00,2011-11-04 14:35:00,0.0051849370438772965,93.37131903999658
14423,916.6099999999999,3,419,2010-01-14 11:49:00,2011-05-05 15:12:00,0.005182844929865829,93.37650188492644
14176,916.01,5,326,2010-11-23 13:21:00,2011-02-15 13:12:00,0.005179452312549938,93.38168133723899
14839,915.28,3,927,2010-01-04 16:29:00,2010-10-17 13:01:00,0.005175324628148936,93.38685666186714
14141,915.13,4,355,2011-08-26 14:40:00,2011-12-07 09:53:00,0.005174476473819963,93.39203113834097
16216,914.9300000000001,1,254,2011-03-17 15:34:00,2011-03-17 15:34:00,0.005173345601381333,93.39720448394235
14549,913.6,4,394,2009-12-02 14:06:00,2011-02-01 13:47:00,0.00516582529966444,93.40237030924202
15364,913.19,2,493,2011-03-30 13:39:00,2011-09-05 09:46:00,0.005163507011165247,93.40753381625318
14359,912.18,3,371,2011-09-13 09:03:00,2011-11-20 13:17:00,0.005157796105350163,93.41269161235853
15244,912.08,3,472,2010-02-11 14:48:00,2011-10-05 13:19:00,0.005157230669130847,93.41784884302766
16034,911.3199999999999,6,585,2010-10-26 13:00:00,2011-05-27 16:17:00,0.005152933353864051,93.42300177638153
14289,911.26,6,292,2011-02-23 12:33:00,2011-12-01 11:44:00,0.005152594092132462,93.42815437047366
14133,911.14,4,398,2009-12-06 12:10:00,2011-08-02 11:34:00,0.0051519155686692835,93.43330628604234
16138,910.35,3,774,2010-04-28 09:51:00,2010-11-26 12:13:00,0.005147448622536693,93.43845373466488
13038,908.46,3,360,2011-02-22 11:43:00,2011-09-20 14:37:00,0.005136761877991634,93.44359049654287
15097,908.35,3,424,2010-05-05 14:22:00,2011-12-05 14:03:00,0.005136139898150387,93.44872663644102
17464,907.14,3,608,2010-03-30 13:15:00,2011-07-04 13:19:00,0.005129298119896672,93.45385593456092
14714,906.24,4,642,2010-01-21 11:51:00,2011-11-15 13:07:00,0.005124209193922835,93.45898014375484
14969,906.23,1,665,2010-01-05 12:43:00,2010-01-05 12:43:00,0.005124152650300903,93.46410429640514
12808,906.1,5,375,2010-09-03 10:24:00,2011-11-03 10:05:00,0.005123417583215793,93.46922771398836
13573,904.52,6,647,2010-03-12 16:06:00,2011-10-20 14:33:00,0.005114483690950611,93.4743421976793
13255,904.46,3,517,2010-07-15 13:20:00,2011-11-30 13:14:00,0.0051141444292190225,93.47945634210852
15180,904.4300000000001,3,690,2010-04-29 15:27:00,2010-12-07 14:57:00,0.0051139747983532284,93.48457031690687
17746,904.1800000000001,4,688,2010-04-08 12:54:00,2011-04-13 14:31:00,0.00511256120780494,93.48968287811468
17176,902.3199999999999,3,576,2010-01-31 15:49:00,2011-05-22 12:41:00,0.005102044094125675,93.49478492220881
17382,902.28,8,457,2010-05-19 11:33:00,2011-10-05 13:05:00,0.005101817919637949,93.49988674012845
13548,901.44,3,558,2010-08-25 13:44:00,2011-09-04 14:50:00,0.005097068255395702,93.50498380838384
15511,900.53,5,269,2011-09-15 15:05:00,2011-11-28 09:43:00,0.005091922785799932,93.51007573116964
12945,900.11,2,446,2010-02-21 15:18:00,2011-02-24 14:15:00,0.005089547953678808,93.51516527912331
14729,899.73,3,569,2010-03-24 13:30:00,2010-12-01 12:43:00,0.00508739929604541,93.52025267841935
12940,899.69,2,404,2011-09-13 10:16:00,2011-10-16 12:09:00,0.005087173121557684,93.5253398515409
16834,898.96,2,760,2010-02-03 14:24:00,2011-04-26 09:37:00,0.005083045437156682,93.53042289697807
15710,898.87,1,641,2010-10-18 17:05:00,2010-10-18 17:05:00,0.005082536544559298,93.53550543352263
15992,896.6,3,514,2010-09-12 11:52:00,2011-12-06 11:00:00,0.005069701142380841,93.540575134665
13996,895.76,2,613,2010-11-05 15:07:00,2010-11-18 16:27:00,0.005064951478138593,93.54564008614314
17226,895.47,3,853,2010-02-12 14:31:00,2011-02-04 11:52:00,0.005063311713102579,93.55070339785624
15066,893.59,1,317,2011-10-17 13:25:00,2011-10-17 13:25:00,0.0050526815121794515,93.55575607936842
12772,892.47,1,556,2011-10-11 09:19:00,2011-10-11 09:19:00,0.00504634862652312,93.56080242799494
17155,892.46,7,987,2009-12-03 11:34:00,2011-11-22 12:38:00,0.0050462920829011885,93.56584872007784
16784,892.33,5,494,2010-03-28 12:55:00,2011-11-20 12:20:00,0.0050455570158160785,93.57089427709366
16442,891.98,5,580,2009-12-13 11:05:00,2011-12-08 11:43:00,0.0050435779890484755,93.5759378550827
15393,891.34,5,378,2009-12-15 17:56:00,2011-11-23 16:48:00,0.005039959197244858,93.58097781427995
16361,891.21,4,418,2011-09-29 13:13:00,2011-11-30 12:32:00,0.005039224130159747,93.5860170384101
14065,891.02,3,582,2010-10-04 12:03:00,2010-11-15 16:13:00,0.005038149801343048,93.59105518821144
15824,890.94,2,478,2010-06-25 15:10:00,2010-09-12 13:20:00,0.005037697452367596,93.59609288566381
17537,887.67,2,699,2011-02-09 13:37:00,2011-11-10 10:56:00,0.005019207687995986,93.6011120933518
16900,887.11,3,833,2011-10-07 13:17:00,2011-11-23 10:32:00,0.005016041245167821,93.60612813459697
15900,886.5699999999999,4,656,2010-05-26 11:27:00,2011-11-16 12:19:00,0.005012987889583518,93.61114112248656
16228,885.71,3,555,2010-11-04 18:54:00,2010-11-19 14:20:00,0.005008125138097407,93.61614924762466
17704,885.19,2,343,2011-04-14 09:28:00,2011-06-24 09:40:00,0.005005184869756967,93.62115443249442
16411,884.9399999999999,4,530,2010-10-07 15:09:00,2011-11-20 13:23:00,0.0050037712792086785,93.62615820377363
17708,884.1800000000001,4,387,2010-10-12 12:13:00,2011-06-05 10:12:00,0.004999473963941884,93.63115767773758
15907,882.72,3,478,2011-05-13 13:01:00,2011-12-06 12:21:00,0.00499121859513988,93.63614889633271
18141,882.47,2,433,2010-04-29 15:32:00,2010-11-03 11:44:00,0.004989805004591591,93.64113870133731
16387,882.46,5,448,2010-03-11 12:22:00,2011-01-21 11:34:00,0.0049897484609696605,93.64612844979828
17480,882.23,2,581,2010-09-21 12:31:00,2011-09-23 11:39:00,0.0049884479576652345,93.65111689775595
17143,880.97,2,314,2010-07-12 13:26:00,2010-10-18 15:27:00,0.004981323461301862,93.65609822121726
12680,880.81,4,444,2011-08-18 15:44:00,2011-12-09 12:50:00,0.0049804187633509574,93.66107863998062
16677,880.62,2,457,2010-02-25 16:11:00,2010-10-24 14:53:00,0.0049793444345342585,93.66605798441515
13937,880.13,2,587,2010-11-02 12:37:00,2011-06-23 16:35:00,0.004976573797059614,93.67103455821221
14551,878.09,7,486,2010-01-27 12:06:00,2011-11-21 13:36:00,0.004965038898185582,93.6759995971104
14612,877.7,1,134,2010-10-20 16:01:00,2010-10-20 16:01:00,0.004962833696930253,93.68096243080734
15653,877.4399999999999,2,1200,2011-08-16 09:50:00,2011-09-08 10:49:00,0.004961363562760033,93.6859237943701
14645,876.89,3,587,2010-03-15 11:33:00,2011-07-06 09:15:00,0.004958253663553798,93.69088204803366
17864,876.57,5,1015,2010-10-08 11:49:00,2011-11-27 11:15:00,0.00495644426765199,93.6958384923013
13768,875.97,2,373,2009-12-09 10:25:00,2009-12-13 10:41:00,0.0049530516503360975,93.70079154395164
13166,875.93,2,522,2010-10-21 14:29:00,2011-03-01 15:16:00,0.004952825475848371,93.70574436942749
14681,875.1500000000001,6,172,2010-02-24 08:54:00,2011-09-29 15:52:00,0.004948415073337713,93.71069278450084
16513,874.59,4,407,2011-10-27 14:56:00,2011-12-05 10:18:00,0.004945248630509547,93.71563803313134
16657,874.43,4,1130,2011-03-30 12:02:00,2011-11-30 11:48:00,0.004944343932558643,93.7205823770639
15469,874.25,3,287,2010-09-27 10:09:00,2011-10-20 16:21:00,0.004943326147363875,93.72552570321128
17361,871.79,5,380,2010-02-01 14:30:00,2011-10-21 15:43:00,0.004929416416368719,93.73045511962765
15224,871.36,5,443,2010-01-15 16:14:00,2010-12-16 15:02:00,0.0049269850406256635,93.73538210466828
13200,870.09,4,516,2011-08-05 14:50:00,2011-11-20 15:35:00,0.004919804000640359,93.74030190866891
17566,869.77,2,497,2011-11-14 13:42:00,2011-12-01 19:54:00,0.00491799460473855,93.74521990327365
14753,869.51,2,412,2010-09-05 11:04:00,2011-09-13 14:50:00,0.00491652447056833,93.75013642774422
16948,868.77,7,2091,2010-02-21 13:48:00,2011-07-24 12:46:00,0.004912340242545397,93.75504876798676
16357,868.37,4,389,2010-11-23 18:52:00,2011-11-06 16:04:00,0.004910078497668136,93.75995884648444
17167,867.11,3,429,2010-09-20 14:02:00,2010-11-25 10:05:00,0.004902954001304764,93.76486180048575
16567,865.6,2,996,2011-01-07 09:31:00,2011-05-29 13:57:00,0.004894415914393103,93.76975621640014
13922,865.2,3,467,2010-08-29 14:36:00,2010-12-23 10:38:00,0.0048921541695158425,93.77464837056965
14600,865.1700000000001,2,487,2010-11-11 15:56:00,2011-02-07 09:48:00,0.004891984538650048,93.7795403551083
18156,862.52,2,351,2010-12-05 12:29:00,2011-11-27 12:24:00,0.004877000478838192,93.78441735558714
16668,862.42,13,773,2010-03-18 18:25:00,2011-11-24 17:43:00,0.0048764350426188765,93.78929379062976
12787,862.18,4,510,2010-10-22 14:57:00,2011-11-30 08:44:00,0.00487507799569252,93.79416886862545
17358,861.01,5,430,2010-02-24 16:42:00,2011-02-09 16:57:00,0.004868462391926532,93.79903733101737
12794,860.41,2,592,2011-09-02 12:01:00,2011-10-17 14:54:00,0.004865069774610639,93.80390240079198
13339,860.12,1,326,2011-05-23 08:31:00,2011-05-23 08:31:00,0.004863430009574626,93.80876583080156
14372,860.08,2,378,2010-04-19 15:57:00,2010-09-22 16:17:00,0.0048632038350869,93.81362903463665
13891,859.21,3,476,2010-05-06 16:02:00,2010-11-26 15:57:00,0.004858284539978856,93.81848731917663
12440,859.2,2,331,2009-12-22 12:03:00,2010-09-03 13:11:00,0.0048582279963569255,93.82334554717298
15870,857.46,4,504,2010-09-19 16:22:00,2011-11-07 10:58:00,0.004848389406140839,93.82819393657911
15287,856.03,5,1010,2009-12-02 12:13:00,2011-11-17 15:34:00,0.00484030366820463,93.83303424024731
17161,856.01,1,537,2010-09-21 16:44:00,2010-09-21 16:44:00,0.004840190580960768,93.83787443082828
15542,855.71,3,418,2009-12-02 11:53:00,2010-07-15 13:32:00,0.004838494272302821,93.84271292510059
17968,855.54,4,503,2010-07-15 15:01:00,2010-12-01 12:23:00,0.004837533030729985,93.84755045813131
17064,855.45,3,316,2011-01-16 16:10:00,2011-10-12 10:18:00,0.004837024138132602,93.85238748226944
12878,854.99,2,547,2011-03-18 14:02:00,2011-04-17 13:07:00,0.004834423131523751,93.85722190540096
13945,854.15,2,413,2010-08-17 09:59:00,2010-11-10 10:00:00,0.004829673467281503,93.86205157886825
14873,854.13,2,311,2010-03-16 10:51:00,2011-05-13 13:52:00,0.0048295603800376395,93.86688113924828
13991,852.88,6,995,2011-07-19 12:58:00,2011-11-27 16:18:00,0.004822492427296199,93.87170363167557
14686,852.53,5,457,2010-02-18 18:29:00,2010-10-21 18:31:00,0.004820513400528595,93.8765241450761
15266,852.21,5,236,2010-01-07 12:19:00,2011-01-05 13:40:00,0.004818704004626787,93.88134284908072
16070,852.15,2,457,2011-11-07 16:36:00,2011-11-17 15:50:00,0.004818364742895197,93.88616121382361
12696,851.91,2,564,2010-07-19 10:02:00,2010-10-01 10:43:00,0.00481700769596884,93.89097822151957
17674,851.7,2,1021,2010-12-06 10:20:00,2011-09-26 13:35:00,0.004815820279908279,93.89579404179948
13479,851.37,4,716,2010-08-19 16:18:00,2011-05-23 10:45:00,0.004813954340384538,93.90060799613985
16020,851.01,3,487,2011-10-05 13:54:00,2011-11-23 11:18:00,0.004811918769995003,93.90541991490984
17223,850.88,3,219,2010-11-29 17:19:00,2011-02-02 15:57:00,0.004811183702909894,93.91023109861275
18108,848.8100000000001,3,261,2009-12-02 12:47:00,2011-03-30 13:56:00,0.0047994791731700666,93.91503057778593
12713,848.55,1,508,2011-12-09 12:16:00,2011-12-09 12:16:00,0.0047980090389998465,93.91982858682492
15264,848.4,2,443,2010-06-27 13:29:00,2011-10-06 13:49:00,0.004797160884670874,93.9246257477096
15784,848.3299999999999,2,381,2010-02-05 14:42:00,2010-08-29 10:38:00,0.004796765079317353,93.92942251278892
14202,847.76,3,166,2010-03-25 10:36:00,2010-11-23 17:13:00,0.004793542092867256,93.93421605488179
13221,847.41,2,244,2010-12-15 13:24:00,2011-04-13 16:58:00,0.004791563066099653,93.9390076179479
13487,846.87,5,362,2009-12-05 10:25:00,2011-10-13 12:07:00,0.00478850971051535,93.94379612765842
16877,846.62,6,458,2011-05-15 16:13:00,2011-11-27 13:47:00,0.004787096119967062,93.94858322377839
13970,846.55,2,469,2010-09-28 11:53:00,2010-11-18 13:21:00,0.0047867003146135415,93.953369924093
14803,845.55,3,370,2011-02-20 13:21:00,2011-06-30 13:58:00,0.0047810459524203885,93.95815097004542
16500,843.9100000000001,9,386,2010-06-14 14:54:00,2011-12-05 12:04:00,0.0047717727984236185,93.96292274284384
14922,843.74,2,376,2010-07-20 09:45:00,2010-11-11 11:14:00,0.004770811556850782,93.9676935544007
15070,843.25,3,375,2009-12-15 13:49:00,2010-12-02 11:23:00,0.004768040919376136,93.97246159532007
16344,842.42,4,706,2010-02-09 12:16:00,2011-07-04 15:50:00,0.0047633477987558195,93.97722494311883
16846,842.41,3,517,2010-03-10 12:03:00,2011-10-20 13:55:00,0.004763291255133888,93.98198823437396
17638,842.4,2,432,2009-12-18 09:58:00,2010-03-02 14:32:00,0.004763234711511957,93.98675146908548
16810,842.0400000000001,2,372,2010-10-15 15:32:00,2011-05-31 15:32:00,0.004761199141122423,93.9915126682266
14862,841.1999999999999,2,772,2011-07-14 11:20:00,2011-11-14 10:01:00,0.004756449476880173,93.99626911770349
16798,841.16,3,205,2009-12-10 19:35:00,2010-06-03 19:01:00,0.004756223302392447,94.00102534100589
12891,840.5,11,2325,2010-02-18 14:32:00,2011-06-07 12:31:00,0.004752491423344967,94.00577783242923
13169,840.08,3,296,2010-05-26 15:58:00,2011-10-07 12:11:00,0.004750116591223843,94.01052794902046
18247,839.73,3,335,2010-03-18 15:52:00,2010-10-21 09:49:00,0.004748137564456239,94.01527608658492
13940,839.14,4,516,2011-07-18 16:05:00,2011-11-22 15:15:00,0.004744801490762279,94.02002088807568
17332,838.27,5,794,2010-02-21 14:41:00,2010-06-29 16:10:00,0.004739882195654236,94.02476077027133
14037,836.95,6,590,2009-12-07 11:39:00,2011-06-16 13:57:00,0.004732418437559274,94.02949318870888
15832,836.79,1,465,2011-03-30 15:29:00,2011-03-30 15:29:00,0.004731513739608369,94.0342247024485
14929,836.69,2,487,2010-10-14 12:22:00,2011-11-07 17:21:00,0.004730948303389055,94.03895565075189
13569,836.36,4,388,2010-10-07 13:05:00,2011-11-22 13:07:00,0.004729082363865314,94.04368473311575
13795,836.3,4,1250,2010-03-12 12:44:00,2010-11-16 17:25:00,0.004728743102133724,94.04841347621789
16747,836.06,2,583,2011-10-03 10:18:00,2011-11-02 11:37:00,0.004727386055207367,94.0531408622731
13386,835.46,2,514,2010-09-28 13:09:00,2010-10-21 12:52:00,0.004723993437891476,94.05786485571099
16737,835.1999999999999,2,576,2010-05-11 09:53:00,2011-10-17 13:03:00,0.004722523303721257,94.06258737901472
15012,834.82,3,467,2010-05-12 11:49:00,2011-10-17 12:22:00,0.004720374646087859,94.0673077536608
15190,834.4399999999999,1,790,2010-10-01 13:09:00,2010-10-01 13:09:00,0.00471822598845446,94.07202597964925
16644,833.78,2,826,2011-05-11 12:53:00,2011-06-15 12:39:00,0.00471449410940698,94.07674047375866
12903,833.53,1,493,2010-10-07 12:39:00,2010-10-07 12:39:00,0.004713080518858691,94.08145355427752
13175,831.45,2,423,2009-12-04 12:11:00,2010-05-06 13:13:00,0.004701319445496933,94.08615487372302
15766,831.06,3,334,2010-01-26 15:55:00,2011-10-06 17:03:00,0.004699114244241603,94.09085398796726
15759,830.9300000000001,7,523,2009-12-02 10:08:00,2011-05-05 15:13:00,0.004698379177156494,94.09555236714442
16924,829.89,3,467,2011-09-16 12:54:00,2011-11-18 12:53:00,0.004692498640475615,94.1002448657849
14087,829.47,3,718,2009-12-04 15:27:00,2011-12-07 12:41:00,0.004690123808354491,94.10493498959326
14851,829.4100000000001,3,631,2010-03-19 11:52:00,2011-11-16 14:20:00,0.004689784546622902,94.10962477413989
12730,829.25,1,234,2010-07-06 12:19:00,2010-07-06 12:19:00,0.004688879848671997,94.11431365398856
12953,828.8100000000001,2,364,2010-07-05 13:37:00,2011-11-30 09:24:00,0.0046863919293070105,94.11900004591787
15617,828.5500000000001,3,485,2010-07-20 13:16:00,2010-11-08 16:07:00,0.0046849217951367905,94.123684967713
17003,828.21,4,494,2010-05-10 11:20:00,2010-11-02 13:15:00,0.004682999311991118,94.128367967025
13681,827.83,4,360,2011-07-07 15:21:00,2011-11-22 11:13:00,0.00468085065435772,94.13304881767935
17045,827.6800000000001,5,294,2010-10-06 14:52:00,2011-08-18 17:09:00,0.004680002500028747,94.13772882017938
15945,827.27,4,397,2009-12-01 13:47:00,2010-12-09 13:14:00,0.004677684211529554,94.1424065043909
12792,827.01,2,394,2010-06-23 10:49:00,2011-03-28 11:36:00,0.004676214077359335,94.14708271846827
12461,826.88,2,287,2011-07-08 10:23:00,2011-09-06 16:57:00,0.004675479010274225,94.15175819747854
12781,826.74,2,671,2011-02-28 08:43:00,2011-10-07 10:37:00,0.0046746873995671834,94.15643288487811
16494,826.53,1,675,2011-02-16 12:49:00,2011-02-16 12:49:00,0.004673499983506621,94.16110638486163
17880,824.9200000000001,3,466,2009-12-09 16:13:00,2010-12-10 10:21:00,0.004664396460375646,94.165770781322
13513,824.59,3,364,2010-02-22 16:36:00,2011-08-05 11:50:00,0.004662530520851905,94.17043331184284
14260,824.28,3,544,2010-06-09 11:23:00,2010-08-25 14:55:00,0.004660777668572027,94.17509408951142
16264,823.53,2,616,2010-09-19 16:14:00,2010-09-27 15:00:00,0.004656536896927162,94.17975062640835
15137,823.4,2,596,2010-01-28 15:45:00,2010-07-07 09:41:00,0.004655801829842053,94.18440642823819
14508,822.92,5,347,2010-06-17 13:02:00,2011-11-17 19:48:00,0.004653087735989339,94.18905951597418
15847,822.57,5,643,2010-03-08 08:47:00,2011-11-01 14:41:00,0.004651108709221736,94.1937106246834
16164,822.48,3,433,2011-10-28 09:12:00,2011-11-22 15:04:00,0.004650599816624352,94.19836122450003
16680,821.45,3,377,2010-06-23 09:30:00,2011-10-27 17:35:00,0.004644775823565405,94.2030060003236
16246,821.35,2,336,2010-02-08 12:32:00,2010-09-06 12:04:00,0.00464421038734609,94.20765021071094
13893,821.1,1,190,2011-02-15 11:30:00,2011-02-15 11:30:00,0.004642796796797802,94.21229300750774
15314,820.4499999999999,3,750,2010-10-07 15:41:00,2011-05-24 14:39:00,0.0046391214613722516,94.2169321289691
16135,819.45,2,395,2010-05-05 09:35:00,2011-03-22 12:30:00,0.0046334670991790994,94.22156559606829
17683,819.01,3,781,2010-06-03 17:15:00,2010-11-19 10:11:00,0.004630979179814112,94.2261965752481
13612,818.29,1,444,2010-03-17 12:14:00,2010-03-17 12:14:00,0.004626908039035042,94.23082348328712
15483,817.8199999999999,10,905,2010-01-24 15:42:00,2011-07-01 13:07:00,0.00462425048880426,94.23544773377593
14890,817.25,3,636,2010-02-18 09:00:00,2011-03-31 11:57:00,0.004621027502354162,94.24006876127828
18043,817.2,3,422,2010-12-08 12:35:00,2011-11-15 12:48:00,0.004620744784244506,94.24468950606253
16869,817.12,4,583,2011-06-17 13:01:00,2011-11-17 12:02:00,0.004620292435269053,94.24930979849779
14872,816.6,3,662,2010-03-16 14:41:00,2010-08-13 12:34:00,0.004617352166928614,94.25392715066472
13514,815.9000000000001,4,288,2010-01-26 15:11:00,2011-09-27 09:39:00,0.004613394113393407,94.25854054477811
15399,815.77,3,611,2011-09-21 15:57:00,2011-12-08 13:04:00,0.0046126590463082965,94.26315320382442
14556,815.69,3,323,2010-01-20 11:49:00,2010-04-22 14:57:00,0.004612206697332845,94.26776541052175
13811,814.5,3,68,2011-04-14 18:40:00,2011-06-09 09:54:00,0.004605478006322992,94.27237088852807
12763,814.16,2,512,2010-12-05 15:46:00,2011-07-24 14:12:00,0.0046035555231773205,94.27697444405125
16658,814.07,6,317,2010-03-30 16:24:00,2010-12-06 13:47:00,0.004603046630579937,94.28157749068183
14624,814.07,6,645,2010-04-14 10:44:00,2011-10-13 13:44:00,0.004603046630579937,94.2861805373124
16621,813.48,4,302,2011-03-07 11:32:00,2011-10-19 11:38:00,0.0045997105568859765,94.2907802478693
17194,812.5,3,420,2010-06-27 13:16:00,2011-03-11 12:05:00,0.004594169281936686,94.29537441715122
16460,811.23,3,876,2011-09-19 10:15:00,2011-11-11 13:46:00,0.004586988241951383,94.29996140539318
16624,810.5699999999999,2,488,2011-05-26 14:20:00,2011-09-20 12:39:00,0.004583256362903901,94.30454466175608
13045,808.92,3,405,2010-08-10 13:02:00,2011-09-01 15:04:00,0.004573926665285199,94.30911858842137
15533,807.57,3,289,2011-09-11 15:41:00,2011-11-20 15:35:00,0.004566293276324443,94.3136848816977
17495,806.72,3,367,2010-11-14 11:50:00,2011-12-02 12:08:00,0.004561487068460264,94.31824636876615
12797,806.11,2,333,2010-10-11 12:53:00,2010-12-09 10:55:00,0.00455803790752244,94.32280440667368
12632,804.88,2,694,2010-05-24 09:07:00,2010-07-07 09:39:00,0.004551083042024862,94.32735548971571
13637,804.3,3,405,2011-04-27 13:06:00,2011-10-18 13:32:00,0.004547803511952833,94.33190329322767
18248,804.02,2,511,2011-06-06 13:18:00,2011-08-09 10:19:00,0.00454622029053875,94.3364495135182
16469,803.9,5,332,2010-07-13 13:17:00,2011-11-16 12:25:00,0.004545541767075572,94.34099505528528
15644,803.54,4,550,2011-03-23 15:37:00,2011-06-26 14:54:00,0.0045435061966860365,94.34553856148196
18265,801.51,2,311,2011-07-04 15:26:00,2011-09-28 14:10:00,0.0045320278414339365,94.3500705893234
16127,801.31,2,391,2009-12-13 12:19:00,2011-10-31 13:58:00,0.004530896968995306,94.3546014862924
17114,801.12,8,215,2011-01-09 11:39:00,2011-12-04 12:17:00,0.004529822640178607,94.35913130893258
17023,800.18,3,530,2010-01-11 15:09:00,2010-10-18 15:37:00,0.004524507539717043,94.36365581647229
13720,799.9,4,501,2011-03-30 09:17:00,2011-08-15 12:46:00,0.004522924318302961,94.3681787407906
13041,799.13,4,335,2010-04-29 08:43:00,2010-09-15 11:44:00,0.004518570459414233,94.37269731125001
17251,798.98,3,377,2009-12-15 10:36:00,2010-12-12 11:06:00,0.004517722305085261,94.37721503355509
16438,798.35,5,463,2011-09-18 13:31:00,2011-12-04 10:51:00,0.004514160056903574,94.38172919361199
13389,797.96,3,429,2011-04-21 12:12:00,2011-11-28 14:01:00,0.004511954855648244,94.38624114846763
15309,797.96,4,440,2009-12-04 13:01:00,2010-04-08 11:11:00,0.004511954855648244,94.39075310332328
17281,797.8499999999999,6,295,2010-02-04 13:00:00,2010-11-30 18:05:00,0.004511332875806997,94.39526443619908
15637,797.59,5,651,2009-12-15 17:54:00,2011-10-18 08:28:00,0.004509862741636778,94.39977429894073
16155,796.9,5,495,2010-06-18 11:23:00,2010-11-23 12:03:00,0.0045059612317235025,94.40428026017246
15396,796.38,2,278,2010-05-05 09:04:00,2011-08-19 10:56:00,0.0045030209633830625,94.40878328113584
16952,795.83,5,343,2009-12-11 13:52:00,2011-08-22 13:03:00,0.004499911064176829,94.41328319220001
18084,795.2299999999999,3,755,2010-11-16 08:09:00,2011-11-23 13:57:00,0.004496518446860937,94.41777971064687
13336,795.12,1,559,2011-09-23 14:05:00,2011-09-23 14:05:00,0.00449589646701969,94.42227560711389
15831,794.64,3,1092,2011-01-19 14:52:00,2011-10-12 13:14:00,0.0044931823731669766,94.42676878948706
16961,794.56,3,482,2010-06-25 14:36:00,2011-08-15 13:46:00,0.004492730024191524,94.43126151951125
17212,794.41,3,727,2010-08-10 09:22:00,2011-03-31 19:42:00,0.004491881869862551,94.43575340138112
16679,793.06,3,276,2010-06-10 18:35:00,2010-12-08 13:51:00,0.0044842484809017955,94.44023764986203
13296,792.51,6,653,2010-05-11 14:29:00,2011-07-25 13:46:00,0.0044811385816955615,94.44471878844372
14022,792.15,2,681,2010-08-10 09:38:00,2011-04-28 14:39:00,0.004479103011306026,94.44919789145503
16250,791.38,3,376,2010-11-18 10:43:00,2011-03-23 15:07:00,0.0044747491524172985,94.45367264060745
14976,790.86,7,234,2011-01-17 11:09:00,2011-10-13 16:37:00,0.004471808884076859,94.45814444949153
13484,790.72,3,224,2010-03-10 11:46:00,2011-04-12 16:30:00,0.004471017273369818,94.4626154667649
13544,790.2,6,331,2010-03-05 11:31:00,2011-10-31 11:57:00,0.004468077005029379,94.46708354376993
14656,790.0,5,309,2010-04-15 12:10:00,2011-06-23 13:51:00,0.004466946132590748,94.47155048990253
13016,789.89,3,527,2011-08-08 15:00:00,2011-09-27 14:08:00,0.0044663241527495,94.47601681405527
16759,789.79,3,609,2011-11-09 09:06:00,2011-12-02 12:42:00,0.004465758716530185,94.4804825727718
16472,789.6,2,252,2010-04-21 11:48:00,2010-10-01 13:56:00,0.004464684387713487,94.48494725715952
15448,788.81,2,487,2010-02-03 13:29:00,2011-01-31 10:42:00,0.004460217441580896,94.4894074746011
17952,788.46,4,477,2010-06-16 11:54:00,2010-11-26 13:54:00,0.004458238414813293,94.49386571301591
14557,788.38,1,510,2011-09-15 15:48:00,2011-09-15 15:48:00,0.00445778606583784,94.49832349908175
17817,788.15,6,353,2010-10-13 15:07:00,2011-12-05 14:39:00,0.004456485562533415,94.50277998464428
14513,788.01,6,593,2010-05-20 17:57:00,2011-08-31 11:25:00,0.004455693951826374,94.5072356785961
13323,787.85,5,175,2011-09-16 13:23:00,2011-12-06 17:12:00,0.00445478925387547,94.51169046784997
16468,787.52,3,371,2010-08-15 13:10:00,2011-09-26 14:13:00,0.004452923314351729,94.51614339116432
13212,786.83,3,309,2011-10-09 14:48:00,2011-11-20 12:40:00,0.004449021804438453,94.52059241296875
14463,786.5699999999999,4,210,2010-07-28 11:35:00,2011-09-02 15:20:00,0.004447551670268233,94.52503996463902
12628,786.46,3,448,2011-10-06 09:28:00,2011-12-05 13:15:00,0.004446929690426987,94.52948689432945
16739,786.43,2,391,2010-06-21 09:38:00,2011-06-16 09:17:00,0.004446760059561192,94.53393365438902
13770,785.37,4,468,2009-12-09 14:44:00,2010-10-13 15:10:00,0.00444076643563645,94.53837442082465
13541,785.25,2,279,2010-05-18 16:15:00,2010-10-08 16:37:00,0.0044400879121732715,94.54281450873683
15806,784.58,3,602,2011-03-08 09:24:00,2011-10-24 14:35:00,0.00443629948950386,94.54725080822632
13595,784.48,3,341,2010-03-03 14:42:00,2010-07-11 12:36:00,0.0044357340532845445,94.55168654227961
13415,784.17,4,496,2009-12-11 14:20:00,2010-08-24 11:38:00,0.004433981201004666,94.55612052348062
15714,783.96,5,361,2010-06-02 12:08:00,2011-11-28 11:26:00,0.004432793784944105,94.56055331726556
12761,782.95,2,281,2010-09-01 10:47:00,2010-09-08 12:17:00,0.00442708287912902,94.56498040014469
16836,782.37,4,539,2010-05-14 12:52:00,2011-10-31 10:05:00,0.004423803349056991,94.56940420349375
15952,781.91,4,391,2011-04-28 12:55:00,2011-11-06 11:18:00,0.004421202342448141,94.57382540583619
17255,781.7,4,583,2010-09-19 15:53:00,2011-10-30 12:18:00,0.004420014926387579,94.57824542076257
13453,781.6899999999999,3,341,2010-11-02 13:23:00,2011-06-27 09:34:00,0.004419958382765647,94.58266537914534
13287,781.59,3,429,2010-01-04 10:43:00,2010-04-15 15:26:00,0.004419392946546332,94.58708477209188
15679,781.28,4,1170,2011-06-10 08:24:00,2011-11-15 16:19:00,0.0044176400942664545,94.59150241218614
15239,780.59,2,594,2011-09-22 09:53:00,2011-11-29 14:14:00,0.004413738584353179,94.59591615077049
13502,780.5,5,490,2010-06-09 10:52:00,2011-11-23 10:39:00,0.004413229691755796,94.60032938046224
15246,780.4,3,359,2010-06-02 11:28:00,2011-04-15 14:45:00,0.00441266425553648,94.60474204471778
17691,780.0500000000001,4,373,2010-06-11 11:50:00,2010-12-16 17:20:00,0.004410685228768877,94.60915272994654
18228,779.9,2,238,2011-09-21 10:48:00,2011-10-14 09:21:00,0.004409837074439904,94.61356256702098
12735,779.5699999999999,2,368,2011-01-06 14:26:00,2011-01-28 13:37:00,0.004407971134916163,94.61797053815589
12504,779.05,4,458,2010-04-22 10:24:00,2011-11-21 16:02:00,0.004405030866575724,94.62237556902247
13781,778.83,3,300,2009-12-18 15:46:00,2011-04-03 12:08:00,0.004403786906893231,94.62677935592936
14815,778.5,2,744,2011-10-03 11:36:00,2011-11-03 11:36:00,0.00440192096736949,94.63118127689673
16958,778.49,1,514,2010-09-30 14:25:00,2010-09-30 14:25:00,0.004401864423747559,94.63558314132047
14690,777.68,4,341,2010-10-25 12:20:00,2011-10-26 15:39:00,0.004397284390371104,94.63998042571083
16505,777.6,1,576,2011-11-08 12:14:00,2011-11-08 12:14:00,0.004396832041395652,94.64437725775223
13563,777.53,2,209,2011-07-22 17:21:00,2011-09-16 14:45:00,0.004396436236042132,94.64877369398826
13745,777.36,2,1146,2010-06-11 17:19:00,2011-06-30 16:43:00,0.004395474994469296,94.65316916898273
15837,777.01,2,405,2010-08-11 10:16:00,2011-10-06 09:01:00,0.004393495967701692,94.65756266495043
15794,777.0,2,288,2009-12-02 15:10:00,2009-12-03 13:04:00,0.004393439424079761,94.66195610437451
15618,776.851,4,454,2011-07-26 10:13:00,2011-11-07 08:34:00,0.004392596924112981,94.66634870129863
14997,776.5999999999999,4,1408,2010-02-22 12:11:00,2011-10-24 13:28:00,0.004391177679202499,94.67073987897783
15092,776.46,3,230,2010-09-03 12:33:00,2011-05-08 14:10:00,0.004390386068495458,94.67513026504632
15743,775.96,4,214,2011-06-08 10:14:00,2011-11-23 17:19:00,0.0043875588873988815,94.67951782393372
13314,775.94,3,560,2011-09-27 10:20:00,2011-12-08 12:29:00,0.004387445800155019,94.68390526973387
13341,775.85,1,301,2011-03-24 09:50:00,2011-03-24 09:50:00,0.004386936907557635,94.68829220664142
17482,775.64,2,240,2010-05-10 14:10:00,2010-08-09 15:33:00,0.0043857494914970735,94.69267795613291
15921,775.26,4,335,2010-03-09 11:03:00,2011-06-20 11:03:00,0.004383600833863675,94.69706155696677
15414,774.9000000000001,3,443,2011-04-11 13:45:00,2011-11-30 09:50:00,0.0043815652634741405,94.70144312223024
15773,774.52,2,410,2010-10-26 15:27:00,2011-12-04 12:48:00,0.004379416605840742,94.70582253883609
18058,774.06,3,394,2010-02-10 09:38:00,2011-11-30 08:38:00,0.004376815599231892,94.71019935443532
18112,773.36,4,443,2010-06-06 12:40:00,2011-11-27 14:43:00,0.004372857545696685,94.71457221198101
16565,773.05,4,211,2010-06-02 12:47:00,2010-12-10 15:21:00,0.004371104693416806,94.71894331667443
15075,773.03,1,447,2011-09-23 12:27:00,2011-09-23 12:27:00,0.004370991606172944,94.7233143082806
17349,772.41,5,772,2010-03-18 14:26:00,2011-06-13 14:29:00,0.004367485901613189,94.72768179418222
12923,770.42,3,230,2010-05-13 14:55:00,2011-10-06 16:20:00,0.004356233720848815,94.73203802790307
17801,770.03,3,820,2010-01-17 11:31:00,2010-09-14 14:32:00,0.004354028519593486,94.73639205642267
14838,769.9200000000001,2,361,2009-12-03 09:52:00,2010-10-12 15:46:00,0.004353406539752239,94.74074546296242
12965,769.8100000000001,1,282,2011-09-11 15:31:00,2011-09-11 15:31:00,0.004352784559910993,94.74509824752234
16480,769.29,1,455,2011-09-25 11:40:00,2011-09-25 11:40:00,0.004349844291570552,94.7494480918139
16978,768.88,3,285,2010-02-11 16:27:00,2011-09-23 12:50:00,0.004347526003071359,94.75379561781698
13980,768.82,5,463,2010-02-21 14:18:00,2011-10-10 13:34:00,0.00434718674133977,94.75814280455832
13356,768.24,1,325,2011-09-20 14:33:00,2011-09-20 14:33:00,0.004343907211267742,94.76248671176958
15331,767.91,3,701,2010-04-09 14:26:00,2010-07-28 09:42:00,0.004342041271744001,94.76682875304132
13712,766.42,2,1128,2010-04-08 11:16:00,2011-04-07 12:33:00,0.004333616272076204,94.7711623693134
12991,764.82,3,483,2010-11-15 13:43:00,2011-11-16 15:34:00,0.004324569292567159,94.77548693860597
14413,764.52,4,277,2010-01-19 14:27:00,2010-12-12 13:37:00,0.004322872983909213,94.77980981158987
13699,764.15,2,219,2010-06-07 13:03:00,2011-07-07 16:51:00,0.0043207808698977465,94.78413059245977
16602,763.33,2,429,2010-11-16 09:13:00,2011-11-03 15:54:00,0.004316144292899362,94.78844673675268
17466,763.28,2,306,2011-09-22 09:16:00,2011-11-29 13:15:00,0.0043158615747897035,94.79276259832747
15428,762.75,4,347,2009-12-17 17:46:00,2011-11-24 16:54:00,0.004312864762827333,94.7970754630903
16806,762.16,4,356,2011-04-14 19:59:00,2011-08-28 15:27:00,0.004309528689133372,94.80138499177943
13598,761.96,5,393,2010-02-26 11:22:00,2011-10-23 14:28:00,0.0043083978166947425,94.80569338959613
14883,761.59,6,790,2011-05-12 09:49:00,2011-11-21 10:23:00,0.004306305702683276,94.80999969529881
17425,759.17,2,407,2011-10-10 11:37:00,2011-11-20 15:30:00,0.004292622146175845,94.814292317445
18246,758.8199999999999,3,214,2010-04-09 10:19:00,2011-11-16 11:49:00,0.004290643119408242,94.8185829605644
16720,758.74,3,460,2009-12-17 17:54:00,2011-11-13 16:22:00,0.00429019077043279,94.82287315133483
15908,758.62,2,173,2010-07-15 19:21:00,2010-08-06 11:56:00,0.004289512246969612,94.8271626635818
15568,758.29,3,461,2011-09-27 14:37:00,2011-12-07 11:27:00,0.004287646307445871,94.83145030988925
15006,757.78,2,387,2010-09-12 13:03:00,2011-10-19 15:08:00,0.004284762582727363,94.83573507247198
16392,756.7,3,604,2010-05-27 11:17:00,2011-03-15 12:11:00,0.0042786558715587585,94.84001372834354
16262,755.15,1,446,2010-11-26 13:22:00,2010-11-26 13:22:00,0.004269891610159371,94.8442836199537
16892,754.75,7,367,2009-12-08 14:20:00,2011-12-08 13:18:00,0.00426762986528211,94.84855124981898
18104,754.64,1,362,2011-11-02 14:07:00,2011-11-02 14:07:00,0.004267007885440863,94.85281825770443
18034,754.2,3,951,2010-11-29 12:36:00,2011-11-18 12:22:00,0.004264519966075876,94.8570827776705
14234,754.12,4,951,2011-10-13 13:58:00,2011-11-17 17:53:00,0.004264067617100424,94.8613468452876
14247,753.56,5,378,2010-06-06 15:07:00,2011-03-06 15:21:00,0.004260901174272257,94.86560774646188
17579,753.28,4,375,2010-05-10 14:28:00,2011-12-05 12:28:00,0.004259317952858175,94.86986706441473
14998,753.18,4,352,2010-04-13 16:07:00,2011-06-22 17:30:00,0.0042587525166388595,94.87412581693137
13730,752.6,2,488,2011-07-01 12:47:00,2011-07-27 08:35:00,0.004255472986566831,94.87838128991794
13070,751.7,4,372,2009-12-07 14:44:00,2011-05-31 13:45:00,0.004250384060592994,94.88263167397854
14923,749.1,1,418,2011-10-20 11:51:00,2011-10-20 11:51:00,0.004235682718890797,94.88686735669742
16972,749.0,2,183,2010-09-09 11:20:00,2010-11-22 10:59:00,0.004235117282671482,94.8911024739801
14048,748.69,3,467,2010-11-22 14:08:00,2011-02-07 14:53:00,0.004233364430391604,94.89533583841049
15656,748.5,4,343,2011-02-28 15:32:00,2011-10-25 14:56:00,0.004232290101574905,94.89956812851206
17387,746.81,2,522,2011-11-06 11:25:00,2011-11-20 11:00:00,0.004222734229468476,94.90379086274153
14942,746.56,4,354,2009-12-10 10:32:00,2010-11-03 10:51:00,0.004221320638920187,94.90801218338045
17889,746.42,7,403,2010-03-31 10:54:00,2011-05-11 16:26:00,0.004220529028213147,94.91223271240867
14050,746.36,2,689,2011-08-25 13:46:00,2011-11-08 10:00:00,0.004220189766481558,94.91645290217515
16465,746.24,2,504,2010-09-21 10:46:00,2010-10-15 09:27:00,0.004219511243018379,94.92067241341817
18190,745.62,5,490,2009-12-22 12:05:00,2011-05-31 14:48:00,0.004216005538458624,94.92488841895663
14228,745.5,3,260,2010-06-11 12:29:00,2010-09-28 09:45:00,0.004215327014995446,94.92910374597162
13950,745.06,4,323,2011-04-07 11:29:00,2011-11-28 14:44:00,0.004212839095630459,94.93331658506725
13236,744.85,2,416,2011-08-25 08:58:00,2011-11-15 12:50:00,0.004211651679569897,94.93752823674681
12871,744.02,3,484,2010-09-26 10:34:00,2011-09-16 15:07:00,0.0042069585589495796,94.94173519530577
14104,743.53,5,496,2010-05-28 16:11:00,2011-07-08 12:50:00,0.004204187921474935,94.94593938322724
13354,743.53,1,604,2011-09-29 13:17:00,2011-09-29 13:17:00,0.004204187921474935,94.95014357114871
17038,743.17,2,535,2010-10-20 16:04:00,2011-11-09 13:50:00,0.0042021523510854,94.9543457234998
16730,743.11,3,994,2011-01-24 14:01:00,2011-10-18 14:11:00,0.004201813089353811,94.95854753658915
15420,743.0,6,844,2009-12-05 13:29:00,2010-10-01 15:46:00,0.004201191109512564,94.96274872769867
14302,742.9000000000001,3,298,2009-12-02 08:16:00,2010-10-05 08:10:00,0.004200625673293249,94.96694935337196
12465,742.1899999999999,2,479,2011-06-23 13:37:00,2011-11-22 16:34:00,0.00419661107613611,94.9711459644481
18275,741.85,2,417,2009-12-08 16:23:00,2010-05-10 15:46:00,0.004194688592990438,94.97534065304109
13721,741.54,2,512,2010-11-09 17:59:00,2011-11-03 14:05:00,0.004192935740710561,94.97953358878179
13713,740.76,3,284,2010-05-05 16:48:00,2010-10-27 16:18:00,0.0041885253381999015,94.98372211411998
15919,739.77,2,560,2010-12-06 11:26:00,2011-11-20 11:28:00,0.00418292751962868,94.9879050416396
15720,739.22,2,327,2010-06-07 15:40:00,2011-11-15 14:48:00,0.004179817620422447,94.99208485926003
12603,739.1999999999999,1,63,2011-11-18 10:42:00,2011-11-18 10:42:00,0.004179704533178583,94.9962645637932
15922,739.0,1,276,2010-12-01 13:51:00,2010-12-01 13:51:00,0.004178573660739953,95.00044313745394
15988,738.89,3,476,2010-02-21 11:36:00,2011-11-20 13:23:00,0.0041779516808987055,95.00462108913484
15462,737.05,4,495,2010-09-20 10:23:00,2011-09-06 13:11:00,0.0041675476544633045,95.0087886367893
16075,736.9300000000001,2,271,2010-05-24 15:57:00,2010-07-25 11:31:00,0.004166869131000127,95.0129555059203
17461,735.82,3,770,2011-11-10 12:01:00,2011-11-17 10:21:00,0.004160592788965726,95.01711609870927
15045,735.66,2,114,2011-03-27 11:44:00,2011-07-11 11:33:00,0.0041596880910148215,95.02127578680027
12527,735.51,5,526,2010-06-28 15:37:00,2011-09-19 11:55:00,0.00415883993668585,95.02543462673695
17430,735.17,4,515,2010-08-17 11:52:00,2011-11-07 09:24:00,0.004156917453540177,95.0295915441905
13286,734.91,1,274,2010-04-18 15:35:00,2010-04-18 15:35:00,0.004155447319369957,95.03374699150987
15938,734.81,9,449,2010-06-01 09:42:00,2011-08-19 12:56:00,0.004154881883150642,95.03790187339303
12537,732.94,1,449,2010-10-27 08:36:00,2010-10-27 08:36:00,0.004144308225849447,95.04204618161887
17979,732.41,4,383,2011-03-25 11:34:00,2011-11-04 12:05:00,0.004141311413887075,95.04618749303276
13780,732.07,3,479,2010-10-28 19:51:00,2011-12-02 13:49:00,0.004139388930741404,95.0503268819635
13575,732.0699999999999,5,449,2011-06-16 14:24:00,2011-11-16 13:14:00,0.004139388930741403,95.05446627089424
17548,731.26,4,494,2010-11-08 16:19:00,2011-04-20 12:01:00,0.00413480889736495,95.0586010797916
17681,731.2,5,450,2010-01-15 11:53:00,2010-04-21 17:22:00,0.004134469635633361,95.06273554942723
14778,730.86,2,306,2011-02-04 11:43:00,2011-08-04 15:23:00,0.004132547152487689,95.06686809657973
13921,730.7,4,210,2009-12-18 12:19:00,2010-11-02 16:32:00,0.0041316424545367846,95.07099973903426
13452,729.8,3,6,2010-08-24 09:53:00,2011-03-25 14:19:00,0.004126553528562946,95.07512629256283
12925,729.3299999999999,3,649,2010-04-26 10:32:00,2011-12-05 11:11:00,0.004123895978332164,95.07925018854117
15872,729.25,4,467,2010-06-07 14:53:00,2011-11-25 11:55:00,0.004123443629356713,95.08337363217052
18163,728.84,1,452,2010-05-04 14:51:00,2010-05-04 14:51:00,0.00412112534085752,95.08749475751138
17756,728.75,3,399,2010-11-10 12:54:00,2010-11-29 12:20:00,0.004120616448260136,95.09161537395964
12786,728.5,1,324,2010-04-09 12:12:00,2010-04-09 12:12:00,0.0041192028577118475,95.09573457681735
17547,727.85,2,223,2010-02-12 14:34:00,2010-11-29 09:41:00,0.004115527522286299,95.09985010433964
17141,727.58,4,423,2010-01-24 14:19:00,2010-10-17 14:54:00,0.004114000844494147,95.10396410518413
17374,727.11,3,155,2010-11-09 17:14:00,2011-05-05 09:05:00,0.004111343294263365,95.1080754484784
16447,727.1,3,315,2010-02-17 14:09:00,2011-07-27 12:45:00,0.004111286750641434,95.11218673522905
18078,725.53,4,370,2010-03-21 15:50:00,2011-05-06 14:32:00,0.0041024094019981834,95.11628914463104
12723,725.07,5,434,2011-10-05 15:52:00,2011-12-06 10:19:00,0.004099808395389334,95.12038895302643
17964,724.97,2,489,2010-12-02 13:32:00,2011-11-08 10:44:00,0.004099242959170018,95.1244881959856
18187,724.89,1,310,2010-03-18 09:49:00,2010-03-18 09:49:00,0.004098790610194566,95.1285869865958
13729,724.73,3,419,2010-01-24 14:57:00,2010-09-30 10:44:00,0.004097885912243662,95.13268487250805
14798,724.31,8,601,2010-03-01 08:38:00,2011-10-18 10:58:00,0.004095511080122537,95.13678038358817
17572,723.01,10,351,2009-12-15 10:00:00,2011-09-29 17:53:00,0.004088160409271438,95.14086854399744
15368,722.74,2,406,2010-11-10 15:52:00,2011-11-18 14:42:00,0.004086633731479288,95.14495517772892
13264,722.5600000000001,1,375,2010-09-23 12:42:00,2010-09-23 12:42:00,0.00408561594628452,95.1490407936752
17615,721.8,6,378,2010-08-11 12:54:00,2011-08-01 14:06:00,0.004081318631017724,95.15312211230622
13441,720.9,2,520,2010-10-04 10:38:00,2011-09-09 09:38:00,0.004076229705043886,95.15719834201127
16023,719.81,3,358,2011-03-18 13:32:00,2011-10-24 16:34:00,0.004070066450253349,95.16126840846152
17999,718.8,3,380,2010-11-26 13:16:00,2011-11-02 15:56:00,0.004064355544438265,95.16533276400597
13537,717.85,2,337,2010-09-14 10:41:00,2010-10-10 12:45:00,0.00405898390035477,95.16939174790632
13604,717.62,1,242,2010-02-19 12:02:00,2010-02-19 12:02:00,0.004057683397050344,95.17344943130337
16269,717.57,1,579,2010-09-28 11:50:00,2010-09-28 11:50:00,0.004057400678940688,95.17750683198231
12573,717.41,5,479,2010-08-31 17:25:00,2011-04-26 15:52:00,0.004056495980989783,95.1815633279633
16526,717.21,2,279,2010-05-04 16:34:00,2011-06-21 12:02:00,0.0040553651085511525,95.18561869307186
15274,716.57,2,619,2011-11-21 14:17:00,2011-12-05 16:57:00,0.004051746316747535,95.1896704393886
12519,716.54,2,387,2010-08-20 08:21:00,2011-10-07 09:26:00,0.00405157668588174,95.19372201607449
12535,716.35,2,219,2011-06-06 12:47:00,2011-09-09 08:48:00,0.004050502357065041,95.19777251843155
12492,715.21,3,444,2010-11-01 14:58:00,2011-10-07 15:15:00,0.0040440563841648465,95.20181657481571
15330,714.96,2,1312,2011-10-10 12:30:00,2011-11-07 17:50:00,0.004042642793616559,95.20585921760933
13512,713.39,4,419,2010-05-05 13:22:00,2011-03-24 10:03:00,0.004033765444973308,95.2098929830543
14026,713.11,2,427,2010-03-24 14:10:00,2010-08-26 10:31:00,0.004032182223559225,95.21392516527786
13147,712.8000000000001,4,144,2011-09-01 12:28:00,2011-11-29 13:59:00,0.004030429371279349,95.21795559464914
17761,712.78,1,398,2011-11-07 10:23:00,2011-11-07 10:23:00,0.004030316284035485,95.22198591093317
14470,712.04,3,282,2010-10-05 12:39:00,2011-11-28 10:31:00,0.004026132056012551,95.22601204298918
15127,711.5,2,464,2010-07-08 10:07:00,2011-10-05 10:30:00,0.0040230787004282495,95.23003512168961
13103,709.64,3,426,2010-05-11 14:41:00,2011-10-31 09:38:00,0.004012561586748985,95.23404768327636
13057,709.59,3,456,2010-03-18 12:14:00,2010-06-27 15:44:00,0.004012278868639328,95.238059962145
13927,708.26,2,463,2010-09-28 16:12:00,2011-09-26 12:00:00,0.004004758566922434,95.24206472071192
12485,708.1,1,414,2010-06-28 15:22:00,2010-06-28 15:22:00,0.00400385386897153,95.24606857458089
14398,707.79,2,267,2010-06-30 11:57:00,2010-11-03 13:46:00,0.004002101016691652,95.25007067559758
16449,707.69,2,367,2011-03-04 12:15:00,2011-05-26 10:25:00,0.004001535580472337,95.25407221117806
12453,707.09,1,473,2011-07-28 14:08:00,2011-07-28 14:08:00,0.003998142963156446,95.25807035414121
13626,707.04,2,398,2010-11-25 16:12:00,2011-04-01 10:05:00,0.003997860245046787,95.26206821438626
16309,706.57,2,467,2011-04-13 11:46:00,2011-08-25 15:35:00,0.003995202694816006,95.26606341708107
17051,706.49,4,507,2010-03-21 14:55:00,2011-05-29 14:13:00,0.003994750345840553,95.27005816742691
12890,706.02,2,457,2010-11-17 14:05:00,2011-11-15 17:26:00,0.003992092795609772,95.27405026022252
16364,705.79,2,279,2011-07-25 14:35:00,2011-11-28 11:27:00,0.0039907922923053465,95.27804105251482
16882,705.12,3,424,2011-01-26 17:43:00,2011-10-04 10:42:00,0.003987003869635935,95.28202805638446
16015,704.55,3,907,2011-10-21 12:56:00,2011-12-06 10:58:00,0.003983780883185837,95.28601183726765
12612,704.0400000000001,1,262,2011-09-26 15:35:00,2011-09-26 15:35:00,0.00398089715846733,95.28999273442612
16274,703.5,1,306,2010-12-01 15:35:00,2010-12-01 15:35:00,0.0039778438028830266,95.29397057822901
12883,703.47,4,196,2011-09-11 15:18:00,2011-11-15 09:32:00,0.0039776741720172325,95.29794825240103
15103,703.36,2,329,2011-09-14 13:54:00,2011-11-08 14:53:00,0.003977052192175985,95.3019253045932
17561,703.02,4,381,2009-12-06 13:29:00,2011-11-20 12:53:00,0.003975129709030313,95.30590043430223
14699,702.6,4,484,2010-07-02 12:04:00,2011-05-09 14:54:00,0.003972754876909189,95.30987318917914
16997,702.0,3,360,2011-01-18 11:51:00,2011-02-24 17:28:00,0.003969362259593297,95.31384255143874
17825,701.96,4,516,2009-12-14 12:09:00,2010-04-20 12:01:00,0.003969136085105572,95.31781168752384
14324,701.61,2,402,2010-01-15 13:31:00,2010-10-26 11:44:00,0.003967157058337968,95.32177884458218
14179,701.57,2,319,2011-10-18 14:00:00,2011-10-30 12:07:00,0.003966930883850243,95.32574577546603
14356,701.23,2,277,2011-09-19 14:43:00,2011-09-21 09:18:00,0.00396500840070457,95.32971078386673
13833,700.41,2,243,2010-10-31 14:11:00,2011-07-03 13:27:00,0.003960371823706184,95.33367115569044
17163,699.78,4,531,2010-02-02 10:39:00,2011-11-18 08:57:00,0.003956809575524498,95.33762796526597
13242,699.4,7,350,2010-02-09 13:12:00,2011-08-19 12:53:00,0.0039546609178911,95.34158262618385
16018,698.13,4,503,2009-12-07 13:57:00,2011-10-31 14:13:00,0.003947479877905796,95.34553010606176
14497,697.0600000000001,2,332,2010-02-04 09:59:00,2011-02-03 17:01:00,0.003941429710359123,95.34947153577212
16415,696.76,3,508,2010-02-01 12:30:00,2011-10-26 13:35:00,0.003939733401701177,95.35341126917383
15700,696.68,2,357,2011-06-19 15:36:00,2011-06-20 16:53:00,0.003939281052725724,95.35735055022656
14959,695.42,4,494,2011-02-16 13:00:00,2011-10-06 18:23:00,0.003932156556362351,95.36128270678292
13101,695.4,4,478,2010-01-27 15:49:00,2011-04-19 14:37:00,0.0039320434691184885,95.36521475025204
15995,694.54,1,352,2010-10-21 13:57:00,2010-10-21 13:57:00,0.003927180717632377,95.36914193096968
15053,693.95,3,984,2011-03-03 12:06:00,2011-12-05 12:08:00,0.0039238446439384175,95.37306577561361
14111,692.85,4,458,2011-04-12 11:36:00,2011-11-25 13:44:00,0.003917624845525949,95.37698340045914
17733,692.19,2,463,2011-03-23 09:54:00,2011-11-01 08:16:00,0.003913892966478469,95.38089729342562
12817,690.98,3,219,2010-10-01 08:57:00,2011-03-03 16:28:00,0.003907051188224753,95.38480434461384
14880,690.59,3,365,2011-02-24 12:27:00,2011-09-23 13:42:00,0.0039048459869694234,95.3887091906008
16545,689.82,2,322,2010-11-29 10:39:00,2011-06-28 10:37:00,0.003900492128080696,95.39260968272889
17834,689.6700000000001,2,639,2010-09-20 15:32:00,2010-10-21 12:09:00,0.003899643973751723,95.39650932670264
17502,689.1,4,376,2011-11-10 16:39:00,2011-11-30 13:13:00,0.0038964209873016257,95.40040574768994
15361,689.07,4,373,2010-06-14 13:27:00,2010-12-13 09:52:00,0.0038962513564358313,95.40430199904638
12450,688.2,5,442,2010-08-22 13:11:00,2011-07-06 14:41:00,0.0038913320613277883,95.40819333110771
18017,688.0,4,400,2010-10-04 15:11:00,2011-09-19 16:15:00,0.003890201188889158,95.4120835322966
15901,687.72,7,695,2010-06-14 12:39:00,2011-11-23 12:43:00,0.0038886179674750753,95.41597215026408
14809,686.76,2,232,2010-03-28 15:42:00,2010-03-28 15:44:00,0.0038831897797696477,95.41985534004385
13898,686.4,2,544,2010-10-24 15:42:00,2011-01-18 10:28:00,0.0038811542093801126,95.42373649425323
16824,686.24,3,390,2010-11-11 12:21:00,2011-11-24 12:38:00,0.0038802495114292086,95.42761674376466
17935,686.14,7,244,2009-12-04 14:33:00,2011-07-24 13:18:00,0.0038796840752098934,95.43149642783987
12658,686.05,1,320,2011-11-21 10:22:00,2011-11-21 10:22:00,0.003879175182612509,95.4353756030225
15257,685.9,2,71,2010-10-21 14:03:00,2011-03-01 12:58:00,0.003878327028283536,95.43925393005078
15219,685.45,2,271,2010-03-01 11:33:00,2011-06-16 16:57:00,0.0038757825652966176,95.44312971261608
15184,685.39,4,462,2009-12-16 12:06:00,2011-11-10 13:41:00,0.0038754433035650287,95.44700515591965
16885,684.6,4,358,2010-11-19 12:51:00,2011-11-24 13:40:00,0.003870976357432438,95.45087613227709
13585,684.54,3,1386,2009-12-01 14:56:00,2010-06-27 12:33:00,0.0038706370957008484,95.45474676937279
15669,684.34,4,342,2011-03-21 09:13:00,2011-10-30 16:03:00,0.003869506223262218,95.45861627559606
15207,683.9200000000001,3,428,2010-06-10 17:29:00,2010-10-19 13:29:00,0.0038671313911410946,95.4624834069872
17874,683.46,6,221,2011-03-29 11:25:00,2011-06-07 12:54:00,0.003864530384532244,95.46634793737174
14222,683.17,1,607,2011-06-15 16:42:00,2011-06-15 16:42:00,0.0038628906194962294,95.47021082799124
15582,682.9100000000001,3,453,2011-05-03 13:36:00,2011-11-15 09:55:00,0.0038614204853260102,95.47407224847656
13987,682.54,2,492,2010-11-04 09:54:00,2010-11-25 10:20:00,0.0038593283713145425,95.47793157684788
12601,681.26,6,290,2010-10-31 10:57:00,2011-06-03 10:17:00,0.0038520907877073072,95.48178366763558
12478,680.99,1,236,2011-12-06 09:56:00,2011-12-06 09:56:00,0.003850564109915156,95.4856342317455
18271,680.85,2,319,2009-12-08 11:27:00,2010-04-09 09:26:00,0.0038497724992081145,95.4894840042447
18082,680.84,1,608,2011-11-14 12:45:00,2011-11-14 12:45:00,0.0038497159555861836,95.49333372020028
13524,680.1800000000001,5,324,2011-05-04 12:26:00,2011-10-30 12:34:00,0.0038459840765387027,95.49717970427682
13809,679.7,3,281,2010-09-05 11:42:00,2011-02-07 13:15:00,0.0038432699826859893,95.5010229742595
13430,679.45,2,751,2011-09-14 14:26:00,2011-11-21 08:19:00,0.003841856392137701,95.50486483065164
14151,679.45,2,405,2009-12-23 10:54:00,2010-02-04 15:35:00,0.003841856392137701,95.50870668704378
17782,679.02,2,538,2010-11-22 10:03:00,2010-11-22 11:15:00,0.003839425016394645,95.51254611206018
16646,678.8,1,1072,2010-09-16 13:28:00,2010-09-16 13:28:00,0.003838181056712151,95.51638429311689
14182,678.77,4,174,2010-04-22 15:36:00,2010-09-22 11:45:00,0.0038380114258463566,95.52022230454273
13925,678.25,4,331,2011-07-28 12:09:00,2011-09-08 12:47:00,0.0038350711575059174,95.52405737570024
13974,677.72,2,356,2010-05-06 17:55:00,2011-10-21 14:41:00,0.0038320743455435465,95.52788945004578
16601,677.0,3,391,2010-03-26 13:39:00,2011-10-30 11:09:00,0.003828003204764476,95.53171745325054
13040,676.99,2,355,2011-11-06 13:53:00,2011-12-01 10:38:00,0.003827946661142545,95.53554539991168
17462,675.69,2,227,2011-02-28 17:01:00,2011-10-10 13:56:00,0.0038205959902914465,95.53936599590197
13325,675.3,1,240,2011-09-19 10:36:00,2011-09-19 10:36:00,0.003818390789036116,95.54318438669101
13355,674.7,1,314,2011-08-09 14:48:00,2011-08-09 14:48:00,0.0038149981717202253,95.54699938486273
13951,674.45,3,459,2011-02-18 15:21:00,2011-06-16 16:43:00,0.003813584581171937,95.5508129694439
14504,673.26,4,308,2011-03-06 14:38:00,2011-10-23 16:00:00,0.0038068558901620847,95.55461982533406
16648,672.8,3,503,2010-04-28 14:58:00,2011-10-28 08:58:00,0.003804254883553234,95.5584240802176
16226,672.1700000000001,5,521,2010-10-22 11:19:00,2011-05-20 14:41:00,0.0038006926353715484,95.56222477285297
17011,671.7,3,792,2010-02-26 09:47:00,2011-11-09 13:30:00,0.0037980350851407664,95.56602280793811
15562,671.4300000000001,3,560,2009-12-13 15:17:00,2010-12-23 09:55:00,0.0037965084073486154,95.56981931634546
17709,671.01,5,295,2010-04-15 14:48:00,2011-06-23 11:55:00,0.003794133575227491,95.57361344992069
13398,670.34,2,341,2010-09-17 09:34:00,2011-05-31 13:17:00,0.0037903451525580787,95.57740379507324
17418,670.0600000000001,3,521,2010-11-17 13:42:00,2011-10-28 13:00:00,0.003788761931143996,95.58119255700439
13741,668.4300000000001,3,218,2011-05-06 13:43:00,2011-09-29 09:19:00,0.003779545320769157,95.58497210232515
16268,667.65,2,533,2011-09-29 18:30:00,2011-09-29 18:30:00,0.0037751349182584973,95.58874723724341
17962,666.96,4,633,2010-01-13 15:24:00,2011-07-20 14:16:00,0.003771233408345222,95.59251847065175
18123,666.64,3,616,2010-07-14 12:47:00,2011-11-15 14:23:00,0.0037694240124434126,95.5962878946642
13217,666.48,4,512,2010-02-22 12:49:00,2011-08-09 15:32:00,0.0037685193144925085,95.60005641397869
17105,665.78,2,693,2011-02-06 14:46:00,2011-07-03 15:53:00,0.003764561260957301,95.60382097523964
16132,664.1999999999999,2,280,2010-03-22 10:25:00,2010-06-13 13:49:00,0.0037556273686921195,95.60757660260833
16704,664.16,2,433,2010-02-05 14:14:00,2010-03-31 14:02:00,0.0037554011942043937,95.61133200380253
13596,664.11,2,384,2011-11-27 11:57:00,2011-12-04 12:01:00,0.003755118476094736,95.61508712227862
15643,664.0,3,246,2011-03-02 14:34:00,2011-06-01 07:38:00,0.0037544964962534892,95.61884161877488
14720,663.81,3,219,2011-08-05 12:06:00,2011-12-04 12:02:00,0.00375342216743679,95.62259504094231
16573,663.61,2,360,2011-02-22 15:14:00,2011-09-16 09:13:00,0.0037522912949981596,95.62634733223732
15350,663.25,2,323,2010-11-21 15:14:00,2010-12-01 13:33:00,0.0037502557246086245,95.63009758796193
12837,662.66,2,194,2010-05-19 15:10:00,2011-06-19 16:07:00,0.0037469196509146646,95.63384450761284
13864,662.4000000000001,1,192,2010-11-18 12:50:00,2010-11-18 12:50:00,0.0037454495167444455,95.63758995712958
16862,662.33,4,513,2010-01-07 12:57:00,2010-06-10 13:05:00,0.003745053711390924,95.64133501084096
14425,661.39,3,325,2009-12-02 11:31:00,2010-10-01 10:24:00,0.00373973861092936,95.6450747494519
13028,661.3199999999999,2,798,2011-10-25 14:09:00,2011-11-17 11:10:00,0.003739342805575839,95.64881409225747
12386,660.8,2,568,2010-12-08 09:53:00,2011-01-06 12:37:00,0.0037364025372354,95.6525504947947
17375,660.55,4,480,2010-10-04 09:14:00,2011-05-24 15:45:00,0.003734988946687112,95.65628548374139
14603,660.0,1,400,2011-03-10 10:27:00,2011-03-10 10:27:00,0.0037318790474808777,95.66001736278886
15405,659.84,2,348,2010-05-12 15:56:00,2011-06-03 14:44:00,0.0037309743495299733,95.6637483371384
15492,659.4599999999999,2,483,2011-09-26 14:02:00,2011-11-11 14:53:00,0.003728825691896575,95.6674771628303
13759,659.4100000000001,2,287,2011-09-29 15:40:00,2011-11-06 14:47:00,0.0037285429737869183,95.67120570580408
14452,658.95,4,285,2010-07-06 13:13:00,2011-11-29 12:06:00,0.0037259419671780676,95.67493164777126
13622,658.95,1,379,2010-01-12 13:22:00,2010-01-12 13:22:00,0.0037259419671780676,95.67865758973844
14150,658.64,2,496,2010-12-15 10:04:00,2011-11-04 10:05:00,0.0037241891148981896,95.68238177885334
13433,658.3199999999999,4,190,2010-01-12 08:59:00,2010-07-26 16:55:00,0.0037223797189963807,95.68610415857233
16887,658.17,3,423,2009-12-01 13:41:00,2011-11-04 14:07:00,0.0037215315646674076,95.689825690137
15880,658.0600000000001,1,404,2010-12-05 13:00:00,2010-12-05 13:00:00,0.0037209095848261616,95.69354659972183
15715,658.02,5,246,2010-03-30 12:17:00,2010-06-02 09:56:00,0.0037206834103384353,95.69726728313216
16696,657.9000000000001,4,146,2011-04-05 15:20:00,2011-07-27 14:23:00,0.0037200048868752575,95.70098728801904
17852,657.8100000000001,5,372,2009-12-08 12:51:00,2011-11-28 12:36:00,0.0037194959942778733,95.70470678401331
17459,657.3,2,537,2011-10-10 17:00:00,2011-10-27 13:25:00,0.003716612269559365,95.70842339628287
16157,656.69,3,347,2011-09-28 11:48:00,2011-11-24 11:41:00,0.0037131631086215425,95.7121365593915
16708,656.63,1,285,2011-10-25 12:20:00,2011-10-25 12:20:00,0.0037128238468899528,95.71584938323839
14558,655.5,3,162,2009-12-08 10:41:00,2010-02-23 12:51:00,0.0037064344176116902,95.719555817656
17371,655.37,6,281,2009-12-08 12:25:00,2011-11-22 13:30:00,0.00370569935052658,95.72326151700653
16117,654.4,3,321,2010-04-27 11:50:00,2011-06-03 11:42:00,0.0037002146191992217,95.72696173162574
17398,653.38,3,310,2011-03-29 13:04:00,2011-08-17 09:48:00,0.003694447169762206,95.7306561787955
13496,653.33,2,341,2010-12-15 10:17:00,2011-11-29 10:58:00,0.003694164451652549,95.73435034324716
18121,653.3,2,438,2011-07-08 12:14:00,2011-07-13 12:53:00,0.0036939948207867536,95.73804433806795
15205,653.24,2,378,2011-08-04 16:07:00,2011-09-15 19:36:00,0.0036936555590551647,95.74173799362701
13820,652.75,3,285,2010-01-28 12:26:00,2010-10-17 13:46:00,0.00369088492158052,95.7454288785486
17523,652.74,4,872,2011-11-20 13:40:00,2011-11-28 13:20:00,0.003690828377958588,95.74911970692655
13840,651.4,1,358,2010-10-19 13:34:00,2010-10-19 13:34:00,0.003683251532619763,95.75280295845917
12855,650.9399999999999,4,270,2010-11-02 18:16:00,2010-12-02 09:37:00,0.003680650526010913,95.75648360898518
16056,650.75,1,345,2011-10-25 15:19:00,2011-10-25 15:19:00,0.0036795761971942145,95.76016318518238
16969,650.41,3,816,2011-06-01 12:10:00,2011-10-31 13:12:00,0.003677653714048542,95.76384083889643
17779,650.32,3,396,2011-07-19 12:19:00,2011-11-18 14:15:00,0.0036771448214511586,95.76751798371788
14034,648.89,3,420,2011-07-05 13:06:00,2011-11-17 14:02:00,0.00366905908351495,95.7711870428014
12844,648.6,4,223,2010-04-25 11:51:00,2011-11-10 13:31:00,0.0036674193184789354,95.77485446211988
16495,648.26,3,328,2011-03-08 16:38:00,2011-12-06 13:20:00,0.003665496835333263,95.77851995895521
17777,647.56,3,501,2011-08-31 14:35:00,2011-11-15 12:02:00,0.003661538781798056,95.78218149773701
16734,646.76,3,345,2011-08-17 15:00:00,2011-10-18 13:44:00,0.0036570152920435343,95.78583851302906
13474,646.59,3,318,2010-08-01 14:40:00,2011-04-17 13:53:00,0.0036560540504706985,95.78949456707953
14024,645.74,3,238,2010-11-14 10:51:00,2011-08-10 11:30:00,0.0036512478426065182,95.79314581492214
17380,645.0,3,252,2010-06-23 11:24:00,2010-10-01 16:42:00,0.0036470636145835853,95.79679287853672
12719,644.95,2,374,2011-10-05 14:50:00,2011-12-04 13:45:00,0.003646780896473928,95.8004396594332
16185,644.72,3,321,2010-05-24 11:04:00,2011-11-23 09:41:00,0.0036454803931695026,95.80408513982637
17312,644.3,3,372,2011-07-03 13:12:00,2011-07-24 11:52:00,0.0036431055610483777,95.80772824538742
17976,643.58,1,186,2010-12-02 13:49:00,2010-12-02 13:49:00,0.0036390344202693083,95.8113672798077
17963,643.16,4,341,2010-01-19 17:25:00,2010-08-25 15:58:00,0.003636659588148184,95.81500393939585
13237,643.0,1,128,2010-11-17 10:07:00,2010-11-17 10:07:00,0.0036357548901972793,95.81863969428605
15297,641.94,3,292,2011-10-07 09:42:00,2011-11-29 16:32:00,0.003629761266272538,95.82226945555232
14537,641.4,2,228,2010-03-26 13:44:00,2011-10-13 10:54:00,0.003626707910688235,95.825896163463
12365,641.38,2,174,2011-02-21 13:51:00,2011-02-21 14:04:00,0.0036265948234443716,95.82952275828644
12624,641.13,2,355,2011-06-15 12:34:00,2011-08-25 15:04:00,0.0036251812328960834,95.83314793951934
13318,640.76,3,304,2011-11-02 13:26:00,2011-12-08 18:51:00,0.0036230891188846173,95.83677102863822
14563,640.54,2,279,2010-04-26 12:51:00,2010-07-18 12:01:00,0.0036218451592021235,95.84039287379743
12538,640.45,2,336,2010-11-26 13:02:00,2011-11-10 17:16:00,0.00362133626660474,95.84401421006403
12880,640.13,2,279,2010-05-14 11:57:00,2010-11-23 10:50:00,0.0036195268707029304,95.84763373693474
15183,639.93,3,297,2010-05-04 11:31:00,2010-06-10 10:43:00,0.0036183959982643,95.851252132933
12734,639.65,3,265,2010-11-12 13:26:00,2010-12-22 12:47:00,0.0036168127768502175,95.85486894570985
15648,639.5,2,218,2011-03-17 18:59:00,2011-05-19 15:53:00,0.0036159646225212443,95.85848491033238
17998,639.24,3,561,2009-12-01 13:07:00,2010-11-24 15:31:00,0.0036144944883510248,95.86209940482073
16428,638.49,3,575,2010-07-30 12:10:00,2010-10-22 12:22:00,0.0036102537167061605,95.86570965853743
12699,638.11,1,373,2010-10-18 12:07:00,2010-10-18 12:07:00,0.003608105059072762,95.8693177635965
14664,636.24,2,465,2011-11-06 14:56:00,2011-11-20 10:59:00,0.0035975314017715667,95.87291529499826
15829,636.14,2,996,2011-07-22 10:23:00,2011-09-01 16:45:00,0.0035969659655522507,95.87651226096382
16534,635.9,1,168,2010-03-07 15:47:00,2010-03-07 15:47:00,0.0035956089186258942,95.88010786988245
17334,635.15,3,566,2010-10-29 12:16:00,2011-02-10 14:59:00,0.0035913681469810295,95.88369923802944
14365,634.68,2,557,2010-01-27 09:44:00,2010-11-10 09:52:00,0.0035887105967502475,95.88728794862618
14219,633.83,3,363,2010-08-03 14:42:00,2011-12-05 16:23:00,0.003583904388886068,95.89087185301507
15666,632.9399999999999,2,469,2010-08-01 15:41:00,2010-08-24 16:14:00,0.003578872006534162,95.8944507250216
13540,632.39,3,189,2010-02-22 09:22:00,2010-08-29 14:20:00,0.0035757621073279275,95.89802648712893
14237,632.14,2,276,2010-04-28 10:04:00,2010-12-01 13:20:00,0.0035743485167796392,95.90160083564571
18183,632.07,2,371,2011-03-10 10:08:00,2011-04-26 15:26:00,0.0035739527114261194,95.90517478835713
13822,632.0,2,611,2011-10-30 15:55:00,2011-12-04 12:13:00,0.003573556906072598,95.9087483452632
17985,631.35,1,171,2011-11-17 14:24:00,2011-11-17 14:24:00,0.003569881570647049,95.91231822683385
13706,631.17,2,301,2010-03-23 09:18:00,2011-02-10 09:21:00,0.0035688637854522807,95.9158870906193
16193,630.43,2,379,2010-10-25 10:25:00,2011-04-17 11:45:00,0.003564679557429348,95.91945177017672
16399,630.22,3,452,2010-11-15 15:03:00,2011-11-20 16:12:00,0.003563492141368786,95.92301526231809
13525,628.78,2,394,2011-04-05 15:36:00,2011-11-25 12:01:00,0.0035553498598106456,95.9265706121779
14283,628.4399999999999,4,550,2010-05-19 12:22:00,2010-09-02 14:46:00,0.003553427376664974,95.93012403955456
16158,628.32,9,182,2009-12-05 15:00:00,2010-07-05 13:55:00,0.003552748853201796,95.93367678840775
13480,627.82,2,362,2010-01-29 12:35:00,2010-10-19 11:53:00,0.0035499216721052197,95.93722671007986
13518,627.16,1,382,2011-09-15 10:29:00,2011-09-15 10:29:00,0.0035461897930577383,95.94077289987291
14036,626.65,1,268,2011-02-28 09:26:00,2011-02-28 09:26:00,0.00354330606833923,95.94431620594125
13914,626.45,2,380,2011-11-03 16:28:00,2011-11-28 10:35:00,0.0035421751959006,95.94785838113715
14381,625.9399999999999,2,449,2010-09-14 16:15:00,2011-10-18 17:10:00,0.003539291471182092,95.95139767260834
14793,625.9,2,361,2010-06-22 16:54:00,2011-11-18 14:50:00,0.0035390652966943658,95.95493673790503
16715,625.52,2,1174,2010-05-26 12:35:00,2011-09-22 18:15:00,0.003536916639060968,95.9584736545441
16330,625.38,7,326,2010-02-15 12:36:00,2011-11-22 12:24:00,0.0035361250283539266,95.96200977957244
17134,625.3,3,144,2010-09-23 18:32:00,2011-08-25 09:53:00,0.003535672679378474,95.96554545225182
13776,623.98,2,2,2010-10-07 16:07:00,2010-10-07 16:11:00,0.0035282089212835123,95.9690736611731
16750,623.93,5,214,2011-04-21 16:53:00,2011-10-26 12:48:00,0.0035279262031738543,95.97260158737627
15147,623.5,1,366,2011-04-13 15:57:00,2011-04-13 15:57:00,0.0035254948274307993,95.9761270822037
16792,623.46,5,324,2010-01-04 13:47:00,2011-03-02 14:41:00,0.003525268652943073,95.97965235085664
16431,623.28,3,442,2011-02-15 14:02:00,2011-05-10 14:09:00,0.0035242508677483055,95.98317660172438
15258,623.16,2,142,2011-05-06 14:16:00,2011-06-24 12:30:00,0.003523572344285127,95.98670017406866
12575,622.8199999999999,2,315,2010-07-01 09:15:00,2010-09-08 13:09:00,0.003521649861139455,95.9902218239298
14115,622.6700000000001,2,509,2010-02-11 11:44:00,2010-07-26 12:36:00,0.003520801706810483,95.99374262563661
17005,622.36,2,691,2010-04-30 10:55:00,2010-08-26 10:57:00,0.003519048854530605,95.99726167449114
18101,622.01,5,247,2010-02-03 13:52:00,2011-11-28 13:37:00,0.003517069827763001,96.00077874431891
14169,621.51,2,205,2010-09-21 13:39:00,2010-10-05 08:45:00,0.0035142426466664247,96.00429298696558
16368,621.44,3,307,2010-09-30 11:30:00,2011-12-07 13:12:00,0.0035138468413129045,96.0078068338069
15016,620.89,5,243,2010-06-14 13:06:00,2011-06-20 12:06:00,0.0035107369421066704,96.011317570749
13836,620.37,2,273,2010-10-21 13:27:00,2010-11-05 13:31:00,0.0035077966737662304,96.01482536742277
14339,620.27,2,456,2010-10-07 08:50:00,2011-04-11 11:06:00,0.0035072312375469153,96.01833259866032
12667,620.13,1,395,2011-10-12 17:00:00,2011-10-12 17:00:00,0.003506439626839874,96.02183903828717
15276,619.8,4,317,2010-10-01 12:24:00,2011-10-04 16:39:00,0.0035045736873161332,96.02534361197449
13444,619.08,2,331,2010-07-21 14:34:00,2010-11-30 13:02:00,0.003500502546537064,96.02884411452104
13020,618.96,2,278,2010-02-18 10:35:00,2010-05-26 11:12:00,0.003499824023073885,96.03234393854412
14079,618.73,2,302,2010-01-26 17:19:00,2011-08-07 12:10:00,0.0034985235197694605,96.03584246206388
13493,618.63,2,380,2011-02-25 16:42:00,2011-03-09 15:35:00,0.0034979580835501445,96.03934042014744
16613,618.59,1,293,2011-09-30 15:52:00,2011-09-30 15:52:00,0.003497731909062419,96.0428381520565
14594,618.33,2,329,2010-12-01 13:54:00,2011-12-02 13:28:00,0.003496261774892199,96.0463344138314
12596,618.27,2,474,2011-04-11 13:22:00,2011-10-19 13:02:00,0.0034959225131606093,96.04983033634457
13301,618.09,4,345,2011-02-20 13:13:00,2011-08-28 11:25:00,0.0034949047279658426,96.05332524107254
14455,617.72,4,706,2010-08-01 13:26:00,2010-10-03 15:48:00,0.0034928126139543757,96.0568180536865
15956,617.6,2,278,2009-12-13 11:16:00,2010-06-06 13:06:00,0.003492134090491197,96.06031018777699
14377,617.05,2,219,2011-03-22 13:38:00,2011-06-01 13:32:00,0.003489024191284963,96.06379921196827
13369,616.5600000000001,1,298,2010-12-09 11:30:00,2010-12-09 11:30:00,0.0034862535538103187,96.06728546552209
16311,616.26,2,394,2011-10-21 13:13:00,2011-11-22 08:54:00,0.003484557245152373,96.07077002276725
17639,615.17,6,576,2010-08-13 11:59:00,2011-03-08 15:22:00,0.0034783939903618357,96.07424841675761
15275,615.14,1,498,2011-11-02 11:20:00,2011-11-02 11:20:00,0.0034782243594960413,96.07772664111711
14077,615.0799999999999,6,376,2010-11-09 16:01:00,2011-10-30 12:35:00,0.0034778850977644515,96.08120452621488
16847,614.89,2,255,2010-03-31 13:32:00,2011-10-27 13:29:00,0.003476810768947753,96.08468133698382
16566,614.66,5,362,2011-02-20 10:29:00,2011-11-24 16:34:00,0.0034755102656433274,96.08815684724946
16844,614.34,2,281,2010-05-06 09:16:00,2010-05-26 10:29:00,0.0034737008697415194,96.09163054811921
16343,614.12,3,345,2010-10-28 14:15:00,2011-11-23 17:45:00,0.0034724569100590256,96.09510300502927
14570,613.75,3,431,2010-09-22 13:07:00,2011-03-04 10:58:00,0.0034703647960475587,96.09857336982532
17035,613.59,4,327,2009-12-03 10:37:00,2011-04-08 11:23:00,0.0034694600980966547,96.10204282992342
15362,613.08,2,368,2009-12-01 09:08:00,2010-09-17 10:37:00,0.0034665763733781464,96.1055094062968
16116,612.78,1,248,2011-05-12 12:01:00,2011-05-12 12:01:00,0.0034648800647202006,96.10897428636153
16178,612.6,2,304,2010-11-03 14:46:00,2011-07-24 16:05:00,0.003463862279525433,96.11243814864106
16589,612.36,4,536,2010-09-15 14:56:00,2011-09-29 14:50:00,0.0034625052325990766,96.11590065387367
12513,612.29,1,462,2011-08-19 10:51:00,2011-08-19 10:51:00,0.003462109427245556,96.11936276330091
13008,612.13,3,379,2009-12-16 16:07:00,2011-01-20 14:24:00,0.003461204729294651,96.1228239680302
15232,612.06,2,686,2011-07-22 12:21:00,2011-08-18 16:27:00,0.0034608089239411303,96.12628477695415
16922,611.08,1,281,2010-05-16 11:24:00,2010-05-16 11:24:00,0.003455267648991841,96.12974004460314
13731,610.59,2,278,2011-04-07 10:10:00,2011-05-04 14:33:00,0.003452497011517196,96.13319254161466
13832,609.89,2,420,2010-10-13 14:41:00,2011-11-20 15:36:00,0.0034485389579819886,96.13664108057264
14636,609.85,2,241,2011-03-16 09:52:00,2011-11-03 16:12:00,0.0034483127834942623,96.14008939335613
15748,609.8100000000001,3,261,2010-09-16 16:52:00,2011-10-30 12:51:00,0.003448086609006537,96.14353747996515
17325,609.5699999999999,3,465,2010-03-08 11:31:00,2011-03-04 13:09:00,0.0034467295620801796,96.14698420952723
17707,609.3000000000001,8,546,2009-12-07 12:19:00,2011-06-07 15:03:00,0.0034452028842880287,96.15042941241153
16675,608.86,2,296,2010-08-18 13:11:00,2010-09-24 12:15:00,0.003442714964923041,96.15387212737645
13933,608.7900000000001,2,205,2011-07-14 13:35:00,2011-08-22 14:03:00,0.0034423191595695213,96.15731444653602
15018,607.46,3,210,2010-12-07 10:47:00,2011-11-01 12:47:00,0.0034347988578526277,96.16074924539387
17473,607.0,2,270,2010-09-09 19:03:00,2010-10-27 11:45:00,0.003432197851243777,96.16418144324511
15717,607.0,5,224,2010-04-26 10:41:00,2011-04-19 13:21:00,0.003432197851243777,96.16761364109635
17119,606.91,2,334,2011-10-11 11:03:00,2011-12-06 14:40:00,0.0034316889586463927,96.171045330055
15158,606.02,2,219,2010-11-03 13:46:00,2011-10-25 13:53:00,0.0034266565762944875,96.17447198663129
16590,605.9,2,240,2010-10-21 12:09:00,2010-11-04 09:06:00,0.003425978052831309,96.17789796468412
17507,605.58,2,359,2011-02-03 18:08:00,2011-03-23 11:48:00,0.0034241686569295,96.18132213334106
14323,605.0600000000001,2,350,2011-04-15 11:44:00,2011-08-17 11:37:00,0.003421228388589061,96.18474336172964
16321,604.5500000000001,7,259,2009-12-01 10:36:00,2011-09-28 14:55:00,0.0034183446638705525,96.18816170639352
12944,604.51,2,289,2010-12-20 10:41:00,2011-11-04 11:04:00,0.0034181184893828263,96.1915798248829
14611,604.3299999999999,2,582,2010-04-20 10:19:00,2010-09-22 09:19:00,0.0034171007041880583,96.19499692558708
13106,603.46,2,231,2010-10-22 13:10:00,2011-07-29 15:12:00,0.0034121814090800166,96.19840910699615
12707,603.42,1,256,2011-02-21 08:38:00,2011-02-21 08:38:00,0.0034119552345922895,96.20182106223075
18264,603.25,1,241,2010-07-29 10:02:00,2010-07-29 10:02:00,0.0034109939930194537,96.20523205622376
16022,602.63,1,255,2011-03-24 13:16:00,2011-03-24 13:16:00,0.0034074882884596995,96.20863954451222
16080,602.5600000000001,4,298,2010-09-15 14:19:00,2011-09-19 10:42:00,0.0034070924831061788,96.21204663699532
12654,601.98,5,264,2011-02-17 13:16:00,2011-11-29 10:10:00,0.00340381295303415,96.21545044994836
17270,601.4499999999999,2,420,2009-12-07 17:18:00,2010-08-27 14:09:00,0.0034008161410717785,96.21885126608943
14254,601.03,1,263,2010-10-03 11:52:00,2010-10-03 11:52:00,0.0033984413089506544,96.22224970739838
12420,600.39,1,345,2011-10-07 08:55:00,2011-10-07 08:55:00,0.0033948225171470366,96.22564452991553
17745,600.34,2,164,2010-06-02 09:03:00,2010-08-19 12:30:00,0.003394539799037379,96.22903906971456
18211,600.07,5,359,2011-03-06 12:09:00,2011-11-14 08:10:00,0.003393013121245228,96.2324320828358
17678,599.76,2,368,2010-04-15 13:54:00,2011-03-21 11:52:00,0.0033912602689653505,96.23582334310477
12521,599.68,1,309,2011-07-20 10:51:00,2011-07-20 10:51:00,0.003390807919989898,96.23921415102475
12556,599.56,2,355,2011-07-11 13:35:00,2011-10-20 13:06:00,0.0033901293965267194,96.24260428042128
13311,598.57,2,305,2011-07-12 14:26:00,2011-12-05 12:55:00,0.003384531577955499,96.24598881199923
15424,597.78,3,873,2010-09-02 17:17:00,2011-03-30 13:02:00,0.0033800646318229073,96.24936887663105
14569,597.3299999999999,4,257,2010-04-15 11:49:00,2011-12-08 14:58:00,0.0033775201688359888,96.25274639679989
15631,596.67,1,525,2010-03-07 14:52:00,2010-03-07 14:52:00,0.003373788289788508,96.25612018508969
16780,596.4,3,352,2010-10-28 19:41:00,2011-08-31 16:09:00,0.003372261611996357,96.25949244670169
15346,596.12,3,260,2010-10-04 15:11:00,2011-01-11 11:18:00,0.003370678390582274,96.26286312509227
14965,596.09,2,363,2011-09-04 13:15:00,2011-09-04 13:20:00,0.0033705087597164793,96.26623363385198
17845,596.09,4,195,2010-05-12 13:04:00,2010-06-02 15:20:00,0.0033705087597164793,96.2696041426117
17209,595.7,3,723,2009-12-03 11:10:00,2010-02-28 16:01:00,0.00336830355846115,96.27297244617016
17658,595.42,2,616,2011-05-12 15:23:00,2011-11-14 12:07:00,0.0033667203370470666,96.2763391665072
13684,594.88,4,234,2010-03-28 14:48:00,2011-02-27 10:13:00,0.0033636669814627648,96.27970283348866
14771,594.62,2,622,2009-12-03 09:44:00,2010-03-28 12:52:00,0.0033621968472925447,96.28306503033595
13558,594.52,4,338,2011-10-02 13:01:00,2011-12-04 11:24:00,0.0033616314110732296,96.28642666174702
15442,594.0,1,120,2011-04-05 12:24:00,2011-04-05 12:24:00,0.0033586911427327905,96.28978535288975
15929,594.0,1,120,2010-03-05 14:56:00,2010-03-05 14:56:00,0.0033586911427327905,96.29314404403249
14746,593.5,4,398,2010-10-12 11:06:00,2010-10-29 14:44:00,0.003355863961636214,96.29649990799412
16412,593.19,5,288,2010-02-04 13:46:00,2011-10-17 12:35:00,0.003354111109356337,96.29985401910348
18232,592.97,4,302,2011-05-26 16:30:00,2011-09-19 11:49:00,0.003352867149673843,96.30320688625315
16776,592.51,2,435,2010-10-20 12:13:00,2011-10-10 13:04:00,0.0033502661430649923,96.30655715239621
13472,592.24,2,310,2010-06-02 09:48:00,2010-09-02 09:41:00,0.003348739465272841,96.30990589186148
17815,591.96,1,612,2010-11-11 14:39:00,2010-11-11 14:39:00,0.0033471562438587583,96.31325304810534
17156,591.87,1,391,2010-08-05 11:30:00,2010-08-05 11:30:00,0.0033466473512613745,96.3165996954566
12790,591.85,2,306,2010-10-25 13:04:00,2011-05-31 14:14:00,0.0033465342640175114,96.31994622972061
17483,591.73,4,265,2010-10-21 12:43:00,2011-10-05 13:10:00,0.003345855740554333,96.32329208546116
15524,591.4,2,28,2010-04-12 09:19:00,2011-11-15 12:09:00,0.0033439898010305925,96.32663607526219
17098,591.0699999999999,3,125,2010-06-17 10:30:00,2010-11-23 12:13:00,0.0033421238615068518,96.32997819912369
15160,589.27,4,307,2010-10-14 15:26:00,2010-12-17 14:15:00,0.003331946009559177,96.33331014513324
15624,588.13,4,357,2011-03-28 13:32:00,2011-08-15 11:38:00,0.0033255000366589826,96.33663564516989
15191,588.05,3,287,2010-01-20 12:35:00,2010-09-02 15:37:00,0.0033250476876835306,96.33996069285757
17890,586.89,2,402,2010-12-13 15:12:00,2011-01-21 11:19:00,0.0033184886275394736,96.34327918148512
14173,586.0,6,194,2009-12-09 12:46:00,2011-11-29 11:54:00,0.0033134562451875675,96.3465926377303
17392,585.92,3,450,2010-09-15 16:17:00,2011-02-06 12:48:00,0.003313003896212115,96.3499056416265
12384,585.27,2,126,2011-08-10 11:23:00,2011-11-11 08:39:00,0.0033093285607865655,96.3532149701873
12800,584.25,3,284,2010-02-01 11:02:00,2010-08-26 14:11:00,0.00330356111134955,96.35651853129865
14023,584.07,2,345,2011-04-03 15:50:00,2011-12-02 13:58:00,0.0033025433261547822,96.3598210746248
15762,583.75,2,251,2011-09-23 15:17:00,2011-10-05 16:15:00,0.0033007339302529733,96.36312180855506
17014,583.4300000000001,3,243,2011-10-04 11:36:00,2011-12-01 14:09:00,0.0032989245343511644,96.36642073308941
16001,583.39,1,337,2010-11-23 17:10:00,2010-11-23 17:10:00,0.0032986983598634386,96.36971943144928
14670,583.33,3,423,2009-12-07 13:59:00,2011-03-04 14:13:00,0.0032983590981318493,96.37301779054742
16445,583.16,4,287,2010-10-24 12:39:00,2011-11-06 12:32:00,0.003297397856559013,96.37631518840398
15918,582.88,3,240,2010-03-18 11:40:00,2011-06-02 11:42:00,0.0032958146351449303,96.37961100303913
16100,582.64,1,438,2010-09-03 11:39:00,2010-09-03 11:39:00,0.003294457588218574,96.38290546062736
16802,582.61,2,369,2009-12-09 13:00:00,2010-01-29 13:44:00,0.0032942879573527794,96.38619974858472
17099,582.17,1,317,2010-06-24 16:25:00,2010-06-24 16:25:00,0.003291800037987792,96.3894915486227
14742,579.85,1,374,2010-09-30 14:07:00,2010-09-30 14:07:00,0.003278681917699677,96.3927702305404
16596,579.63,4,227,2009-12-10 13:09:00,2011-11-24 10:02:00,0.0032774379580171836,96.39604766849843
15588,579.6,1,96,2010-01-31 12:19:00,2010-01-31 12:19:00,0.003277268327151389,96.39932493682558
14529,578.61,3,325,2011-08-21 14:10:00,2011-10-10 15:27:00,0.003271670508580168,96.40259660733416
18262,577.54,3,552,2010-04-16 09:05:00,2011-07-22 16:04:00,0.0032656203410334943,96.4058622276752
15830,576.0,1,415,2011-11-02 10:40:00,2011-11-02 10:40:00,0.0032569126232560386,96.40911914029846
17557,575.46,4,310,2009-12-07 10:15:00,2011-11-25 12:57:00,0.0032538592676717368,96.41237299956613
17773,575.37,2,254,2010-01-18 14:32:00,2010-07-13 14:07:00,0.0032533503750743526,96.4156263499412
12859,575.1,1,292,2010-09-07 12:20:00,2010-09-07 12:20:00,0.0032518236972822016,96.41887817363849
13262,573.45,3,247,2010-04-18 12:14:00,2011-03-21 15:06:00,0.0032424939996634995,96.42212066763815
12879,573.22,3,370,2011-09-09 12:11:00,2011-10-26 12:24:00,0.003241193496359074,96.42536186113452
17274,573.22,2,271,2010-11-09 12:06:00,2011-11-04 13:16:00,0.003241193496359074,96.42860305463088
13424,572.77,1,529,2010-09-16 10:49:00,2010-09-16 10:49:00,0.0032386490333721554,96.43184170366426
13379,572.56,3,601,2011-07-26 12:26:00,2011-11-13 13:45:00,0.0032374616173115925,96.43507916528158
13179,572.3100000000001,1,368,2010-03-31 11:40:00,2010-03-31 11:40:00,0.003236048026763305,96.43831521330834
14053,572.3,4,490,2010-08-10 11:02:00,2011-08-07 14:27:00,0.0032359914831413734,96.44155120479148
12816,572.2,2,128,2011-06-16 13:24:00,2011-09-05 12:41:00,0.0032354260469220583,96.44478663083841
13816,571.6700000000001,2,269,2011-10-06 14:37:00,2011-11-16 08:38:00,0.0032324292349596873,96.44801906007336
15198,571.35,5,327,2010-01-19 10:01:00,2011-09-08 14:42:00,0.0032306198390578784,96.45124967991242
15691,571.3,4,212,2009-12-06 16:01:00,2011-04-01 15:13:00,0.0032303371209482204,96.45448001703338
18053,571.07,3,409,2010-06-30 12:36:00,2011-09-30 09:05:00,0.0032290366176437957,96.45770905365102
15821,570.96,2,202,2011-10-09 13:28:00,2011-10-26 15:48:00,0.003228414637802549,96.46093746828882
13190,570.66,3,308,2009-12-07 12:13:00,2010-06-13 15:47:00,0.0032267183291446026,96.46416418661796
17122,570.5,4,368,2010-07-28 09:34:00,2011-08-12 14:33:00,0.003225813631193698,96.46739000024915
15315,570.5,2,862,2011-08-15 15:17:00,2011-10-06 12:51:00,0.003225813631193698,96.47061581388034
15857,570.48,2,584,2010-10-05 16:43:00,2011-11-21 12:18:00,0.0032257005439498354,96.4738415144243
14170,570.18,3,270,2010-11-09 14:06:00,2010-11-29 13:10:00,0.003224004235291889,96.47706551865959
17433,569.96,2,305,2010-11-19 13:37:00,2011-09-12 14:24:00,0.003222760275609396,96.48028827893519
15169,569.22,2,356,2009-12-13 11:16:00,2010-11-22 13:04:00,0.0032185760475864625,96.48350685498278
15920,569.14,9,238,2009-12-14 13:09:00,2011-07-08 15:31:00,0.00321812369861101,96.4867249786814
13406,568.92,2,292,2010-03-18 07:29:00,2010-10-08 14:44:00,0.003216879738928516,96.48994185842032
18244,568.64,2,856,2010-07-25 10:30:00,2010-10-05 11:15:00,0.0032152965175144335,96.49315715493783
13321,567.36,2,372,2011-09-14 15:18:00,2011-09-28 15:24:00,0.0032080589339071987,96.49636521387174
16667,567.1800000000001,2,236,2011-02-28 12:57:00,2011-10-02 15:26:00,0.003207041148712431,96.49957225502045
14208,567.05,2,529,2010-06-06 13:11:00,2011-09-06 12:48:00,0.0032063060816273207,96.50277856110208
15627,566.9,2,344,2010-07-05 11:56:00,2010-09-08 14:14:00,0.0032054579272983476,96.50598401902937
13998,566.7,3,204,2010-05-12 13:18:00,2010-09-19 10:20:00,0.0032043270548597173,96.50918834608423
18150,566.58,3,332,2011-05-22 10:47:00,2011-11-07 16:49:00,0.0032036485313965395,96.51239199461563
13894,564.62,3,354,2011-02-02 12:54:00,2011-11-16 09:44:00,0.0031925659814979594,96.51558456059712
15344,563.94,3,116,2011-09-26 14:48:00,2011-12-09 10:45:00,0.003188721015206616,96.51877328161233
15143,563.63,2,320,2010-10-03 13:58:00,2011-04-28 12:03:00,0.003186968162926738,96.52196024977525
15597,563.37,2,393,2010-05-13 13:10:00,2011-11-04 13:26:00,0.003185498028756518,96.525145747804
17665,563.1,1,690,2010-08-03 13:12:00,2010-08-03 13:12:00,0.0031839713509643672,96.52832971915497
14986,563.1,2,338,2010-01-24 15:54:00,2010-11-28 15:25:00,0.0031839713509643672,96.53151369050593
17195,562.98,1,486,2010-02-22 13:05:00,2010-02-22 13:05:00,0.0031832928275011886,96.53469698333343
17970,562.79,1,513,2011-05-12 20:03:00,2011-05-12 20:03:00,0.0031822184986844896,96.53787920183211
12559,561.71,2,283,2011-01-24 10:12:00,2011-02-02 09:49:00,0.0031761117875158847,96.54105531361962
17233,560.86,3,298,2009-12-15 12:03:00,2011-11-04 14:06:00,0.0031713055796517052,96.54422661919928
15655,560.67,1,324,2011-04-10 15:25:00,2011-04-10 15:25:00,0.003170231250835006,96.54739685045011
17413,560.14,2,302,2010-05-19 11:11:00,2010-10-31 12:33:00,0.003167234438872635,96.55056408488899
14273,559.97,4,264,2011-04-11 13:24:00,2011-10-19 13:20:00,0.003166273197299799,96.55373035808628
15415,559.61,1,551,2011-01-30 14:13:00,2011-01-30 14:13:00,0.003164237626910264,96.55689459571319
17503,558.96,2,486,2011-11-01 11:12:00,2011-12-07 09:18:00,0.0031605622914847144,96.56005515800467
14592,557.94,3,407,2011-10-06 18:08:00,2011-11-04 16:35:00,0.0031547948420476988,96.56320995284672
13260,557.62,1,142,2011-10-09 13:21:00,2011-10-09 13:21:00,0.0031529854461458894,96.56636293829287
18127,556.13,4,250,2010-11-01 13:56:00,2011-11-20 14:05:00,0.0031445604464780917,96.56950749873934
13024,555.87,2,181,2010-05-06 14:25:00,2010-08-26 09:42:00,0.0031430903123078726,96.57265058905165
15102,554.67,2,339,2010-06-11 10:16:00,2010-06-27 12:16:00,0.0031363050776760885,96.57578689412932
15634,554.65,2,227,2010-11-21 15:30:00,2011-11-22 16:28:00,0.003136191990432226,96.57892308611976
18056,554.6,2,334,2010-03-31 12:29:00,2011-02-24 14:27:00,0.003135909272322568,96.58205899539207
16641,554.5,2,454,2010-01-07 12:22:00,2011-08-26 12:49:00,0.0031353438361032527,96.58519433922818
15650,553.88,2,210,2010-03-21 11:46:00,2010-07-06 10:41:00,0.003131838131543498,96.58832617735972
17407,552.9,1,426,2010-10-24 11:57:00,2010-10-24 11:57:00,0.0031262968565942085,96.59145247421631
17016,552.4,1,309,2010-05-12 12:32:00,2010-05-12 12:32:00,0.003123469675497632,96.59457594389181
12363,552.0,2,408,2011-04-11 13:29:00,2011-08-22 10:18:00,0.0031212079306203707,96.59769715182243
13677,551.24,2,217,2010-07-07 17:25:00,2010-10-31 11:32:00,0.003116910615353574,96.60081406243778
16414,551.21,5,201,2010-01-14 10:21:00,2011-11-18 09:42:00,0.0031167409844877797,96.60393080342226
17291,550.8000000000001,1,72,2011-02-04 13:04:00,2011-02-04 13:04:00,0.0031144226959885874,96.60704522611825
17265,550.01,2,389,2011-06-12 12:00:00,2011-07-24 10:49:00,0.0031099557498559965,96.6101551818681
12390,549.84,1,353,2011-09-21 09:33:00,2011-09-21 09:33:00,0.0031089945082831607,96.61326417637638
16111,549.33,1,233,2010-10-07 19:51:00,2010-10-07 19:51:00,0.0031061107835646524,96.61637028715994
15055,549.12,3,225,2009-12-16 15:48:00,2010-08-22 11:06:00,0.0031049233675040904,96.61947521052744
15200,549.05,1,195,2010-08-02 09:38:00,2010-08-02 09:38:00,0.0031045275621505693,96.62257973808958
15842,548.8,2,296,2010-06-30 09:06:00,2010-11-11 14:08:00,0.003103113971602281,96.62568285206119
13948,548.76,4,248,2009-12-04 12:14:00,2010-12-14 10:18:00,0.0031028877971145557,96.6287857398583
16936,548.29,2,339,2010-11-19 11:54:00,2011-11-14 11:04:00,0.0031002302468837737,96.63188597010519
18039,548.22,4,555,2010-03-09 11:19:00,2010-11-30 13:07:00,0.003099834441530253,96.63498580454672
16536,548.12,1,250,2011-08-21 15:54:00,2011-08-21 15:54:00,0.003099269005310938,96.63808507355202
15598,548.02,2,404,2010-10-08 09:20:00,2011-10-17 16:04:00,0.003098703569091622,96.64118377712111
16031,547.9,2,421,2011-04-06 14:23:00,2011-09-08 13:07:00,0.003098025045628444,96.64428180216674
16811,547.07,2,477,2011-11-22 17:19:00,2011-12-05 11:39:00,0.0030933319250081278,96.64737513409175
17637,547.0600000000001,2,280,2011-08-16 13:25:00,2011-11-08 12:51:00,0.003093275381386196,96.65046840947313
17295,547.0,3,293,2011-10-06 12:22:00,2011-11-11 10:49:00,0.0030929361196546062,96.65356134559279
17520,546.81,1,365,2011-10-17 12:04:00,2011-10-17 12:04:00,0.003091861790837907,96.65665320738363
15080,546.25,2,287,2010-07-26 10:03:00,2010-10-08 11:52:00,0.0030886953480097415,96.65974190273164
17806,546.04,1,727,2011-11-28 14:12:00,2011-11-28 14:12:00,0.0030875079319491795,96.66282941066359
15728,544.6,2,132,2010-09-21 14:46:00,2010-11-25 10:39:00,0.0030793656503910398,96.66590877631398
18207,544.47,1,325,2010-07-28 14:26:00,2010-07-28 14:26:00,0.0030786305833059298,96.66898740689729
16475,544.3,4,319,2011-03-11 09:39:00,2011-09-12 14:37:00,0.003077669341733093,96.67206507623902
13390,544.08,1,224,2011-09-26 08:38:00,2011-09-26 08:38:00,0.0030764253820506,96.67514150162107
13955,544.0699999999999,3,272,2010-11-29 17:35:00,2011-07-08 17:19:00,0.0030763688384286684,96.6782178704595
14716,543.28,3,643,2010-09-21 12:07:00,2011-10-27 17:29:00,0.0030719018922960774,96.6812897723518
16927,543.05,3,993,2010-12-13 11:57:00,2011-08-16 11:10:00,0.003070601388991652,96.6843603737408
15959,542.89,3,269,2010-01-26 16:19:00,2010-01-26 16:38:00,0.003069696691040748,96.68743007043184
16519,542.76,4,174,2010-03-01 13:51:00,2011-11-14 15:41:00,0.0030689616239556383,96.6904990320558
13785,542.49,4,151,2010-09-05 16:01:00,2010-10-07 09:25:00,0.0030674349461634874,96.69356646700196
15675,542.04,4,624,2010-10-31 14:14:00,2011-09-19 13:48:00,0.003064890483176568,96.69663135748513
16230,542.03,2,365,2011-05-03 15:12:00,2011-06-03 10:06:00,0.0030648339395546362,96.69969619142469
16060,541.95,3,243,2010-08-02 15:26:00,2010-11-04 12:10:00,0.0030643815905791847,96.70276057301527
16647,541.9,4,396,2010-06-13 15:52:00,2011-06-23 11:47:00,0.0030640988724695267,96.70582467188774
17447,541.53,2,443,2011-09-29 10:10:00,2011-10-30 14:18:00,0.00306200675845806,96.7088866786462
17643,541.25,2,297,2010-07-22 13:07:00,2010-12-01 14:38:00,0.0030604235370439775,96.71194710218325
17580,541.02,5,223,2010-10-13 14:28:00,2011-04-01 12:41:00,0.0030591230337395523,96.71500622521698
16576,540.87,2,323,2010-07-06 10:42:00,2010-10-15 13:37:00,0.0030582748794105797,96.71806450009639
12819,540.52,1,344,2010-09-07 15:20:00,2010-09-07 15:20:00,0.003056295852642976,96.72112079594903
12743,540.13,2,315,2011-07-28 16:06:00,2011-07-28 16:21:00,0.0030540906513876467,96.72417488660042
17524,539.14,3,362,2010-09-27 16:20:00,2010-12-13 14:32:00,0.003048492832816425,96.72722337943324
13812,539.0,3,333,2011-08-26 12:54:00,2011-10-28 14:27:00,0.0030477012221093837,96.73027108065536
15539,538.46,1,410,2011-12-02 13:36:00,2011-12-02 13:36:00,0.0030446478665250814,96.73331572852189
13961,538.4,1,226,2010-11-12 14:40:00,2010-11-12 14:40:00,0.0030443086047934917,96.73636003712669
14539,537.48,2,428,2011-10-26 12:03:00,2011-11-24 09:50:00,0.003039106591575791,96.73939914371826
16804,536.99,3,246,2011-03-14 15:48:00,2011-11-16 16:43:00,0.0030363359541011464,96.74243547967237
18140,536.41,1,395,2010-08-23 11:58:00,2010-08-23 11:58:00,0.0030330564240291175,96.7454685360964
13207,535.86,4,178,2010-04-06 16:37:00,2011-11-24 14:52:00,0.003029946524822884,96.74849848262122
15890,535.65,5,119,2010-04-14 08:43:00,2010-11-10 12:46:00,0.0030287591087623214,96.75152724172997
16142,535.34,1,422,2011-04-04 10:16:00,2011-04-04 10:16:00,0.0030270062564824447,96.75455424798646
12810,534.99,2,389,2010-02-01 09:52:00,2010-06-23 10:53:00,0.003025027229714841,96.75757927521617
13807,534.8,3,152,2009-12-04 12:41:00,2010-12-07 15:48:00,0.0030239529008981416,96.76060322811708
13385,534.57,1,281,2011-01-14 09:52:00,2011-01-14 09:52:00,0.003022652397593717,96.76362588051467
17443,534.24,1,504,2011-05-04 10:47:00,2011-05-04 10:47:00,0.003020786458069976,96.76664666697273
17436,534.06,5,178,2009-12-07 12:31:00,2011-12-08 12:30:00,0.003019768672875208,96.7696664356456
16785,533.78,1,313,2010-10-26 10:36:00,2010-10-26 10:36:00,0.0030181854514611255,96.77268462109707
16707,533.41,4,396,2010-03-09 15:16:00,2010-11-04 14:39:00,0.003016093337449659,96.77570071443452
13594,533.32,2,396,2010-08-11 10:23:00,2011-10-18 10:19:00,0.0030155844448522756,96.77871629887937
15433,533.3,2,534,2011-03-17 14:12:00,2011-05-10 10:45:00,0.003015471357608412,96.78173177023699
15825,532.94,1,220,2011-06-20 13:27:00,2011-06-20 13:27:00,0.0030134357872188774,96.78474520602421
15659,532.49,3,161,2010-02-24 13:32:00,2011-10-27 09:23:00,0.0030108913242319585,96.78775609734845
15115,531.85,2,245,2009-12-07 11:20:00,2011-11-21 14:59:00,0.003007272532428341,96.79076336988088
14940,531.49,2,384,2009-12-06 15:46:00,2010-10-18 10:47:00,0.003005236962038806,96.79376860684292
16583,531.4,2,264,2010-02-04 12:18:00,2010-12-01 12:03:00,0.003004728069441422,96.79677333491236
16706,531.35,3,249,2011-08-17 15:53:00,2011-11-02 13:50:00,0.0030044453513317646,96.7997777802637
16935,530.86,3,273,2010-10-14 13:09:00,2010-11-23 09:16:00,0.0030016747138571194,96.80277945497755
15917,530.17,5,248,2009-12-02 14:55:00,2011-04-06 10:40:00,0.0029977732039438436,96.8057772281815
18159,530.15,1,139,2011-02-11 14:26:00,2011-02-11 14:26:00,0.002997660116699981,96.8087748882982
14002,529.73,2,877,2011-07-06 14:59:00,2011-07-28 15:55:00,0.002995285284578857,96.81177017358279
17458,529.58,2,282,2010-11-23 11:43:00,2011-11-24 13:01:00,0.002994437130249884,96.81476461071304
18191,529.4,2,332,2010-08-19 17:42:00,2011-03-23 12:08:00,0.002993419345055116,96.8177580300581
16406,528.36,3,257,2010-02-24 11:51:00,2011-11-21 11:57:00,0.0029875388083742374,96.82074556886647
15756,528.01,4,241,2011-04-04 14:00:00,2011-10-09 13:30:00,0.002985559781606634,96.82373112864808
18098,527.94,1,215,2010-11-08 16:31:00,2010-11-08 16:31:00,0.0029851639762531134,96.82671629262433
14616,527.78,5,170,2010-06-09 09:42:00,2011-04-11 09:54:00,0.0029842592783022085,96.82970055190263
12479,527.2,1,385,2011-11-28 13:26:00,2011-11-28 13:26:00,0.0029809797482301804,96.83268153165086
16421,526.27,3,123,2010-08-27 12:02:00,2010-11-28 13:31:00,0.0029757211913905477,96.83565725284225
15467,524.88,3,310,2011-07-10 14:42:00,2011-11-30 14:17:00,0.002967861627942065,96.83862511447019
14417,524.65,1,543,2010-11-17 10:55:00,2010-11-17 10:55:00,0.00296656112463764,96.84159167559483
15683,524.54,2,332,2010-08-23 12:01:00,2011-08-14 12:56:00,0.002965939144796393,96.84455761473963
17765,524.0,4,195,2010-09-17 12:45:00,2011-07-04 12:41:00,0.002962885789212091,96.84752050052884
13277,523.3,7,382,2010-06-18 08:45:00,2011-11-24 09:21:00,0.0029589277356768836,96.85047942826452
17712,522.91,1,215,2011-10-26 12:28:00,2011-10-26 12:28:00,0.002956722534421554,96.85343615079894
13605,522.67,2,425,2010-05-17 15:46:00,2010-11-17 17:16:00,0.0029553654874951976,96.85639151628644
16413,522.03,2,283,2010-11-29 12:49:00,2011-10-14 12:08:00,0.0029517466956915797,96.85934326298212
17514,522.0,2,284,2010-02-08 14:00:00,2011-08-03 15:45:00,0.0029515770648257853,96.86229484004694
12956,521.89,4,340,2009-12-15 19:03:00,2011-02-06 16:08:00,0.0029509550849845384,96.86524579513193
15689,521.03,3,207,2010-04-01 09:53:00,2011-08-12 09:37:00,0.0029460923334984268,96.86819188746543
13977,519.8100000000001,1,303,2010-10-24 14:08:00,2010-10-24 14:08:00,0.002939194011622781,96.87113108147705
12571,519.61,2,523,2011-08-10 12:35:00,2011-10-31 10:19:00,0.0029380631391841498,96.87406914461623
12777,519.45,1,458,2010-09-08 11:35:00,2010-09-08 11:35:00,0.0029371584412332457,96.87700630305746
12825,518.63,2,139,2010-03-08 10:17:00,2010-07-06 13:56:00,0.0029325218642348603,96.8799388249217
13600,518.42,2,599,2010-03-15 17:16:00,2011-01-31 15:27:00,0.002931334448174298,96.88287015936987
12979,517.7,1,520,2009-12-10 15:45:00,2009-12-10 15:45:00,0.0029272633073952285,96.88579742267727
18205,517.36,2,192,2011-09-26 12:02:00,2011-11-03 13:22:00,0.002925340824249556,96.88872276350152
14311,516.45,2,235,2010-05-21 10:28:00,2011-04-11 10:14:00,0.0029201953546537872,96.89164295885617
13043,516.42,1,254,2011-03-11 14:52:00,2011-03-11 14:52:00,0.002920025723787992,96.89456298457995
14429,516.28,1,286,2010-11-01 10:08:00,2010-11-01 10:08:00,0.0029192341130809506,96.89748221869303
13859,515.86,2,167,2010-06-28 15:36:00,2011-01-17 16:14:00,0.0029168592809598265,96.90039907797399
18243,515.78,1,221,2010-10-21 14:29:00,2010-10-21 14:29:00,0.0029164069319843745,96.90331548490597
14949,515.0,4,250,2009-12-18 15:28:00,2010-08-27 15:38:00,0.0029119965294737153,96.90622748143545
17510,514.56,2,422,2010-10-15 10:20:00,2011-11-15 10:00:00,0.0029095086101087277,96.90913699004555
18212,514.37,2,158,2010-01-31 14:42:00,2011-01-17 16:14:00,0.0029084342812920293,96.91204542432685
12897,514.25,4,249,2010-06-14 11:58:00,2011-05-19 12:13:00,0.0029077557578288506,96.91495318008468
12977,513.88,4,128,2010-07-16 16:25:00,2011-07-06 16:40:00,0.002905663643817384,96.9178588437285
18011,513.58,2,196,2010-05-21 13:28:00,2010-12-01 17:35:00,0.0029039673351594388,96.92076281106365
16829,513.32,2,215,2010-11-16 18:11:00,2011-07-06 10:48:00,0.0029024972009892187,96.92366530826465
13177,512.2,2,180,2010-10-05 10:35:00,2011-10-06 09:56:00,0.0028961643153328875,96.92656147257998
15891,511.68,1,418,2011-04-27 12:35:00,2011-04-27 12:35:00,0.002893224046992448,96.92945469662696
12361,511.25,4,235,2010-01-26 14:37:00,2011-02-25 13:51:00,0.002890792671249392,96.93234548929821
16561,511.12,2,244,2011-10-11 09:53:00,2011-12-04 11:50:00,0.0028900576041642825,96.93523554690238
13367,510.20000000000005,1,253,2010-10-04 10:00:00,2010-10-04 10:00:00,0.002884855590946582,96.93812040249333
13710,509.52,3,336,2010-04-06 12:54:00,2011-11-08 08:16:00,0.0028810106246552375,96.94100141311797
14008,509.04,1,326,2010-10-03 13:09:00,2010-10-03 13:09:00,0.0028782965308025246,96.94387970964878
12436,509.01,1,211,2011-09-01 12:09:00,2011-09-01 12:09:00,0.0028781268999367297,96.94675783654873
12907,508.91,2,177,2010-08-02 14:33:00,2010-11-09 12:08:00,0.0028775614637174146,96.94963539801245
15417,508.8,1,284,2011-09-15 15:26:00,2011-09-15 15:26:00,0.0028769394838761677,96.95251233749633
17391,508.8,2,480,2011-06-28 12:21:00,2011-06-29 09:58:00,0.0028769394838761677,96.95538927698021
14317,508.58000000000004,1,255,2011-10-06 10:44:00,2011-10-06 10:44:00,0.0028756955241936743,96.95826497250441
13067,508.51,3,131,2010-09-19 13:43:00,2011-09-18 13:38:00,0.002875299718840153,96.96114027222325
14552,507.93,3,258,2010-04-26 13:44:00,2011-07-11 12:49:00,0.0028720201887681247,96.96401229241202
17415,507.84,1,114,2011-09-21 12:50:00,2011-09-21 12:50:00,0.0028715112961707405,96.9668838037082
14158,507.66,1,781,2011-10-30 15:08:00,2011-10-30 15:08:00,0.0028704935109759733,96.96975429721918
17384,507.55,3,121,2010-08-29 16:01:00,2011-11-20 15:48:00,0.0028698715311347264,96.97262416875031
13885,506.8,2,182,2011-05-23 08:52:00,2011-06-03 15:07:00,0.002865630759489862,96.9754897995098
13123,506.75,2,268,2010-06-28 12:43:00,2010-08-24 10:18:00,0.0028653480413802046,96.97835514755118
14647,506.04,2,175,2010-07-04 13:27:00,2011-05-22 13:40:00,0.002861333444223066,96.98121648099541
12988,505.82,1,126,2011-02-20 14:31:00,2011-02-20 14:31:00,0.0028600894845405723,96.98407657047996
14807,504.14,2,234,2010-02-28 11:33:00,2010-11-14 12:47:00,0.0028505901560560752,96.98692716063601
17630,503.59999999999997,2,158,2011-04-21 14:03:00,2011-06-23 11:58:00,0.0028475368004717725,96.98977469743649
12376,503.15,2,240,2010-10-18 08:42:00,2010-11-15 12:15:00,0.002844992337484854,96.99261968977397
12419,503.01,2,231,2010-10-22 10:40:00,2010-11-19 10:04:00,0.0028442007267778127,96.99546389050076
15138,502.52,1,300,2010-11-11 09:16:00,2010-11-11 09:16:00,0.002841430089303168,96.99830532059006
17276,502.49,1,187,2010-11-02 16:20:00,2010-11-02 16:20:00,0.002841260458437373,97.0011465810485
17266,501.71999999999997,5,243,2010-03-09 10:42:00,2011-12-07 14:12:00,0.0028369065995486453,97.00398348764806
13865,501.56,4,204,2011-02-23 12:04:00,2011-10-12 13:31:00,0.0028360019015977412,97.00681948954966
15881,501.39000000000004,5,260,2010-12-10 13:32:00,2011-01-31 16:59:00,0.0028350406600249054,97.00965453020969
14968,501.24,2,257,2010-09-07 13:28:00,2011-11-09 13:58:00,0.0028341925056959323,97.01248872271539
13116,501.14,1,291,2011-07-24 14:33:00,2011-07-24 14:33:00,0.0028336270694766168,97.01532234978487
13247,501.12,4,328,2011-09-18 11:31:00,2011-11-22 10:59:00,0.002833513982232754,97.0181558637671
18049,500.92,2,402,2010-04-28 13:24:00,2010-09-28 14:26:00,0.0028323831097941234,97.0209882468769
17248,500.54,2,276,2010-08-15 11:55:00,2011-08-11 13:34:00,0.002830234452160725,97.02381848132906
16616,500.42,2,370,2011-07-05 13:38:00,2011-11-24 16:31:00,0.002829555928697547,97.02664803725776
12366,500.24,1,296,2010-03-16 10:28:00,2010-03-16 10:28:00,0.0028285381435027793,97.02947657540126
17110,499.9,3,136,2010-04-08 13:32:00,2011-06-27 12:58:00,0.0028266156603571073,97.03230319106162
13553,499.6,1,201,2010-02-03 12:21:00,2010-02-03 12:21:00,0.0028249193516991615,97.03512811041331
15193,499.32,1,144,2011-10-10 08:23:00,2011-10-10 08:23:00,0.0028233361302850784,97.0379514465436
16402,499.1,2,248,2010-12-05 13:42:00,2011-03-20 12:25:00,0.002822092170602585,97.0407735387142
17256,498.93,5,299,2010-04-18 13:40:00,2011-08-24 13:30:00,0.0028211309290297488,97.04359466964324
16488,498.8,3,728,2011-07-14 11:46:00,2011-11-06 13:42:00,0.002820395861944639,97.04641506550519
14171,498.79,2,211,2009-12-09 13:50:00,2011-09-02 16:43:00,0.002820339318322708,97.0492354048235
17053,498.48,1,122,2011-08-01 10:23:00,2011-08-01 10:23:00,0.0028185864660428303,97.05205399128955
16820,497.61,1,307,2011-09-05 12:06:00,2011-09-05 12:06:00,0.0028136671709347878,97.0548676584605
17680,497.45,3,155,2010-07-16 16:07:00,2011-11-16 12:42:00,0.002812762472983883,97.05768042093348
17335,497.04,2,210,2010-01-24 11:15:00,2010-11-21 10:17:00,0.0028104441844846906,97.06049086511797
17923,497.0,3,140,2010-06-13 13:58:00,2011-03-02 15:15:00,0.0028102180099969644,97.06330108312797
12943,496.5,2,222,2010-04-13 11:03:00,2010-05-30 13:52:00,0.002807390828900388,97.06610847395687
15300,496.44,1,292,2011-10-06 17:08:00,2011-10-06 17:08:00,0.0028070515671687985,97.06891552552405
15278,496.15999999999997,4,458,2010-02-12 14:53:00,2010-05-27 10:03:00,0.0028054683457547154,97.0717209938698
12904,496.06,2,294,2011-06-20 13:18:00,2011-11-21 14:34:00,0.0028049029095354003,97.07452589677933
16977,496.0,4,142,2010-03-18 11:06:00,2010-11-09 13:17:00,0.0028045636478038114,97.07733046042713
17995,495.48,3,263,2010-11-17 17:01:00,2011-03-03 12:30:00,0.002801623379463372,97.0801320838066
14319,494.85,1,329,2010-10-11 13:38:00,2010-10-11 13:38:00,0.0027980611312816853,97.08293014493789
16352,494.44,2,300,2011-11-02 08:44:00,2011-11-22 10:32:00,0.0027957428427824926,97.08572588778067
17333,494.25,1,375,2011-09-15 10:11:00,2011-09-15 10:11:00,0.0027946685139657937,97.08852055629464
15447,492.88,5,228,2010-03-24 14:40:00,2011-01-13 11:26:00,0.0027869220377611742,97.0913074783324
14270,492.65000000000003,1,197,2011-01-12 09:33:00,2011-01-12 09:33:00,0.0027856215344567495,97.09409309986685
18203,492.52,4,111,2009-12-08 13:19:00,2011-07-05 13:07:00,0.002784886467371639,97.09687798633422
14310,492.1,1,230,2010-10-03 12:34:00,2010-10-03 12:34:00,0.0027825116352505155,97.09966049796947
13732,491.86,1,498,2011-11-11 15:49:00,2011-11-11 15:49:00,0.0027811545883241586,97.10244165255779
17269,491.81,1,314,2010-11-19 11:12:00,2010-11-19 11:12:00,0.002780871870214501,97.105222524428
14663,490.6,2,397,2010-10-05 13:12:00,2010-10-05 13:21:00,0.002774030091960786,97.10799655451996
15000,490.52,1,218,2011-10-23 11:42:00,2011-10-23 11:42:00,0.0027735777429853336,97.11077013226294
15877,490.33,2,368,2011-11-22 11:18:00,2011-12-08 11:53:00,0.0027725034141686347,97.1135426356771
14416,490.22,2,326,2011-10-28 15:10:00,2011-11-17 15:22:00,0.0027718814343273878,97.11631451711143
12983,490.08000000000004,1,638,2010-04-20 12:58:00,2010-04-20 12:58:00,0.0027710898236203464,97.11908560693506
12634,490.0,2,337,2010-06-09 15:41:00,2010-06-22 10:05:00,0.002770637474644894,97.1218562444097
17476,489.86,2,224,2009-12-02 12:09:00,2010-11-09 10:21:00,0.0027698458639378526,97.12462609027364
17715,489.59999999999997,2,576,2010-04-26 12:17:00,2011-05-23 12:32:00,0.002768375729767633,97.12739446600341
17988,489.54,14,186,2009-12-07 13:35:00,2011-11-28 11:00:00,0.002768036468036044,97.13016250247145
14722,489.52,3,214,2010-08-10 13:28:00,2011-07-15 14:58:00,0.002767923380792181,97.13293042585224
17925,488.16,1,144,2010-12-02 10:10:00,2010-12-02 10:10:00,0.0027602334482094933,97.13569065930045
18280,488.15000000000003,2,194,2010-11-10 15:51:00,2011-03-07 09:52:00,0.0027601769045875616,97.13845083620504
17608,488.06,4,528,2010-04-11 13:37:00,2011-11-06 13:06:00,0.002759668011990178,97.14121050421703
13412,487.34999999999997,1,176,2010-03-29 16:28:00,2010-03-29 16:28:00,0.002755653414833039,97.14396615763187
13733,487.03000000000003,2,335,2009-12-04 15:28:00,2010-10-25 12:18:00,0.0027538440189312304,97.14672000165079
16021,487.03,2,276,2010-06-13 11:05:00,2010-11-09 14:48:00,0.00275384401893123,97.14947384566972
13675,486.82000000000005,2,330,2011-02-28 12:14:00,2011-07-11 12:57:00,0.0027526566028706683,97.15222650227258
17453,486.71999999999997,2,219,2011-10-06 17:02:00,2011-11-22 09:42:00,0.0027520911666513524,97.15497859343924
12920,486.64,4,420,2009-12-14 15:58:00,2011-11-22 15:05:00,0.0027516388176759003,97.15773023225691
13153,486.22,1,418,2011-12-04 12:14:00,2011-12-04 12:14:00,0.0027492639855547763,97.16047949624246
15216,486.09,2,217,2010-03-31 09:52:00,2011-09-13 11:41:00,0.0027485289184696663,97.16322802516093
12443,485.31,1,182,2009-12-07 15:42:00,2009-12-07 15:42:00,0.0027441185159590075,97.1659721436769
16999,484.82,2,294,2011-09-26 15:43:00,2011-11-16 13:53:00,0.0027413478784843624,97.16871349155538
16024,483.99,3,504,2010-10-24 11:40:00,2011-11-27 13:26:00,0.0027366547578640456,97.17145014631325
16603,482.47,2,480,2011-09-09 13:02:00,2011-09-26 10:06:00,0.0027280601273304535,97.17417820644057
17996,482.33,3,587,2010-06-11 11:48:00,2010-11-25 11:00:00,0.0027272685166234117,97.1769054749572
12542,481.88,2,522,2010-03-09 16:26:00,2010-08-12 19:12:00,0.002724724053636493,97.17963019901083
18216,481.75,1,200,2011-11-08 16:55:00,2011-11-08 16:55:00,0.0027239889865513832,97.18235418799738
17106,481.58,1,153,2010-11-15 14:11:00,2010-11-15 14:11:00,0.002723027744978547,97.18507721574235
13176,481.49,1,448,2011-10-24 15:43:00,2011-10-24 15:43:00,0.0027225188523811636,97.18779973459473
15174,481.46,2,382,2010-10-25 09:40:00,2011-01-21 09:06:00,0.0027223492215153688,97.19052208381625
15048,479.7,4,224,2010-12-06 12:15:00,2011-10-05 14:55:00,0.0027123975440554197,97.1932344813603
13428,478.54,3,356,2010-07-13 13:20:00,2011-11-29 14:20:00,0.0027058384839113627,97.19594031984421
15589,478.53000000000003,3,243,2011-02-02 10:46:00,2011-03-29 09:54:00,0.0027057819402894314,97.1986461017845
12447,476.49,1,190,2011-04-10 13:25:00,2011-04-10 13:25:00,0.0026942470414153996,97.20134034882592
18176,476.35,1,283,2010-12-16 15:45:00,2010-12-16 15:45:00,0.0026934554307083583,97.20403380425662
15277,476.34,2,373,2010-10-10 16:02:00,2011-10-24 10:08:00,0.002693398887086426,97.20672720314371
15507,475.86,1,160,2011-06-21 11:19:00,2011-06-21 11:19:00,0.002690684793233713,97.20941788793695
15780,475.28000000000003,3,220,2010-12-17 11:43:00,2011-06-09 12:01:00,0.0026874052631616846,97.21210529320011
16552,475.02000000000004,2,258,2010-12-01 12:36:00,2011-04-11 10:04:00,0.002685935128991465,97.2147912283291
14322,474.1,4,158,2010-02-18 08:49:00,2010-10-06 15:17:00,0.002680733115773764,97.21747196144487
17104,474.03,1,149,2010-10-12 12:21:00,2010-10-12 12:21:00,0.002680337310420243,97.2201522987553
16635,473.0,1,277,2010-10-29 09:41:00,2010-10-29 09:41:00,0.002674513317361296,97.22282681207265
13194,472.78,2,326,2010-10-14 11:54:00,2011-07-27 09:01:00,0.002673269357678802,97.22550008143033
14975,472.39,2,507,2010-10-14 14:11:00,2011-10-13 14:08:00,0.0026710641564234726,97.22817114558674
13642,472.2,4,231,2010-10-03 12:23:00,2011-05-08 12:34:00,0.0026699898276067737,97.23084113541435
13161,472.13,2,105,2010-07-27 12:44:00,2011-01-30 14:03:00,0.002669594022253253,97.2335107294366
16038,471.78000000000003,3,244,2011-05-22 11:29:00,2011-12-02 12:40:00,0.0026676149954856497,97.23617834443209
15721,471.40000000000003,1,388,2011-11-28 12:14:00,2011-11-28 12:14:00,0.0026654663378522514,97.23884381076994
16473,470.83,4,296,2010-11-30 16:29:00,2011-06-28 09:10:00,0.0026622433514021542,97.24150605412134
13066,470.8,2,322,2011-11-07 17:06:00,2011-11-15 12:57:00,0.00266207372053636,97.24416812784189
15963,470.76,2,298,2011-10-25 13:05:00,2011-11-20 11:33:00,0.0026618475460486336,97.24682997538794
17254,469.48,3,397,2010-11-03 14:00:00,2011-12-05 12:46:00,0.002654609962441398,97.24948458535039
14058,469.19,2,211,2010-06-27 11:29:00,2010-09-03 09:31:00,0.0026529701974053834,97.25213755554779
14369,469.13,2,255,2010-02-16 10:28:00,2010-03-07 15:47:00,0.002652630935673794,97.25479018648346
15557,468.91,1,213,2011-11-11 12:46:00,2011-11-11 12:46:00,0.0026513869759913007,97.25744157345946
15387,468.65,1,335,2010-08-04 16:05:00,2010-08-04 16:05:00,0.002649916841821081,97.26009149030128
12554,468.5,1,240,2010-09-17 12:29:00,2010-09-17 12:29:00,0.002649068687492108,97.26274055898877
13171,468.41,3,229,2011-02-13 14:16:00,2011-11-18 10:27:00,0.0026485597948947242,97.26538911878366
14491,468.13,2,179,2010-12-02 12:10:00,2011-06-17 15:22:00,0.0026469765734806416,97.26803609535715
17294,467.78999999999996,2,297,2010-02-08 14:21:00,2010-02-08 16:12:00,0.0026450540903349695,97.27068114944748
17187,467.71,2,426,2010-07-01 14:38:00,2011-04-27 12:39:00,0.002644601741359517,97.27332575118885
14029,467.66,2,198,2011-07-18 16:57:00,2011-10-07 14:46:00,0.00264431902324986,97.2759700702121
16390,467.5,3,122,2010-01-29 15:25:00,2010-06-21 10:11:00,0.002643414325298955,97.2786134845374
12958,467.34,2,118,2010-05-05 16:22:00,2010-11-04 16:16:00,0.0026425096273480506,97.28125599416475
14052,466.66,2,174,2010-11-14 11:37:00,2011-11-20 12:30:00,0.002638664661056707,97.28389465882582
14148,466.29,2,223,2010-10-21 14:08:00,2011-04-20 12:02:00,0.0026365725470452405,97.28653123137286
16504,465.88,1,510,2011-11-14 15:18:00,2011-11-14 15:18:00,0.0026342542585460474,97.28916548563141
13248,465.68,2,305,2011-06-03 13:05:00,2011-08-07 12:40:00,0.002633123386107417,97.29179860901752
17181,465.37,3,484,2010-04-23 11:21:00,2011-10-13 14:48:00,0.0026313705338275395,97.29442997955135
13928,464.57,4,129,2011-07-29 15:59:00,2011-11-29 10:33:00,0.0026268470440730172,97.29705682659542
15349,463.90999999999997,2,321,2011-06-05 15:46:00,2011-07-04 16:06:00,0.0026231151650255363,97.29967994176044
14727,463.72999999999996,3,458,2010-06-11 13:23:00,2011-03-10 14:45:00,0.0026220973798307687,97.30230203914027
18083,463.53,1,268,2010-11-07 11:44:00,2010-11-07 11:44:00,0.0026209665073921385,97.30492300564767
17040,463.25,2,189,2010-06-07 15:08:00,2011-07-25 10:19:00,0.0026193832859780558,97.30754238893364
14627,462.75,1,284,2010-11-25 16:32:00,2010-11-25 16:32:00,0.0026165561048814793,97.31015894503852
14331,462.65999999999997,2,252,2011-07-27 15:14:00,2011-08-07 13:17:00,0.002616047212284095,97.31277499225081
14954,462.12,2,209,2010-01-05 16:38:00,2011-11-27 14:30:00,0.002612993856699793,97.31538798610751
15958,462.12,4,154,2010-06-07 10:59:00,2011-09-26 13:41:00,0.002612993856699793,97.31800097996421
13624,462.08,1,820,2010-11-16 13:43:00,2010-11-16 13:43:00,0.0026127676822120666,97.32061374764642
18284,461.68,1,494,2010-10-04 11:33:00,2010-10-04 11:33:00,0.0026105059373348056,97.32322425358376
15540,460.68,2,444,2010-11-29 11:10:00,2011-11-28 13:51:00,0.0026048515751416527,97.3258291051589
12491,460.40000000000003,1,260,2011-11-01 12:18:00,2011-11-01 12:18:00,0.00260326835372757,97.32843237351263
16310,460.08,2,270,2010-03-07 15:41:00,2010-10-21 14:47:00,0.002601458957825761,97.33103383247045
17111,459.58,2,581,2010-10-10 15:21:00,2011-10-23 15:59:00,0.0025986317767291846,97.33363246424719
14118,458.45,1,97,2010-10-07 11:59:00,2010-10-07 11:59:00,0.002592242347450922,97.33622470659463
13957,458.25,3,157,2010-02-19 10:32:00,2010-10-18 10:02:00,0.0025911114750122913,97.33881581806965
14599,457.89,2,292,2010-07-18 15:54:00,2010-11-14 14:49:00,0.002589075904622756,97.34140489397427
14011,457.82,2,644,2010-04-11 13:40:00,2010-08-16 15:31:00,0.0025886800992692355,97.34399357407354
15121,457.72,2,199,2011-02-24 12:41:00,2011-10-20 14:51:00,0.0025881146630499204,97.34658168873659
16069,457.7,1,138,2010-10-18 10:32:00,2010-10-18 10:32:00,0.0025880015758060573,97.3491696903124
12375,457.5,2,178,2011-09-02 14:23:00,2011-11-29 10:36:00,0.0025868707033674266,97.35175656101576
17344,457.36,2,200,2009-12-11 12:31:00,2011-10-24 12:56:00,0.0025860790926603852,97.35434264010843
12564,456.9,1,133,2011-03-23 14:55:00,2011-03-23 14:55:00,0.0025834780860515346,97.35692611819448
14819,456.41,4,170,2009-12-21 15:54:00,2011-10-06 13:41:00,0.0025807074485768903,97.35950682564305
14296,456.40000000000003,2,314,2010-05-14 14:34:00,2010-10-14 14:14:00,0.0025806509049549585,97.36208747654801
16039,456.4,2,409,2010-03-21 15:17:00,2010-10-12 10:44:00,0.0025806509049549585,97.36466812745297
12999,455.88,3,342,2011-04-08 10:26:00,2011-05-27 13:24:00,0.0025777106366145193,97.36724583808959
15585,455.3,1,320,2011-06-16 08:38:00,2011-06-16 08:38:00,0.002574431106542491,97.36982026919613
14335,454.86,2,375,2011-09-04 13:07:00,2011-11-23 13:41:00,0.0025719431871775032,97.3723922123833
16765,454.75,2,311,2010-11-22 13:42:00,2011-02-18 15:41:00,0.0025713212073362563,97.37496353359064
17067,454.54,3,322,2009-12-08 12:03:00,2009-12-15 08:39:00,0.0025701337912756943,97.37753366738193
12459,454.36,1,258,2010-04-13 14:53:00,2010-04-13 14:53:00,0.0025691160060809268,97.38010278338801
17140,454.12,1,296,2011-04-06 13:33:00,2011-04-06 13:33:00,0.0025677589591545703,97.38267054234717
15475,454.10999999999996,1,319,2011-09-23 15:20:00,2011-09-23 15:20:00,0.002567702415532638,97.3852382447627
17564,454.01,3,146,2011-09-20 14:00:00,2011-11-15 13:27:00,0.0025671369793133234,97.38780538174201
17376,453.64,4,244,2010-07-05 11:11:00,2011-09-30 12:36:00,0.0025650448653018565,97.39037042660732
18158,453.4,2,354,2011-09-12 09:03:00,2011-11-30 16:19:00,0.0025636878183755,97.3929341144257
16481,453.38,1,201,2010-01-26 13:09:00,2010-01-26 13:09:00,0.002563574731131637,97.39549768915683
12729,453.01,1,233,2011-08-18 11:40:00,2011-08-18 11:40:00,0.0025614826171201704,97.39805917177395
14184,452.89,1,127,2011-10-04 12:43:00,2011-10-04 12:43:00,0.0025608040936569917,97.40061997586761
16799,452.78000000000003,2,162,2010-09-12 12:46:00,2010-10-03 14:28:00,0.0025601821138157453,97.40318015798142
13698,451.73,2,227,2010-01-27 09:02:00,2010-04-22 11:52:00,0.0025542450335129347,97.40573440301493
18100,451.56,1,440,2010-06-07 14:19:00,2010-06-07 14:19:00,0.002553283791940099,97.40828768680687
15802,451.42,1,1,2011-07-20 11:38:00,2011-07-20 11:38:00,0.0025524921812330576,97.41084017898811
18031,451.3,1,298,2010-11-26 11:00:00,2010-11-26 11:00:00,0.0025518136577698794,97.41339199264588
15961,451.28999999999996,1,154,2010-11-25 15:59:00,2010-11-25 15:59:00,0.0025517571141479476,97.41594374976003
12831,451.11,3,303,2010-09-02 15:58:00,2011-03-22 13:02:00,0.0025507393289531805,97.41849448908899
15124,450.82,4,462,2010-02-26 10:49:00,2011-11-17 10:09:00,0.002549099563917166,97.4210435886529
16870,450.15999999999997,1,278,2010-08-27 13:53:00,2010-08-27 13:53:00,0.0025453676848696846,97.42358895633778
13150,449.96999999999997,3,171,2010-03-19 09:03:00,2010-08-12 12:59:00,0.0025442933560529857,97.42613324969383
14784,449.93,3,363,2010-11-15 09:49:00,2011-11-13 13:30:00,0.00254406718156526,97.4286773168754
13877,449.68,3,478,2010-01-19 10:53:00,2011-09-14 15:49:00,0.0025426535910169717,97.43121997046642
13489,449.52,4,560,2011-02-18 10:42:00,2011-08-26 13:16:00,0.0025417488930660668,97.43376171935948
15126,449.49,2,273,2010-01-21 17:09:00,2010-06-21 12:31:00,0.0025415792622002723,97.43630329862168
12448,449.45,1,243,2011-10-26 13:46:00,2011-10-26 13:46:00,0.002541353087712546,97.43884465170939
15418,449.42,2,264,2010-05-02 11:31:00,2010-10-10 13:38:00,0.0025411834568467516,97.44138583516623
17823,449.25,2,252,2010-10-14 16:14:00,2010-10-14 16:24:00,0.002540222215273916,97.4439260573815
15739,449.12,1,472,2011-10-04 13:42:00,2011-10-04 13:42:00,0.002539487148188806,97.44646554452969
14761,447.92,3,206,2010-09-21 14:22:00,2011-10-12 12:10:00,0.002532701913557022,97.44899824644324
14780,447.68,2,310,2011-09-21 15:15:00,2011-10-16 12:46:00,0.0025313448666306657,97.45152959130986
18201,447.53000000000003,1,191,2009-12-17 08:55:00,2009-12-17 08:55:00,0.002530496712301693,97.45406008802216
13754,447.05,3,315,2010-09-28 15:29:00,2011-07-11 11:51:00,0.0025277826184489796,97.4565878706406
16095,447.05,1,265,2010-09-09 16:54:00,2010-09-09 16:54:00,0.0025277826184489796,97.45911565325905
14149,446.62,1,218,2011-05-03 09:44:00,2011-05-03 09:44:00,0.002525351242705924,97.46164100450176
17370,446.18,4,540,2011-06-23 11:50:00,2011-09-28 10:14:00,0.0025228633233409367,97.46416386782509
14010,445.15,2,177,2010-05-23 12:46:00,2010-05-23 13:00:00,0.002517039330281989,97.46668090715538
14328,445.05,1,1,2010-09-27 16:01:00,2010-09-27 16:01:00,0.0025164738940626737,97.46919738104944
18134,445.0,2,128,2010-01-14 11:59:00,2010-04-20 14:02:00,0.002516191175953016,97.4717135722254
12788,444.9,4,194,2010-06-29 13:05:00,2010-09-02 14:21:00,0.0025156257397337006,97.47422919796513
18270,444.55,3,209,2010-10-03 10:49:00,2011-11-01 13:57:00,0.002513646712966097,97.4767428446781
14638,443.6,1,166,2011-10-20 10:10:00,2011-10-20 10:10:00,0.0025082750688826022,97.47925111974698
16424,443.06,2,212,2010-11-22 11:24:00,2011-06-01 13:40:00,0.0025052217132983,97.48175634146027
16404,443.05,1,157,2011-09-30 14:55:00,2011-09-30 14:55:00,0.002505165169676368,97.48426150662995
18222,443.0,1,335,2011-09-08 10:45:00,2011-09-08 10:45:00,0.0025048824515667106,97.48676638908151
14996,442.28999999999996,2,404,2010-08-15 13:41:00,2010-08-15 13:44:00,0.0025008678544095717,97.48926725693592
17699,442.0,2,208,2010-05-27 11:53:00,2010-08-20 09:39:00,0.0024992280893735576,97.4917664850253
12579,440.42,1,285,2011-09-22 17:15:00,2011-09-22 17:15:00,0.002490294197108376,97.4942567792224
18233,440.0,1,4,2011-01-18 08:44:00,2011-01-18 08:44:00,0.0024879193649872517,97.49674469858738
13954,439.92,2,150,2011-09-30 10:52:00,2011-12-08 12:50:00,0.0024874670160117997,97.49923216560339
16025,439.65999999999997,1,338,2011-11-10 11:45:00,2011-11-10 11:45:00,0.0024859968818415797,97.50171816248523
16968,439.43,2,326,2011-08-24 10:51:00,2011-12-05 15:02:00,0.0024846963785371545,97.50420285886376
13086,439.33000000000004,1,155,2010-11-22 10:28:00,2010-11-22 10:28:00,0.00248413094231784,97.50668698980608
17718,439.18,2,274,2010-03-05 08:01:00,2011-04-21 13:39:00,0.0024832827879888667,97.50917027259408
13432,439.1,2,217,2010-04-06 14:42:00,2010-05-17 13:18:00,0.0024828304390134143,97.51165310303308
13358,439.03,1,285,2011-03-16 11:52:00,2011-03-16 11:52:00,0.0024824346336598936,97.51413553766675
13964,438.9,2,228,2010-10-05 12:38:00,2010-11-17 13:53:00,0.002481699566574784,97.51661723723332
17729,438.65000000000003,1,247,2010-04-22 15:03:00,2010-04-22 15:03:00,0.0024802859760264958,97.51909752320934
15859,438.46,1,174,2010-10-03 12:52:00,2010-10-03 12:52:00,0.0024792116472097964,97.52157673485655
17807,437.87,3,262,2010-01-04 14:00:00,2010-11-09 16:21:00,0.0024758755735158366,97.52405261043006
12552,437.82,2,88,2011-10-31 12:11:00,2011-11-01 10:02:00,0.0024755928554061786,97.52652820328547
17070,437.42,2,232,2010-10-25 15:57:00,2011-08-17 17:01:00,0.0024733311105289177,97.52900153439599
14846,437.4,1,193,2010-10-08 17:07:00,2010-10-08 17:07:00,0.0024732180232850546,97.53147475241927
12672,437.05,2,138,2010-04-23 09:57:00,2011-01-14 09:20:00,0.002471238996517451,97.53394599141579
14123,436.18,1,234,2009-12-06 15:35:00,2009-12-06 15:35:00,0.0024663197014094082,97.5364123111172
16084,436.18,1,216,2011-02-13 16:05:00,2011-02-13 16:05:00,0.0024663197014094082,97.53887863081862
16166,435.83,2,173,2010-01-17 14:16:00,2010-10-07 15:44:00,0.0024643406746418044,97.54134297149325
12445,434.98,2,206,2010-10-15 12:28:00,2011-11-17 18:43:00,0.0024595344667776246,97.54380250596003
13738,434.78000000000003,1,237,2010-11-08 15:23:00,2010-11-08 15:23:00,0.0024584035943389943,97.54626090955436
15323,434.6,3,188,2010-02-16 09:21:00,2010-05-26 10:01:00,0.0024573858091442267,97.5487182953635
14910,434.35,4,238,2011-10-16 11:06:00,2011-12-07 10:06:00,0.0024559722185959385,97.5511742675821
14238,434.23,3,189,2009-12-05 10:58:00,2011-01-17 14:40:00,0.0024552936951327603,97.55362956127723
16888,434.2,3,145,2010-01-07 13:07:00,2010-11-04 12:39:00,0.0024551240642669654,97.5560846853415
14093,433.86,1,391,2011-11-27 16:27:00,2011-11-27 16:27:00,0.002453201581121294,97.55853788692262
16939,433.85,3,229,2010-02-28 13:33:00,2010-08-08 12:24:00,0.002453145037499362,97.56099103196011
18029,433.77,1,253,2010-03-07 15:30:00,2010-03-07 15:30:00,0.0024526926885239096,97.56344372464864
12493,433.74,2,207,2011-05-26 14:53:00,2011-06-27 10:17:00,0.002452523057658115,97.56589624770629
15613,433.71999999999997,1,700,2010-04-08 12:51:00,2010-04-08 12:51:00,0.002452409970414252,97.56834865767671
16522,433.36,2,212,2010-09-15 13:32:00,2010-09-30 10:54:00,0.0024503744000247173,97.57079903207674
17178,432.96,1,100,2009-12-08 16:20:00,2009-12-08 16:20:00,0.002448112655147456,97.57324714473188
17687,432.68,1,210,2010-10-15 12:30:00,2010-10-15 12:30:00,0.0024465294337333732,97.57569367416562
16604,432.45,2,175,2010-05-20 16:34:00,2010-05-26 09:10:00,0.0024452289304289477,97.57813890309605
16236,432.2,1,184,2011-09-22 14:10:00,2011-09-22 14:10:00,0.0024438153398806594,97.58058271843593
16881,432.0,1,600,2011-10-04 10:33:00,2011-10-04 10:33:00,0.002442684467442029,97.58302540290337
14042,431.98,1,180,2009-12-14 15:07:00,2009-12-14 15:07:00,0.002442571380198166,97.58546797428357
15488,431.92,5,251,2010-05-05 13:03:00,2011-09-08 10:11:00,0.002442232118466577,97.58791020640204
17842,430.69,1,89,2010-04-16 14:23:00,2010-04-16 14:23:00,0.002435277252968999,97.59034548365501
12452,430.57,2,185,2011-11-23 08:05:00,2011-11-23 10:28:00,0.002434598729505821,97.59278008238452
12795,430.48,1,68,2011-11-21 10:27:00,2011-11-21 10:27:00,0.002434089836908437,97.59521417222143
12827,430.15000000000003,3,197,2011-10-26 15:44:00,2011-12-04 12:17:00,0.002432223897384697,97.59764639611882
15450,429.84,1,376,2011-11-09 17:11:00,2011-11-09 17:11:00,0.0024304710451048188,97.60007686716392
15461,429.7,2,230,2010-03-18 12:40:00,2010-09-05 12:31:00,0.002429679434397778,97.60250654659832
14979,429.66,1,209,2009-12-04 12:54:00,2009-12-04 12:54:00,0.0024294532599100516,97.60493599985823
15230,429.6,2,351,2011-04-13 11:04:00,2011-04-14 14:39:00,0.0024291139981784627,97.6073651138564
15036,429.56,3,316,2011-06-13 12:19:00,2011-09-28 15:42:00,0.0024288878236907365,97.6097940016801
13413,429.44,6,455,2010-01-21 17:43:00,2010-03-10 12:17:00,0.002428209300227558,97.61222221098033
15888,429.16,3,139,2010-07-01 11:51:00,2011-09-20 12:30:00,0.002426626078813475,97.61464883705915
15553,428.93,1,449,2011-10-10 14:02:00,2011-10-10 14:02:00,0.00242532557550905,97.61707416263467
18089,428.45,1,95,2010-09-19 11:57:00,2010-09-19 11:57:00,0.0024226114816563366,97.61949677411633
15360,427.93,1,223,2011-10-31 09:35:00,2011-10-31 09:35:00,0.002419671213315897,97.62191644532965
12740,427.6,1,342,2011-10-07 10:44:00,2011-10-07 10:44:00,0.0024178052737921568,97.62433425060344
18285,427.0,1,145,2010-02-17 10:24:00,2010-02-17 10:24:00,0.0024144126564762647,97.62674866325992
17740,426.9,6,222,2010-01-11 13:11:00,2010-11-15 16:33:00,0.0024138472202569496,97.62916251048017
18152,426.69,1,75,2010-03-03 15:26:00,2010-03-03 15:26:00,0.0024126598041963876,97.63157517028436
15930,426.63,1,139,2011-10-03 14:52:00,2011-10-03 14:52:00,0.0024123205424647983,97.63398749082683
14288,426.6,1,188,2011-05-10 13:22:00,2011-05-10 13:22:00,0.002412150911599004,97.63639964173842
15966,426.53000000000003,1,275,2010-09-15 10:44:00,2010-09-15 10:44:00,0.002411755106245483,97.63881139684467
15217,426.24,1,190,2010-05-25 13:51:00,2010-05-25 13:51:00,0.0024101153412094687,97.64122151218588
14877,425.85,2,168,2010-03-07 12:25:00,2010-10-17 13:09:00,0.0024079101399541395,97.64362942232583
13703,425.56,2,128,2010-10-20 13:11:00,2011-01-25 13:10:00,0.002406270374918125,97.64603569270075
17103,424.3,1,471,2009-12-17 14:08:00,2009-12-17 14:08:00,0.0023991458785547525,97.6484348385793
15545,424.3,2,237,2010-12-03 17:28:00,2011-10-16 13:24:00,0.0023991458785547525,97.65083398445786
16541,424.03,1,173,2009-12-04 13:22:00,2009-12-04 13:22:00,0.0023976192007626007,97.65323160365863
16913,423.90999999999997,3,229,2010-02-26 12:06:00,2011-02-22 12:56:00,0.0023969406772994225,97.65562854433593
17330,423.8,4,122,2010-03-02 09:20:00,2011-11-17 08:56:00,0.002396318697458176,97.65802486303339
14097,422.85999999999996,2,352,2010-03-04 10:46:00,2010-08-15 14:20:00,0.002391003596996612,97.66041586663039
13374,422.8,2,135,2010-09-16 10:29:00,2010-10-21 10:04:00,0.002390664335265023,97.66280653096565
16137,422.7,1,210,2010-01-28 15:04:00,2010-01-28 15:04:00,0.0023900988990457075,97.6651966298647
16689,422.59999999999997,2,330,2011-09-18 13:29:00,2011-09-25 11:39:00,0.0023895334628263923,97.66758616332753
18240,422.58,1,126,2011-10-24 13:06:00,2011-10-24 13:06:00,0.0023894203755825292,97.6699755837031
16149,422.22,3,598,2010-10-06 15:54:00,2011-12-05 11:29:00,0.0023873848051929945,97.6723629685083
16773,421.24,3,252,2009-12-06 15:01:00,2011-10-13 14:37:00,0.0023818435302437047,97.67474481203854
14757,420.5,1,160,2011-09-25 14:36:00,2011-09-25 14:36:00,0.0023776593022207717,97.67712247134077
15206,420.29999999999995,4,162,2011-03-09 08:59:00,2011-11-29 13:41:00,0.0023765284297821406,97.67949899977054
15711,420.25,2,199,2010-01-24 12:13:00,2010-06-01 12:14:00,0.0023762457116724835,97.68187524548222
14575,420.22,1,163,2010-08-08 14:51:00,2010-08-08 14:51:00,0.002376076080806689,97.68425132156302
13672,419.92,3,138,2009-12-09 11:40:00,2011-02-11 13:53:00,0.0023743797721487428,97.68662570133517
13442,419.87,3,115,2009-12-01 14:59:00,2010-02-10 14:03:00,0.002374097054039085,97.68899979838922
13096,419.70000000000005,1,6,2010-11-10 14:08:00,2010-11-10 14:08:00,0.0023731358124662494,97.69137293420168
14124,419.58000000000004,1,1618,2011-09-16 13:32:00,2011-09-16 13:32:00,0.002372457289003071,97.69374539149068
13079,419.18,6,158,2010-10-18 14:15:00,2011-12-05 16:53:00,0.00237019554412581,97.69611558703481
15262,418.82,3,218,2010-08-08 15:55:00,2011-01-20 12:16:00,0.0023681599737362747,97.69848374700855
12593,418.09999999999997,3,206,2011-05-05 09:29:00,2011-08-23 12:43:00,0.0023640888329572044,97.70084783584151
13073,418.08,2,261,2010-09-28 09:27:00,2010-10-24 14:06:00,0.0023639757457133417,97.70321181158722
17701,417.95,1,109,2011-04-01 12:25:00,2011-04-01 12:25:00,0.0023632406786282317,97.70557505226586
17855,417.94,1,394,2010-12-02 09:44:00,2010-12-02 09:44:00,0.0023631841350063004,97.70793823640086
17232,417.77,2,202,2011-11-25 12:24:00,2011-12-07 12:21:00,0.002362222893433464,97.7103004592943
16832,417.61,5,179,2010-09-07 12:35:00,2011-06-08 15:36:00,0.0023613181954825597,97.71266177748979
14762,417.57,2,428,2010-03-23 15:36:00,2011-03-21 08:20:00,0.002361092020994834,97.71502286951078
12833,417.38,1,156,2011-07-17 13:46:00,2011-07-17 13:46:00,0.0023600176921781345,97.71738288720296
17258,417.3,2,188,2010-02-12 15:51:00,2010-11-08 12:37:00,0.0023595653432026825,97.71974245254616
16816,417.06,4,274,2010-12-16 17:01:00,2011-08-28 14:16:00,0.0023582082962763256,97.72210066084243
15935,416.86,2,115,2011-04-12 09:35:00,2011-04-14 13:27:00,0.0023570774238376954,97.72445773826627
16957,416.64,2,172,2011-03-03 09:25:00,2011-04-14 13:56:00,0.0023558334641552016,97.72681357173042
15011,416.6,2,289,2010-10-19 12:05:00,2010-11-09 11:10:00,0.0023556072896674758,97.72916917902009
16355,416.35,1,179,2010-11-29 14:21:00,2010-11-29 14:21:00,0.0023541936991191875,97.73152337271921
16356,415.87,6,190,2010-06-06 11:26:00,2011-05-26 11:51:00,0.0023514796052664737,97.73387485232448
12930,415.8,2,252,2011-06-21 13:25:00,2011-09-22 15:18:00,0.002351083799912953,97.73622593612438
12608,415.79,1,323,2010-10-31 10:49:00,2010-10-31 10:49:00,0.0023510272562910217,97.73857696338068
15725,415.25,1,221,2011-11-24 14:51:00,2011-11-24 14:51:00,0.002347973900706719,97.74092493728139
14333,415.2,1,58,2011-10-03 10:38:00,2011-10-03 10:38:00,0.002347691182597061,97.74327262846398
16752,415.0,1,108,2010-12-02 12:18:00,2010-12-02 12:18:00,0.0023465603101584308,97.74561918877414
13565,414.8,3,260,2010-10-24 15:51:00,2011-11-20 14:33:00,0.0023454294377198,97.74796461821187
18278,414.20000000000005,2,140,2010-10-31 12:13:00,2011-09-27 11:58:00,0.002342036820403909,97.75030665503228
13002,414.13,3,201,2010-10-01 11:58:00,2011-01-25 15:18:00,0.002341641015050388,97.75264829604733
13669,413.55,3,393,2010-10-28 15:05:00,2011-10-20 09:32:00,0.0023383614849783593,97.7549866575323
14082,413.36,2,246,2010-11-12 11:47:00,2010-12-10 11:02:00,0.0023372871561616604,97.75732394468847
17601,413.08,2,295,2010-11-24 14:29:00,2011-04-14 18:02:00,0.0023357039347475773,97.75965964862321
17767,413.05,2,198,2010-10-25 16:22:00,2011-11-24 14:42:00,0.002335534303881783,97.7619951829271
17662,412.92,2,184,2009-12-17 09:54:00,2010-02-16 09:38:00,0.0023347992367966732,97.76432998216389
14620,412.78000000000003,2,214,2011-03-01 08:30:00,2011-05-18 11:58:00,0.002334007626089632,97.76666398978998
16932,412.55,3,217,2010-05-17 14:15:00,2011-10-17 14:12:00,0.0023327071227852063,97.76899669691277
18050,412.06,2,250,2010-11-11 15:51:00,2010-12-15 14:25:00,0.0023299364853105616,97.77132663339808
16272,411.7,1,224,2011-08-15 10:53:00,2011-08-15 10:54:00,0.0023279009149210265,97.773654534313
15960,410.95,4,258,2010-09-30 15:50:00,2010-11-30 15:57:00,0.0023236601432761617,97.77597819445627
15099,410.48,1,343,2011-09-16 13:13:00,2011-09-16 13:13:00,0.00232100259304538,97.77829919704932
17598,409.98,1,126,2010-11-23 17:43:00,2010-11-23 17:43:00,0.0023181754119488036,97.78061737246126
13827,409.8,3,138,2011-07-19 15:38:00,2011-10-13 12:38:00,0.002317157626754036,97.78293453008801
15894,409.69,2,275,2010-12-05 14:06:00,2011-03-31 13:50:00,0.002316535646912789,97.78525106573493
14581,409.65,2,304,2010-06-13 15:48:00,2011-11-23 12:39:00,0.002316309472425063,97.78756737520735
14348,409.57,1,183,2011-03-24 16:23:00,2011-03-24 16:23:00,0.002315857123449611,97.7898832323308
15225,409.40000000000003,1,226,2011-04-19 14:51:00,2011-04-19 14:51:00,0.0023148958818767747,97.79219812821268
16864,409.25,2,283,2010-04-20 11:56:00,2010-10-01 16:16:00,0.002314047727547802,97.79451217594023
16921,409.21,3,275,2010-04-18 15:34:00,2011-10-09 16:22:00,0.002313821553060076,97.79682599749329
16243,409.1,2,110,2011-10-16 12:09:00,2011-11-06 12:32:00,0.0023131995732188293,97.79913919706651
13686,409.04,3,378,2010-11-03 13:44:00,2011-06-10 09:10:00,0.00231286031148724,97.801452057378
12974,408.95,2,104,2010-05-23 11:45:00,2011-05-26 09:33:00,0.002312351418889856,97.8037644087969
16629,408.63,2,489,2011-09-04 16:12:00,2011-09-27 10:34:00,0.0023105420229880473,97.80607495081988
16324,408.59000000000003,3,270,2011-06-15 14:26:00,2011-08-03 12:58:00,0.0023103158485003215,97.80838526666838
17285,407.94,2,134,2010-02-14 14:10:00,2010-03-21 13:38:00,0.002306640513074772,97.81069190718145
12353,406.76,2,212,2010-10-27 12:44:00,2011-05-19 17:47:00,0.0022999683656868514,97.81299187554714
16632,406.4,2,256,2010-05-07 16:46:00,2010-08-11 11:39:00,0.002297932795297316,97.81528980834244
17000,406.3,2,305,2010-10-27 14:16:00,2010-11-08 13:35:00,0.002297367359078001,97.81758717570152
15342,406.09,1,283,2011-08-02 10:19:00,2011-08-02 10:19:00,0.0022961799430174386,97.81988335564454
12741,406.07,2,214,2010-06-24 16:24:00,2010-06-28 14:36:00,0.0022960668557735755,97.82217942250031
16815,406.02,2,237,2010-06-21 12:05:00,2010-09-12 10:59:00,0.002295784137663918,97.82447520663797
18111,405.85,1,232,2010-04-29 12:58:00,2010-04-29 12:58:00,0.002294822896091082,97.82677002953406
12922,405.38,1,370,2011-07-01 15:35:00,2011-07-01 15:35:00,0.0022921653458603,97.82906219487992
13143,405.1,1,198,2010-05-04 12:22:00,2010-05-04 12:22:00,0.0022905821244462174,97.83135277700437
13640,405.0,1,108,2010-04-07 15:33:00,2010-04-07 15:33:00,0.0022900166882269023,97.83364279369259
15941,405.0,1,60,2010-03-12 14:45:00,2010-03-12 14:45:00,0.0022900166882269023,97.83593281038081
15968,404.55,1,247,2010-11-16 13:04:00,2010-11-16 13:04:00,0.002287472225239984,97.83822028260604
13574,404.45,1,304,2010-10-24 13:28:00,2010-10-24 13:28:00,0.0022869067890206683,97.84050718939507
16319,404.40000000000003,1,72,2011-05-06 11:27:00,2011-05-06 11:27:00,0.0022866240709110107,97.84279381346597
16484,404.3,2,200,2011-06-02 10:39:00,2011-06-19 12:06:00,0.0022860586346916956,97.84507987210067
12498,403.70000000000005,3,159,2011-10-13 09:30:00,2011-11-18 12:53:00,0.002282666017375804,97.84736253811805
14678,403.39,1,179,2010-05-09 14:32:00,2010-05-09 14:32:00,0.0022809131650959264,97.84964345128314
17785,403.38,3,227,2010-05-23 13:01:00,2011-10-17 13:43:00,0.0022808566214739946,97.85192430790461
17431,403.3,1,292,2011-01-30 14:36:00,2011-01-30 14:36:00,0.0022804042724985426,97.85420471217711
13530,402.97999999999996,1,272,2010-03-15 14:10:00,2010-03-15 14:10:00,0.0022785948765967332,97.85648330705371
16315,402.71,2,143,2010-06-21 13:53:00,2011-01-13 11:57:00,0.0022770681988045823,97.85876037525252
15504,402.7,4,141,2010-02-12 12:34:00,2011-09-19 13:45:00,0.0022770116551826505,97.8610373869077
17094,402.20000000000005,2,212,2010-10-12 10:48:00,2011-01-21 13:09:00,0.0022741844740860745,97.86331157138179
16998,402.0,5,104,2010-09-21 14:39:00,2011-07-13 09:44:00,0.002273053601647444,97.86558462498343
14494,401.46,3,210,2009-12-08 13:25:00,2011-11-14 09:21:00,0.002270000246063141,97.86785462522948
14471,400.95,2,187,2009-12-07 12:26:00,2010-04-27 17:12:00,0.0022671165213446333,97.87012174175082
17168,400.2,1,220,2010-07-29 12:33:00,2010-07-29 12:33:00,0.0022628757496997685,97.87238461750051
14358,400.06,2,338,2010-10-07 17:26:00,2010-11-15 15:51:00,0.0022620841389927276,97.8746467016395
15501,399.95,2,205,2010-10-20 12:47:00,2010-10-31 11:15:00,0.0022614621591514803,97.87690816379866
15446,399.75,3,265,2009-12-13 13:53:00,2010-11-28 11:59:00,0.00226033128671285,97.87916849508537
18164,399.65000000000003,1,184,2011-11-02 12:56:00,2011-11-02 12:56:00,0.002259765850493535,97.88142826093586
13252,399.3,2,134,2010-03-24 10:30:00,2010-11-10 16:00:00,0.002257786823725931,97.88368604775958
18128,399.29,1,216,2010-06-20 13:19:00,2010-06-20 13:19:00,0.002257730280104,97.88594377803969
17052,399.09,1,251,2011-11-11 14:50:00,2011-11-11 14:50:00,0.0022565994076653687,97.88820037744735
17830,398.7,3,92,2011-02-24 10:15:00,2011-12-08 12:28:00,0.0022543942064100395,97.89045477165375
15522,397.99,2,572,2011-09-13 12:26:00,2011-11-07 11:26:00,0.002250379609252901,97.892705151263
13352,397.97999999999996,1,321,2011-10-10 13:55:00,2011-10-10 13:55:00,0.002250323065630969,97.89495547432863
12508,397.88,2,271,2011-11-10 16:27:00,2011-11-13 15:37:00,0.002249757629411654,97.89720523195804
15037,397.76,2,298,2010-11-28 12:14:00,2010-11-28 13:05:00,0.0022490791059484754,97.89945431106399
15280,397.52,3,507,2010-05-17 14:17:00,2011-06-20 17:14:00,0.002247722059022119,97.90170203312302
15429,397.35,2,380,2011-09-25 13:42:00,2011-11-13 12:28:00,0.002246760817449283,97.90394879394046
17789,397.15,2,199,2010-02-16 13:16:00,2011-03-03 13:14:00,0.0022456299450106525,97.90619442388547
12824,397.12,1,232,2011-10-11 12:49:00,2011-10-11 12:49:00,0.0022454603141448576,97.90843988419961
17486,396.87,1,191,2011-03-23 14:00:00,2011-03-23 14:00:00,0.00224404672359657,97.9106839309232
13597,396.71,2,231,2010-11-02 09:30:00,2010-11-04 14:54:00,0.0022431420256456653,97.91292707294885
15883,396.48,2,223,2011-11-06 14:50:00,2011-12-07 17:05:00,0.00224184152234124,97.91516891447118
17918,396.39,3,352,2010-07-22 14:20:00,2010-07-27 11:51:00,0.0022413326297438564,97.91741024710092
18067,396.33,1,189,2011-10-30 15:58:00,2011-10-30 15:58:00,0.002240993368012267,97.91965124046892
15577,396.03000000000003,5,120,2009-12-13 16:17:00,2011-07-11 17:03:00,0.0022392970593543217,97.92189053752827
16893,395.82,2,179,2010-11-28 15:14:00,2010-12-08 12:06:00,0.0022381096432937593,97.92412864717157
13879,395.5,1,204,2010-03-04 10:49:00,2010-03-04 10:49:00,0.0022363002473919503,97.92636494741896
13083,395.43,3,307,2010-10-10 13:38:00,2011-12-05 15:01:00,0.0022359044420384297,97.928600851861
12677,395.1,2,176,2010-02-11 13:55:00,2010-06-02 14:30:00,0.0022340385025146894,97.93083489036353
16538,395.07,3,254,2010-04-23 16:25:00,2010-06-16 16:59:00,0.0022338688716488945,97.93306875923518
18048,394.93,3,256,2010-08-03 13:03:00,2011-05-20 14:58:00,0.002233077260941853,97.93530183649612
16207,394.38,1,140,2011-11-14 13:51:00,2011-11-14 13:51:00,0.002229967361735619,97.93753180385787
15386,394.14,1,446,2011-06-06 13:47:00,2011-06-06 13:47:00,0.0022286103148092622,97.93976041417268
12499,393.72,1,302,2010-05-28 15:12:00,2010-05-28 15:12:00,0.002226235482688138,97.94198664965538
17300,393.64,2,467,2010-08-15 11:02:00,2010-11-14 10:56:00,0.0022257831337126857,97.94421243278909
15345,393.54,1,81,2011-10-25 11:28:00,2011-10-25 11:28:00,0.0022252176974933706,97.94643765048659
15437,393.45,2,177,2010-03-09 10:45:00,2011-03-22 13:11:00,0.002224708804895987,97.94866235929149
17563,392.38,2,256,2010-04-07 10:02:00,2010-05-10 14:54:00,0.0022186586373493136,97.95088101792884
18110,392.28000000000003,2,169,2010-10-24 14:21:00,2011-11-20 12:34:00,0.002218093201129998,97.95309911112997
16827,392.13,5,125,2010-04-29 19:07:00,2010-11-11 14:04:00,0.0022172450468010254,97.95531635617678
16783,391.95,1,163,2010-09-29 11:53:00,2010-09-29 11:53:00,0.002216227261606258,97.9575325834384
14072,390.85,1,65,2010-02-11 12:31:00,2010-02-11 12:31:00,0.0022100074631937897,97.95974259090158
14197,390.05,1,143,2010-10-25 10:01:00,2010-10-25 10:01:00,0.0022054839734392674,97.96194807487502
17116,389.78,1,392,2010-03-01 16:29:00,2010-03-01 16:29:00,0.0022039572956471156,97.96415203217067
18024,389.78,2,184,2011-07-10 12:28:00,2011-07-10 12:40:00,0.0022039572956471156,97.96635598946632
17379,389.71999999999997,1,623,2011-11-28 13:56:00,2011-11-28 13:56:00,0.0022036180339155267,97.96855960750024
14752,389.64,1,260,2011-10-27 11:55:00,2011-10-27 11:55:00,0.0022031656849400743,97.97076277318519
13345,389.5,1,141,2011-02-25 09:01:00,2011-02-25 09:01:00,0.0022023740742330333,97.97296514725942
17479,389.26000000000005,1,266,2010-03-17 09:26:00,2010-03-17 09:26:00,0.002201017027306677,97.97516616428672
17286,389.18,3,368,2010-11-04 13:43:00,2011-11-18 12:47:00,0.0022005646783312244,97.97736672896505
12690,389.01,1,106,2011-05-18 09:09:00,2011-05-18 09:09:00,0.002199603436758388,97.97956633240182
18227,388.75,2,22,2010-08-12 16:45:00,2011-05-06 12:23:00,0.0021981333025881686,97.9817644657044
15592,388.58,1,354,2011-10-24 08:59:00,2011-10-24 08:59:00,0.0021971720610153324,97.98396163776542
13896,388.55,1,149,2010-03-24 08:55:00,2010-03-24 08:55:00,0.002197002430149538,97.98615864019557
13899,388.52,2,156,2011-03-10 09:30:00,2011-11-23 13:40:00,0.0021968327992837435,97.98835547299485
13673,387.44,2,114,2011-11-07 15:40:00,2011-11-21 12:11:00,0.0021907260881151385,97.99054619908297
17771,387.41,4,373,2010-04-29 13:21:00,2011-10-14 11:43:00,0.002190556457249344,97.99273675554022
17595,386.69,2,228,2011-11-02 16:19:00,2011-11-27 16:08:00,0.0021864853164702738,97.99492324085669
16148,386.62,2,250,2010-09-29 10:12:00,2011-02-16 14:01:00,0.002186089511116753,97.9971093303678
17614,386.32,1,235,2011-10-13 16:01:00,2011-10-13 16:01:00,0.0021843932024588073,97.99929372357026
14779,386.15,3,84,2011-01-20 12:04:00,2011-03-04 12:42:00,0.002183431960885971,98.00147715553115
13584,385.7,3,360,2010-02-02 08:40:00,2011-02-06 12:49:00,0.002180887497899052,98.00365804302905
16492,385.56,1,235,2010-06-17 08:20:00,2010-06-17 08:20:00,0.0021800958871920108,98.00583813891625
12973,385.55,1,31,2010-10-22 10:14:00,2010-10-22 10:14:00,0.0021800393435700794,98.00801817825982
12889,385.46000000000004,4,124,2010-07-25 14:32:00,2010-11-23 16:08:00,0.002179530450972696,98.01019770871079
12829,385.3,3,550,2010-06-07 15:04:00,2011-01-07 11:13:00,0.002178625753021791,98.01237633446381
14826,385.2,2,152,2010-01-13 13:08:00,2010-05-07 09:00:00,0.0021780603168024756,98.01455439478062
17617,385.19,1,249,2010-05-30 12:48:00,2010-05-30 12:48:00,0.0021780037731805443,98.0167323985538
17711,385.1,2,246,2011-02-23 11:32:00,2011-11-29 11:40:00,0.002177494880583161,98.01890989343438
17171,384.59,2,225,2010-02-16 12:02:00,2011-02-23 16:37:00,0.0021746111558646527,98.02108450459025
16868,384.56,3,112,2010-04-25 11:31:00,2010-11-10 13:17:00,0.0021744415249988582,98.02325894611525
16433,384.52,2,214,2010-10-27 12:26:00,2011-11-11 14:09:00,0.002174215350511132,98.02543316146576
17357,384.39,2,152,2011-11-15 16:29:00,2011-11-15 16:30:00,0.002173480283426022,98.02760664174919
13966,384.26,1,760,2010-09-30 13:08:00,2010-09-30 13:08:00,0.0021727452163409124,98.02977938696553
16982,384.06,1,182,2011-10-10 12:28:00,2011-10-10 12:28:00,0.0021716143439022817,98.03195100130944
14598,384.04,2,354,2010-05-19 13:07:00,2011-10-26 13:19:00,0.0021715012566584186,98.03412250256609
15155,383.96999999999997,1,192,2010-11-21 12:59:00,2010-11-21 12:59:00,0.002171105451304898,98.0362936080174
13792,383.95,3,156,2010-10-13 11:05:00,2011-10-04 14:31:00,0.002170992364061035,98.03846460038146
17804,383.78000000000003,3,194,2009-12-01 12:22:00,2010-11-28 14:01:00,0.002170031122488199,98.04063463150395
12515,383.7,1,131,2010-12-21 15:43:00,2010-12-21 15:43:00,0.002169578773512747,98.04280421027747
15440,383.68,3,197,2011-05-15 11:30:00,2011-10-16 12:16:00,0.002169465686268884,98.04497367596373
12547,383.58,3,309,2010-07-27 13:55:00,2011-05-26 12:38:00,0.0021689002500495684,98.04714257621379
12832,383.03,2,195,2011-09-02 13:48:00,2011-11-07 13:30:00,0.0021657903508433343,98.04930836656463
13817,382.98,2,211,2010-12-23 11:46:00,2011-11-10 17:49:00,0.0021655076327336768,98.05147387419737
17403,382.87,2,188,2010-09-15 12:29:00,2011-11-03 15:18:00,0.00216488565289243,98.05363875985026
14767,382.81,1,117,2010-08-22 14:54:00,2010-08-22 14:54:00,0.002164546391160841,98.05580330624142
16988,382.67,2,158,2010-11-25 09:22:00,2011-12-04 16:02:00,0.0021637547804537996,98.05796706102187
13657,382.14,2,209,2011-05-22 12:35:00,2011-11-29 12:32:00,0.0021607579684914282,98.06012781899037
17753,382.06,4,124,2010-01-06 14:20:00,2010-09-01 15:49:00,0.0021603056195159762,98.06228812460988
17250,381.97,2,167,2011-03-23 16:45:00,2011-12-06 12:15:00,0.0021597967269185924,98.0644479213368
14908,381.9,2,182,2010-09-02 16:39:00,2011-09-26 12:56:00,0.0021594009215650713,98.06660732225836
16304,381.66,1,228,2010-01-14 08:30:00,2010-01-14 08:30:00,0.0021580438746387153,98.06876536613301
15090,381.32,1,208,2011-02-04 14:03:00,2011-02-04 14:03:00,0.002156121391493043,98.0709214875245
17393,381.15,2,238,2010-08-08 15:53:00,2010-10-25 11:10:00,0.0021551601499202066,98.07307664767443
17903,381.09000000000003,1,142,2010-11-10 15:39:00,2010-11-10 15:39:00,0.002154820888188618,98.07523146856262
12796,381.0,1,182,2010-03-21 15:49:00,2010-03-21 15:49:00,0.002154311995591234,98.07738578055822
17573,380.6,3,308,2011-09-07 10:36:00,2011-11-10 13:01:00,0.002152050250713973,98.07953783080893
17936,380.13,1,257,2011-12-04 13:32:00,2011-12-04 13:32:00,0.002149392700483191,98.08168722350942
14731,380.02,3,256,2011-05-11 13:06:00,2011-10-23 15:54:00,0.002148770720641944,98.08383599423006
16577,380.0,1,142,2010-02-11 09:45:00,2010-02-11 09:45:00,0.002148657633398081,98.08598465186346
14200,379.2,1,140,2010-04-01 13:01:00,2010-04-01 13:01:00,0.002144134143643559,98.0881287860071
16909,379.14,1,436,2011-09-28 16:45:00,2011-09-28 16:45:00,0.0021437948819119697,98.09027258088902
16930,378.89,3,339,2011-10-02 14:25:00,2011-11-13 16:13:00,0.0021423812913636815,98.09241496218038
13372,378.64,1,159,2011-09-11 12:46:00,2011-09-11 12:46:00,0.0021409677008153933,98.0945559298812
17078,378.2,2,788,2011-11-03 18:49:00,2011-11-03 19:17:00,0.002138479781450406,98.09669440966265
12651,377.75,4,265,2010-08-31 15:21:00,2011-01-09 12:46:00,0.002135935318463487,98.09883034498111
12941,377.49,1,381,2009-12-15 13:12:00,2009-12-15 13:12:00,0.0021344651842932676,98.10096481016541
17736,377.44,3,238,2011-08-18 14:33:00,2011-11-30 15:36:00,0.00213418246618361,98.10309899263159
17783,376.96,3,438,2010-07-15 12:50:00,2011-09-28 16:07:00,0.0021314683723308962,98.10523046100391
17717,376.92,1,344,2010-10-14 12:54:00,2010-10-14 12:54:00,0.0021312421978431704,98.10736170320176
16544,376.70000000000005,4,150,2010-02-15 13:20:00,2010-07-08 11:11:00,0.002129998238160677,98.10949170143992
17489,376.64,2,428,2011-05-11 11:34:00,2011-10-12 08:56:00,0.0021296589764290873,98.11162136041635
14353,376.5,3,344,2010-10-04 12:38:00,2011-05-08 16:06:00,0.002128867365722046,98.11375022778208
13997,376.46,3,143,2010-06-07 17:33:00,2010-07-08 18:06:00,0.0021286411912343197,98.11587886897331
14531,376.34,1,260,2010-08-17 10:16:00,2010-08-17 10:16:00,0.0021279626677711415,98.11800683164108
13688,375.5,1,130,2010-03-14 14:11:00,2010-03-14 14:11:00,0.0021232130035288934,98.12013004464461
14448,375.35,2,104,2010-12-10 17:26:00,2011-11-30 13:50:00,0.0021223648491999203,98.12225240949381
14294,375.34,1,190,2010-10-28 16:25:00,2010-10-28 16:25:00,0.002122308305577989,98.12437471779938
14067,374.7,2,361,2011-09-04 12:00:00,2011-10-07 10:21:00,0.002118689513774371,98.12649340731316
17912,374.55,6,215,2010-11-29 13:53:00,2011-02-02 14:25:00,0.0021178413594453984,98.12861124867261
17568,374.45,1,275,2010-03-16 16:45:00,2010-03-16 16:45:00,0.002117275923226083,98.13072852459584
14736,374.05,2,148,2010-08-11 15:13:00,2010-08-11 15:21:00,0.002115014178348822,98.13284353877418
13351,373.94,1,117,2011-10-04 12:55:00,2011-10-04 12:55:00,0.002114392198507575,98.13495793097269
13283,373.36,4,204,2010-03-09 14:36:00,2011-10-11 09:50:00,0.0021111126684355466,98.13706904364112
17810,373.16,2,118,2010-01-25 10:26:00,2010-02-09 10:47:00,0.002109981795996916,98.13917902543712
15337,373.02,1,200,2010-10-24 15:29:00,2010-10-24 15:29:00,0.002109190185289874,98.14128821562241
13197,373.01000000000005,1,204,2010-04-09 09:14:00,2010-04-09 09:14:00,0.002109133641667943,98.14339734926408
14981,372.92,2,241,2010-10-12 11:04:00,2011-04-07 13:45:00,0.002108624749070559,98.14550597401315
12895,372.8,2,210,2011-09-14 08:35:00,2011-10-28 13:51:00,0.0021079462256073807,98.14761392023875
12544,372.7,1,136,2011-11-03 16:15:00,2011-11-03 16:15:00,0.002107380789388065,98.14972130102814
12981,372.21999999999997,2,242,2011-07-29 14:14:00,2011-11-10 12:00:00,0.002104666695535352,98.15182596772367
13164,372.2,2,120,2010-02-10 11:52:00,2010-05-19 13:52:00,0.0021045536082914887,98.15393052133196
17245,371.63,2,307,2010-01-19 15:39:00,2011-05-19 10:43:00,0.002101330621841392,98.1560318519538
18155,371.62,3,266,2011-02-21 10:36:00,2011-09-25 13:32:00,0.00210127407821946,98.15813312603201
15472,371.56,1,251,2011-08-18 15:17:00,2011-08-18 15:17:00,0.002100934816487871,98.1602340608485
18162,371.51,1,332,2009-12-07 13:24:00,2009-12-07 13:24:00,0.0021006520983782133,98.16233471294687
14950,371.2,1,136,2011-11-20 13:48:00,2011-11-20 13:48:00,0.002098899246098336,98.16443361219297
15975,371.01,1,243,2011-09-16 13:33:00,2011-09-16 13:33:00,0.0020978249172816372,98.16653143711025
15063,370.79999999999995,1,56,2011-05-10 13:25:00,2011-05-10 13:25:00,0.0020966375012210748,98.16862807461148
15765,370.63,1,335,2010-02-11 10:25:00,2010-02-11 10:25:00,0.002095676259648239,98.17072375087112
14168,370.45,2,147,2010-05-24 12:28:00,2010-10-15 10:49:00,0.0020946584744534714,98.17281840934557
15458,370.43999999999994,2,300,2010-11-02 19:50:00,2011-11-14 13:08:00,0.0020946019308315396,98.1749130112764
17437,369.68,1,283,2010-06-28 11:11:00,2010-06-28 11:11:00,0.002090304615564744,98.17700331589197
16758,369.34000000000003,1,203,2011-10-05 14:47:00,2011-10-05 14:47:00,0.002088382132419072,98.17909169802438
14888,369.2,1,184,2011-05-16 14:58:00,2011-05-16 14:58:00,0.0020875905217120306,98.18117928854609
14172,369.02,3,78,2010-03-07 10:58:00,2010-04-13 13:26:00,0.0020865727365172626,98.1832658612826
15477,368.4,1,216,2010-02-28 10:37:00,2010-02-28 10:37:00,0.002083067031957508,98.18534892831457
17792,368.35,2,149,2010-08-18 13:08:00,2010-08-29 14:30:00,0.0020827843138478508,98.18743171262841
15989,368.31,2,169,2009-12-02 15:51:00,2010-11-29 12:03:00,0.0020825581393601245,98.18951427076777
14706,367.54,1,246,2010-03-31 11:09:00,2010-03-31 11:09:00,0.0020782042804713967,98.19159247504824
14018,367.15000000000003,1,224,2010-03-04 14:23:00,2010-03-04 14:23:00,0.002075999079216067,98.19366847412745
14962,366.91,4,123,2010-05-04 14:57:00,2011-03-14 09:42:00,0.0020746420322897106,98.19574311615973
14244,366.41999999999996,1,814,2010-02-17 11:40:00,2010-02-17 11:40:00,0.0020718713948150655,98.19781498755455
12899,366.4,1,108,2010-10-22 09:53:00,2010-10-22 09:53:00,0.0020717583075712024,98.19988674586212
17911,366.23,1,223,2011-11-30 14:52:00,2011-11-30 14:52:00,0.0020707970659983666,98.20195754292811
16974,365.5,2,70,2010-05-24 10:43:00,2010-07-05 10:18:00,0.002066669381597365,98.2040242123097
15029,365.1,1,234,2010-03-30 12:16:00,2010-03-30 12:16:00,0.002064407636720104,98.20608861994643
13545,364.93,2,252,2010-06-13 11:49:00,2010-11-14 11:27:00,0.002063446395147268,98.20815206634157
17536,364.83,3,201,2010-01-26 12:00:00,2011-06-15 13:23:00,0.0020628809589279522,98.2102149473005
14886,364.8,1,160,2011-04-01 08:56:00,2011-04-01 08:56:00,0.0020627113280621582,98.21227765862857
15949,364.72,2,284,2011-09-29 17:34:00,2011-11-23 09:09:00,0.0020622589790867058,98.21433991760765
15343,364.5,1,84,2011-09-13 13:55:00,2011-09-13 13:55:00,0.002061015019404212,98.21640093262705
15915,364.45,1,414,2010-11-03 11:13:00,2010-11-03 11:13:00,0.0020607323012945544,98.21846166492834
14528,364.21999999999997,1,278,2011-11-02 17:09:00,2011-11-02 17:09:00,0.002059431797990129,98.22052109672633
16509,363.7,1,64,2011-02-16 09:25:00,2011-02-16 09:25:00,0.0020564915296496897,98.22257758825597
14253,363.40000000000003,2,88,2010-03-26 15:08:00,2010-08-03 14:55:00,0.002054795220991744,98.22463238347696
16078,362.99,2,200,2010-02-08 13:29:00,2011-03-01 09:47:00,0.002052476932492551,98.22668486040945
16378,362.95,3,267,2011-02-02 12:42:00,2011-04-06 15:07:00,0.002052250758004825,98.22873711116745
13962,362.8,3,160,2010-09-30 10:35:00,2011-11-18 08:47:00,0.0020514026036758523,98.23078851377112
14840,362.71,2,179,2010-06-18 15:42:00,2011-03-17 12:00:00,0.0020508937110784685,98.23283940748219
14122,362.42,3,114,2009-12-02 14:22:00,2010-10-29 15:11:00,0.0020492539460424545,98.23488866142823
17339,362.36,3,188,2010-07-18 13:08:00,2011-09-06 13:29:00,0.002048914684310865,98.23693757611254
16052,362.06,1,282,2011-10-16 15:13:00,2011-10-16 15:13:00,0.0020472183756529193,98.23898479448819
13844,361.62,1,196,2011-11-28 13:21:00,2011-11-28 13:21:00,0.002044730456287932,98.24102952494448
18119,361.4,1,248,2010-12-07 11:59:00,2010-12-07 11:59:00,0.0020434864966054384,98.24307301144108
16305,361.21999999999997,1,256,2011-07-24 12:18:00,2011-07-24 12:18:00,0.002042468711410671,98.24511548015249
16448,361.12,2,176,2010-08-25 16:58:00,2011-05-25 16:28:00,0.0020419032751913557,98.24715738342768
13274,360.85,1,199,2010-10-26 13:48:00,2010-10-26 13:48:00,0.0020403765973992043,98.24919776002507
18091,360.85,1,539,2010-04-25 13:18:00,2010-04-25 13:18:00,0.0020403765973992043,98.25123813662246
17772,360.75,3,113,2010-11-12 11:31:00,2011-11-29 11:05:00,0.0020398111611798888,98.25327794778364
17012,360.61,1,251,2009-12-14 17:34:00,2009-12-14 17:34:00,0.002039019550472848,98.25531696733411
17945,360.35,3,244,2010-01-12 11:33:00,2010-01-12 11:40:00,0.002037549416302628,98.25735451675041
18208,360.08,1,82,2010-05-23 11:54:00,2010-05-23 11:54:00,0.0020360227385104765,98.25939053948892
13298,360.0,1,96,2011-12-08 13:11:00,2011-12-08 13:11:00,0.002035570389535024,98.26142610987846
15008,360.0,2,1500,2010-03-12 11:13:00,2010-08-16 13:09:00,0.002035570389535024,98.263461680268
13181,359.69,1,171,2010-11-23 15:05:00,2010-11-23 15:05:00,0.002033817537255147,98.26549549780525
14926,359.4,2,204,2010-04-20 09:59:00,2010-11-23 07:13:00,0.0020321777722191324,98.26752767557747
14919,359.35,1,129,2010-06-18 13:06:00,2010-06-18 13:06:00,0.002031895054109475,98.26955957063157
15120,358.82,1,296,2011-07-29 09:48:00,2011-07-29 09:48:00,0.002028898242147104,98.27158846887372
17948,358.56000000000006,1,144,2011-07-15 12:58:00,2011-07-15 12:58:00,0.0020274281079768843,98.2736158969817
16856,358.49,3,171,2010-09-23 13:11:00,2011-11-25 08:59:00,0.0020270323026233637,98.27564292928432
17748,358.15,1,111,2010-06-30 13:49:00,2010-06-30 13:49:00,0.0020251098194776916,98.2776680391038
13228,358.0,1,200,2011-09-19 14:28:00,2011-09-19 14:28:00,0.002024261665148719,98.27969230076896
16606,357.66,2,148,2010-10-01 13:21:00,2010-10-31 13:57:00,0.002022339182003047,98.28171463995096
15595,357.6,1,144,2010-08-09 12:27:00,2010-08-09 12:27:00,0.0020219999202714576,98.28373663987124
12495,357.4,1,130,2010-03-09 10:53:00,2010-03-09 10:53:00,0.002020869047832827,98.28575750891908
16971,357.21,1,72,2011-11-01 15:06:00,2011-11-01 15:06:00,0.002019794719016128,98.2877773036381
18040,357.20000000000005,2,148,2011-04-08 08:27:00,2011-11-20 14:20:00,0.0020197381753941967,98.28979704181349
18273,357.0,4,140,2010-04-28 12:24:00,2011-12-07 13:16:00,0.002018607302955566,98.29181564911644
14500,356.85,3,117,2011-06-03 10:08:00,2011-09-12 16:45:00,0.002017759148626593,98.29383340826507
17200,356.71,4,367,2010-02-25 13:23:00,2010-11-17 13:04:00,0.0020169675379195515,98.295850375803
15840,355.56,2,396,2011-06-20 11:42:00,2011-10-12 09:08:00,0.0020104650213974254,98.2978608408244
12996,355.5,1,122,2010-11-29 09:27:00,2010-11-29 09:27:00,0.0020101257596658365,98.29987096658407
16920,355.45,1,81,2010-10-24 14:07:00,2010-10-24 14:07:00,0.0020098430415561785,98.30188080962563
15863,355.1,5,162,2009-12-17 10:20:00,2011-11-14 12:49:00,0.0020078640147885756,98.30388867364042
14268,354.85,1,147,2010-08-26 10:45:00,2010-08-26 10:45:00,0.0020064504242402873,98.30589512406466
15986,354.42,2,368,2010-11-23 10:02:00,2011-11-09 15:17:00,0.0020040190484972315,98.30789914311316
12888,354.12,2,76,2011-03-29 14:31:00,2011-05-09 16:02:00,0.0020023227398392857,98.309901465853
12845,354.09,4,204,2011-02-22 14:10:00,2011-03-17 13:34:00,0.002002153108973491,98.31190361896198
16323,353.66,2,146,2010-05-11 09:48:00,2011-05-27 14:48:00,0.0019997217332304354,98.3139033406952
18003,353.51,1,297,2010-11-28 15:09:00,2010-11-28 15:09:00,0.0019988735789014623,98.3159022142741
13210,353.48,1,316,2011-09-07 08:18:00,2011-09-07 08:18:00,0.001998703948035668,98.31790091822214
13343,353.43,1,135,2011-06-15 12:24:00,2011-06-15 12:24:00,0.0019984212299260103,98.31989933945206
14804,353.27,1,121,2011-12-01 11:20:00,2011-12-01 11:20:00,0.001997516531975106,98.32189685598404
16382,353.1,2,167,2010-06-07 12:42:00,2010-10-27 16:23:00,0.00199655529040227,98.32389341127444
16690,353.03,4,209,2010-09-14 15:00:00,2011-09-28 15:02:00,0.001996159485048749,98.32588957075949
12617,352.98,1,210,2011-11-10 14:39:00,2011-11-10 14:39:00,0.0019958767669390914,98.32788544752643
13765,352.821,1,297,2010-02-24 13:46:00,2010-02-24 13:46:00,0.0019949777233503802,98.32988042524978
16857,352.8,1,168,2010-09-23 10:49:00,2010-09-23 10:49:00,0.001994858981744324,98.33187528423153
12566,351.65,1,265,2011-09-14 14:30:00,2011-09-14 14:30:00,0.0019883564652221977,98.33386364069675
16192,351.3,1,208,2009-12-04 12:28:00,2009-12-04 12:28:00,0.0019863774384545944,98.3358500181352
13923,351.13,1,185,2011-10-17 12:33:00,2011-10-17 12:33:00,0.0019854161968817586,98.33783543433209
14252,350.99,1,111,2010-11-23 13:36:00,2010-11-23 13:36:00,0.001984624586174717,98.33982005891826
13332,350.9,1,179,2011-11-25 13:30:00,2011-11-25 13:30:00,0.001984115693577333,98.34180417461184
13281,350.85,1,201,2010-09-26 16:03:00,2010-09-26 16:03:00,0.001983832975467676,98.3437880075873
15334,350.82,3,273,2011-06-19 13:51:00,2011-07-06 11:22:00,0.001983663344601881,98.34577167093191
16476,350.35,1,187,2010-10-04 10:29:00,2010-10-04 10:29:00,0.0019810057943710994,98.34775267672629
12532,349.83000000000004,1,153,2011-11-09 13:47:00,2011-11-09 13:47:00,0.0019780655260306598,98.34973074225232
13670,349.7,1,282,2011-09-25 15:25:00,2011-09-25 15:25:00,0.00197733045894555,98.35170807271126
13887,349.55,1,147,2011-05-19 17:22:00,2011-05-19 17:22:00,0.001976482304616577,98.35368455501587
18250,349.27,1,199,2011-02-02 13:16:00,2011-02-02 13:16:00,0.0019748990832024944,98.35565945409908
14545,349.25,1,236,2010-02-03 15:23:00,2010-02-03 15:23:00,0.0019747859959586313,98.35763424009504
17252,348.91,2,192,2011-06-06 16:41:00,2011-08-15 09:45:00,0.0019728635128129597,98.35960710360786
13790,348.8,1,748,2011-12-05 15:48:00,2011-12-05 15:48:00,0.0019722415329717128,98.36157934514083
17577,348.75,2,179,2010-02-09 10:10:00,2010-03-04 13:01:00,0.001971958814862055,98.36355130395569
15282,348.59,1,395,2010-05-18 16:27:00,2010-05-18 16:27:00,0.0019710541169111503,98.3655223580726
16263,348.16,1,197,2010-10-12 14:52:00,2010-10-12 14:52:00,0.001968622741168095,98.36749098081377
12760,347.8,1,198,2010-09-10 08:50:00,2010-09-10 08:50:00,0.00196658717077856,98.36945756798455
17668,347.75,2,93,2011-11-01 14:45:00,2011-12-08 13:25:00,0.001966304452668902,98.37142387243722
15085,347.54,1,169,2009-12-10 11:47:00,2009-12-10 11:47:00,0.00196511703660834,98.37338898947382
12441,347.1,1,242,2010-12-08 10:45:00,2010-12-08 10:45:00,0.0019626291172433526,98.37535161859107
13062,346.98,1,343,2011-06-01 15:12:00,2011-06-01 15:12:00,0.0019619505937801744,98.37731356918485
12411,346.9,1,138,2010-10-26 09:25:00,2010-10-26 09:25:00,0.001961498244804722,98.37927506742966
17780,346.56,3,156,2010-01-24 11:21:00,2010-02-10 13:43:00,0.00195957576165905,98.38123464319132
13234,346.5,2,159,2009-12-07 12:32:00,2010-02-05 11:41:00,0.0019592364999274606,98.38319387969125
16423,346.12,1,230,2011-11-15 09:21:00,2011-11-15 09:21:00,0.0019570878422940628,98.38515096753355
15781,345.46,3,180,2011-02-07 09:15:00,2011-11-14 14:57:00,0.001953355963246582,98.3871043234968
13774,345.0,1,192,2011-09-19 12:06:00,2011-09-19 12:06:00,0.0019507549566377316,98.38905507845344
14633,344.90000000000003,1,96,2011-03-18 17:07:00,2011-03-18 17:07:00,0.0019501895204184167,98.39100526797385
18199,344.75,1,99,2010-01-25 11:32:00,2010-01-25 11:32:00,0.0019493413660894433,98.39295460933994
15519,344.61,2,116,2010-09-19 13:57:00,2010-11-21 14:35:00,0.0019485497553824022,98.39490315909532
17569,344.14,1,159,2011-01-11 14:15:00,2011-01-11 14:15:00,0.00194589220515162,98.39684905130048
13068,344.0,2,200,2011-01-24 08:20:00,2011-11-29 15:00:00,0.001945100594444579,98.39879415189492
16990,344.0,2,200,2010-10-13 11:42:00,2011-05-05 08:30:00,0.001945100594444579,98.40073925248936
15047,343.62,1,222,2011-03-15 10:49:00,2011-03-15 10:49:00,0.0019429519368111808,98.40268220442617
15520,343.5,1,314,2011-12-08 10:58:00,2011-12-08 10:58:00,0.0019422734133480025,98.40462447783952
18081,343.45,3,195,2011-07-29 11:56:00,2011-11-03 16:30:00,0.0019419906952383445,98.40656646853476
12715,343.36,1,192,2011-08-25 15:22:00,2011-08-25 15:22:00,0.0019414818026409612,98.40850795033741
13519,343.21,2,133,2010-09-23 11:45:00,2011-09-22 18:24:00,0.0019406336483119878,98.41044858398573
17795,342.83,2,305,2011-03-20 12:02:00,2011-06-13 12:36:00,0.0019384849906785898,98.4123870689764
13550,342.55,1,430,2010-11-21 15:24:00,2010-11-21 15:24:00,0.0019369017692645071,98.41432397074567
16851,342.45,3,271,2011-10-19 09:48:00,2011-12-05 13:32:00,0.0019363363330451918,98.41626030707872
14989,342.4,1,200,2010-02-16 10:40:00,2010-02-16 10:40:00,0.0019360536149355342,98.41819636069366
17835,342.24,3,344,2011-11-16 16:30:00,2011-12-07 11:48:00,0.0019351489169846298,98.42013150961064
17660,342.22,2,259,2009-12-02 16:02:00,2011-07-21 13:37:00,0.0019350358297407669,98.42206654544039
14724,341.9,1,184,2010-04-28 13:26:00,2010-04-28 13:26:00,0.0019332264338389577,98.42399977187422
16826,341.7,1,158,2011-10-19 14:05:00,2011-10-19 14:05:00,0.001932095561400327,98.42593186743562
16585,341.59,2,151,2010-01-13 13:31:00,2010-04-25 10:34:00,0.0019314735815590801,98.42786334101719
13347,341.36,1,205,2011-09-30 13:28:00,2011-09-30 13:28:00,0.0019301730782546554,98.42979351409544
13187,341.36,4,296,2010-03-25 17:18:00,2011-01-06 18:57:00,0.0019301730782546554,98.43172368717369
17928,341.24,3,222,2010-05-17 15:30:00,2011-10-25 13:52:00,0.0019294945547914768,98.43365318172847
16259,340.94,3,143,2010-04-13 16:57:00,2010-10-25 14:27:00,0.001927798246133531,98.4355809799746
17542,340.85,3,323,2010-03-08 12:08:00,2011-03-15 11:45:00,0.0019272893535361476,98.43750826932813
16044,340.84000000000003,1,170,2010-09-30 18:12:00,2010-09-30 18:12:00,0.0019272328099142158,98.43943550213805
15818,340.5,1,284,2010-04-30 12:58:00,2010-04-30 12:58:00,0.0019253103267685438,98.44136081246482
12900,340.33,1,139,2010-10-13 15:17:00,2010-10-13 15:17:00,0.0019243490851957078,98.44328516155002
12698,339.75,1,111,2010-04-28 15:51:00,2010-04-28 15:51:00,0.0019210695551236793,98.44520623110515
13737,339.59999999999997,1,125,2011-05-23 16:32:00,2011-05-23 16:32:00,0.0019202214007947062,98.44712645250594
14203,339.34,1,80,2010-11-07 13:35:00,2010-11-07 13:35:00,0.0019187512666244862,98.44904520377257
17697,338.95,1,93,2011-04-17 15:40:00,2011-04-17 15:40:00,0.0019165460653691566,98.45096174983794
14630,338.65,1,111,2010-08-12 16:38:00,2010-08-12 16:38:00,0.001914849756711211,98.45287659959466
17833,338.46000000000004,1,143,2009-12-16 13:40:00,2009-12-16 13:40:00,0.0019137754278945123,98.45479037502255
14799,338.15,2,495,2009-12-02 11:18:00,2011-10-19 16:16:00,0.0019120225756146345,98.45670239759816
17296,338.13,1,216,2009-12-09 14:01:00,2009-12-09 14:01:00,0.0019119094883707716,98.45861430708653
12869,337.66999999999996,1,144,2010-01-27 12:10:00,2010-01-27 12:10:00,0.0019093084817619211,98.46052361556829
15942,337.44,1,232,2011-07-29 09:01:00,2011-07-29 09:01:00,0.001908007978457496,98.46243162354675
12780,337.4,1,285,2010-04-20 09:40:00,2010-04-20 09:40:00,0.0019077818039697698,98.46433940535071
13930,337.34,2,274,2011-07-26 11:00:00,2011-10-13 09:45:00,0.0019074425422381809,98.46624684789295
18269,337.2,1,152,2010-12-08 13:53:00,2010-12-08 13:53:00,0.0019066509315311395,98.46815349882448
17973,337.04,1,176,2011-10-19 10:34:00,2011-10-19 10:34:00,0.001905746233580235,98.47005924505805
17488,336.5,1,136,2010-03-08 14:07:00,2010-03-08 14:07:00,0.0019026928779959323,98.47196193793604
15619,336.40000000000003,1,136,2011-11-29 08:14:00,2011-11-29 08:14:00,0.0019021274417766172,98.47386406537782
13482,336.09,2,187,2010-03-22 10:31:00,2011-04-21 17:03:00,0.0019003745894967399,98.47576443996732
17967,335.69,2,184,2010-10-19 13:19:00,2010-12-03 11:19:00,0.0018981128446194785,98.47766255281194
14196,335.52,1,142,2011-08-25 10:25:00,2011-08-25 10:25:00,0.0018971516030466427,98.47955970441498
16063,335.32,1,262,2011-03-24 14:55:00,2011-03-24 14:56:00,0.001896020730608012,98.4814557251456
17917,335.03,3,184,2010-12-12 12:08:00,2011-10-25 13:20:00,0.0018943809655719976,98.48335010611116
12489,334.93,1,105,2011-01-07 13:13:00,2011-01-07 13:13:00,0.0018938155293526824,98.48524392164052
17821,334.62,1,162,2010-10-29 13:20:00,2010-10-29 13:20:00,0.0018920626770728053,98.48713598431759
12350,334.4,1,197,2011-02-02 16:01:00,2011-02-02 16:01:00,0.0018908187173903113,98.48902680303497
17607,333.81,1,269,2010-11-28 13:11:00,2010-11-28 13:11:00,0.0018874826436963514,98.49091428567867
13216,333.74,1,297,2011-03-17 12:18:00,2011-03-17 12:18:00,0.0018870868383428308,98.49280137251701
14241,333.70000000000005,2,242,2010-01-12 15:11:00,2011-06-09 11:46:00,0.0018868606638551048,98.49468823318087
16234,333.18,3,170,2010-05-27 10:39:00,2010-08-20 14:33:00,0.001883920395514665,98.49657215357638
16006,332.82,2,205,2010-11-17 12:03:00,2011-05-12 13:12:00,0.0018818848251251298,98.4984540384015
14137,332.7,1,462,2010-01-13 12:30:00,2010-01-13 12:30:00,0.0018812063016619516,98.50033524470317
13904,332.64,2,332,2011-02-18 11:18:00,2011-11-02 13:41:00,0.0018808670399303622,98.5022161117431
16850,332.41,1,249,2011-01-10 11:09:00,2011-01-10 11:09:00,0.0018795665366259375,98.50409567827973
16803,332.3,1,245,2011-10-05 14:28:00,2011-10-05 14:28:00,0.0018789445567846906,98.5059746228365
16452,332.17,2,199,2010-01-15 12:22:00,2010-03-19 12:39:00,0.0018782094896995806,98.50785283232621
17647,331.65999999999997,3,82,2010-02-08 14:39:00,2011-10-05 15:38:00,0.0018753257649810726,98.50972815809119
15512,331.58,4,235,2010-02-01 13:23:00,2011-07-07 10:20:00,0.0018748734160056206,98.51160303150719
17435,331.35,1,195,2010-10-24 13:55:00,2010-10-24 13:55:00,0.0018735729127011954,98.51347660441989
16030,331.24,1,283,2011-02-03 11:28:00,2011-02-03 11:28:00,0.0018729509328599485,98.51534955535276
13981,331.14,1,234,2010-10-20 10:03:00,2010-10-20 10:03:00,0.001872385496640633,98.5172219408494
16478,331.0,3,224,2011-10-05 12:02:00,2011-11-14 15:51:00,0.0018715938859335916,98.51909353473533
15878,330.77,2,243,2009-12-06 12:28:00,2010-05-27 12:17:00,0.0018702933826291665,98.52096382811796
17776,330.56,2,273,2009-12-16 14:59:00,2010-11-18 12:14:00,0.0018691059665686045,98.52283293408452
14517,330.45,2,91,2011-07-21 11:42:00,2011-11-06 14:20:00,0.0018684839867273576,98.52470141807125
12807,330.35,1,145,2010-11-21 14:21:00,2010-11-21 14:21:00,0.0018679185505080425,98.52656933662175
13010,330.12,2,323,2010-03-01 11:28:00,2010-11-30 15:09:00,0.0018666180472036173,98.52843595466895
15130,330.11,1,197,2011-06-23 10:15:00,2011-06-23 10:15:00,0.001866561503581686,98.53030251617253
12850,330.0,1,200,2010-09-20 12:26:00,2010-09-20 12:26:00,0.0018659395237404389,98.53216845569627
18186,329.58,1,338,2009-12-17 10:22:00,2009-12-17 10:22:00,0.0018635646916193148,98.53403202038788
17518,329.42,2,267,2010-03-28 13:31:00,2010-10-10 12:40:00,0.0018626599936684104,98.53589468038155
17914,329.36,1,457,2011-12-06 11:58:00,2011-12-06 11:58:00,0.0018623207319368213,98.53775700111348
17154,329.34,1,490,2011-09-25 13:42:00,2011-09-25 13:42:00,0.001862207644692958,98.53961920875817
15153,329.25,1,198,2011-11-08 17:09:00,2011-11-08 17:09:00,0.0018616987520955741,98.54148090751026
15979,329.22,1,450,2010-04-16 11:35:00,2010-04-16 11:35:00,0.00186152912122978,98.54334243663149
16286,328.95,2,101,2010-03-26 09:58:00,2010-08-19 14:48:00,0.0018600024434376283,98.54520243907493
14012,328.8,1,160,2011-03-07 12:26:00,2011-03-07 12:26:00,0.0018591542891086557,98.54706159336403
16855,328.4,2,164,2011-10-27 16:31:00,2011-11-16 12:03:00,0.0018568925442313943,98.54891848590826
15213,328.35,2,272,2011-01-14 11:05:00,2011-01-25 12:21:00,0.0018566098261217367,98.55077509573438
14747,328.2,1,84,2011-04-04 14:09:00,2011-04-04 14:09:00,0.0018557616717927636,98.55263085740617
16318,328.15,1,199,2011-11-04 13:05:00,2011-11-04 13:05:00,0.001855478953683106,98.55448633635986
15709,327.85,2,169,2010-04-29 18:31:00,2011-03-01 10:38:00,0.0018537826450251602,98.55634011900489
17196,327.75,1,154,2010-10-08 11:31:00,2010-10-08 11:31:00,0.0018532172088058451,98.55819333621369
15735,327.68,1,206,2010-10-14 13:38:00,2010-10-14 13:38:00,0.0018528214034523244,98.56004615761714
13498,327.38,1,362,2009-12-09 15:26:00,2009-12-09 15:26:00,0.0018511250947943784,98.56189728271193
16322,326.75,2,231,2011-11-03 14:33:00,2011-12-08 15:41:00,0.0018475628466126924,98.56374484555853
12460,326.65,1,170,2010-09-09 13:51:00,2010-09-09 13:51:00,0.0018469974103933768,98.56559184296893
13646,326.25,2,79,2010-11-05 12:00:00,2010-11-05 12:13:00,0.0018447356655161159,98.56743657863444
18047,326.09,2,130,2010-11-23 12:57:00,2010-11-23 13:11:00,0.0018438309675652112,98.569280409602
17439,325.74,1,370,2010-02-22 12:48:00,2010-02-22 12:48:00,0.0018418519407976078,98.5711222615428
12804,325.37,2,270,2010-07-27 13:52:00,2010-08-31 11:58:00,0.0018397598267861413,98.57296202136958
13661,325.24,1,118,2010-04-15 14:58:00,2010-04-15 14:58:00,0.0018390247597010313,98.57480104612928
15670,325.2,2,132,2010-06-01 15:34:00,2011-02-16 10:50:00,0.0018387985852133051,98.57663984471449
13801,324.8,1,168,2011-10-04 10:15:00,2011-10-04 10:15:00,0.0018365368403360442,98.57847638155482
15982,324.51,1,131,2010-04-13 15:47:00,2010-04-13 15:47:00,0.0018348970753000297,98.58031127863012
12946,324.45,1,149,2010-09-29 10:14:00,2010-09-29 10:14:00,0.0018345578135684404,98.58214583644369
18261,324.24,2,146,2011-09-05 09:34:00,2011-10-27 15:36:00,0.0018333703975078788,98.58397920684119
16685,324.24,2,396,2011-10-09 13:44:00,2011-10-09 13:58:00,0.0018333703975078788,98.5858125772387
13834,324.19,2,221,2010-02-08 12:52:00,2010-05-12 10:27:00,0.0018330876793982208,98.5876456649181
17440,323.58,4,282,2010-06-08 14:40:00,2011-07-06 11:54:00,0.0018296385184603976,98.58947530343656
13025,323.39,1,241,2009-12-08 10:02:00,2009-12-08 10:02:00,0.0018285641896436987,98.5913038676262
16195,323.25,1,123,2009-12-16 14:09:00,2009-12-16 14:09:00,0.0018277725789366574,98.59313164020513
14263,322.93,1,171,2010-10-12 14:09:00,2010-10-12 14:09:00,0.0018259631830348485,98.59495760338817
16627,322.8,1,162,2011-09-21 14:38:00,2011-09-21 14:38:00,0.0018252281159497384,98.59678283150411
14832,322.69,1,1,2010-03-19 15:14:00,2010-03-19 15:14:00,0.0018246061361084915,98.59860743764023
16342,322.41,4,157,2011-06-13 10:10:00,2011-09-25 14:36:00,0.0018230229146944089,98.60043046055492
14424,322.08,1,48,2011-11-22 11:48:00,2011-11-22 11:48:00,0.0018211569751706682,98.60225161753009
15726,321.91,1,123,2010-11-14 16:12:00,2010-11-14 16:12:00,0.0018201957335978324,98.60407181326369
18090,321.9,1,307,2010-10-14 12:32:00,2010-10-14 12:32:00,0.0018201391899759006,98.60589195245366
13111,321.88000000000005,1,180,2009-12-21 09:00:00,2009-12-21 09:00:00,0.0018200261027320383,98.6077119785564
17471,321.65000000000003,1,153,2010-08-22 11:53:00,2010-08-22 11:53:00,0.0018187255994276128,98.60953070415582
14070,321.6,1,85,2010-01-24 12:27:00,2010-01-24 12:27:00,0.0018184428813179552,98.61134914703713
15770,321.45,1,67,2010-04-06 11:47:00,2010-04-06 11:47:00,0.001817594726988982,98.61316674176412
14823,321.43,3,88,2011-05-29 12:48:00,2011-06-12 13:12:00,0.001817481639745119,98.61498422340387
17182,321.3,2,54,2009-12-21 15:22:00,2010-10-13 10:09:00,0.0018167465726600092,98.61680096997652
15869,321.11,3,273,2010-03-23 16:50:00,2011-03-07 17:23:00,0.0018156722438433103,98.61861664222036
15236,321.05,1,269,2011-02-14 10:52:00,2011-02-14 10:52:00,0.001815332982111721,98.62043197520246
15432,320.76,2,92,2010-06-16 14:34:00,2011-11-16 16:30:00,0.0018136932170757065,98.62224566841954
14622,320.58000000000004,1,146,2011-06-08 12:42:00,2011-06-08 12:42:00,0.0018126754318809394,98.62405834385142
13986,320.46,1,430,2011-11-22 15:00:00,2011-11-22 15:00:00,0.0018119969084177607,98.62587034075983
17843,320.4,2,251,2010-10-24 10:56:00,2011-02-09 15:33:00,0.0018116576466861713,98.62768199840652
17309,320.39,3,181,2010-02-04 15:49:00,2011-09-05 15:20:00,0.00181160110306424,98.62949359950959
16683,320.25,1,190,2010-06-24 10:36:00,2010-06-24 10:36:00,0.0018108094923571987,98.63130440900194
13942,320.0,1,1000,2010-06-23 12:35:00,2010-06-23 12:35:00,0.0018093959018089104,98.63311380490376
13843,319.75,1,145,2010-11-23 17:48:00,2010-11-23 17:48:00,0.0018079823112606222,98.63492178721502
16436,319.14,3,227,2009-12-06 16:02:00,2010-02-09 13:19:00,0.001804533150322799,98.63672632036534
16967,319.02,1,333,2011-06-03 14:24:00,2011-06-03 14:24:00,0.0018038546268596208,98.6385301749922
17229,318.76,2,185,2011-07-20 12:38:00,2011-09-04 13:56:00,0.0018023844926894008,98.64033255948489
16273,318.34000000000003,2,40,2010-02-21 16:02:00,2010-03-01 13:24:00,0.0018000096605682771,98.64213256914546
15682,318.24,2,222,2010-01-21 14:37:00,2010-04-19 15:30:00,0.0017994442243489616,98.6439320133698
14703,318.17,1,183,2011-11-25 09:23:00,2011-11-25 09:23:00,0.001799048418995441,98.64573106178881
17839,318.15,1,257,2011-10-28 17:27:00,2011-10-28 17:27:00,0.0017989353317515774,98.64752999712056
18253,317.88,1,128,2010-03-07 12:38:00,2010-03-07 12:38:00,0.0017974086539594264,98.64932740577451
17267,317.2,2,158,2011-08-04 17:19:00,2011-08-04 17:22:00,0.0017935636876680824,98.65112096946218
15616,317.11,1,137,2010-09-27 13:10:00,2010-09-27 13:10:00,0.0017930547950706988,98.65291402425726
17689,317.08,2,300,2010-08-22 13:54:00,2010-11-16 13:22:00,0.0017928851642049042,98.65470690942146
16761,316.62,1,341,2011-09-04 11:15:00,2011-09-04 11:15:00,0.001790284157596054,98.65649719357906
15204,316.58,1,258,2010-12-17 13:49:00,2010-12-17 13:49:00,0.0017900579831083279,98.65828725156217
12529,316.48,1,192,2010-06-29 13:10:00,2010-06-29 13:10:00,0.0017894925468890128,98.66007674410906
13494,316.26000000000005,1,162,2011-02-01 11:58:00,2011-02-01 11:58:00,0.0017882485872065192,98.66186499269627
17408,316.09000000000003,3,163,2010-07-13 14:02:00,2011-06-29 12:53:00,0.0017872873456336832,98.6636522800419
18117,315.65,1,605,2011-11-14 12:47:00,2011-11-14 12:47:00,0.0017847994262686956,98.66543707946818
12614,315.6,1,76,2011-03-07 10:22:00,2011-03-07 10:22:00,0.001784516708159038,98.66722159617633
15042,315.45,2,238,2010-04-23 14:01:00,2011-05-24 16:25:00,0.001783668553830065,98.66900526473016
16091,315.06,2,154,2011-05-25 09:18:00,2011-07-08 08:45:00,0.0017814633525747355,98.67078672808273
17121,314.74,1,106,2010-11-02 11:47:00,2010-11-02 11:47:00,0.0017796539566729266,98.6725663820394
14991,314.67,1,191,2010-10-05 13:01:00,2010-10-05 13:01:00,0.001779258151319406,98.67434564019072
18206,314.65999999999997,1,246,2010-06-04 13:47:00,2010-06-04 13:47:00,0.0017792016076974742,98.67612484179843
12650,314.44,1,254,2011-12-06 16:34:00,2011-12-06 16:34:00,0.0017779576480149808,98.67790279944644
18070,314.1,1,86,2010-02-08 13:28:00,2010-02-08 13:28:00,0.0017760351648693088,98.67967883461131
15873,313.91999999999996,4,1152,2010-07-27 11:58:00,2010-07-28 12:41:00,0.0017750173796745408,98.68145385199098
15196,313.7,2,130,2009-12-13 11:14:00,2010-10-03 10:50:00,0.0017737734199920474,98.68322762541098
13087,313.64,1,86,2009-12-13 15:16:00,2009-12-13 15:16:00,0.001773434158260458,98.68500105956925
16582,313.62,1,164,2011-08-18 17:02:00,2011-08-18 17:02:00,0.0017733210710165954,98.68677438064026
12665,313.6,3,165,2010-02-08 15:11:00,2011-01-19 08:34:00,0.0017732079837727323,98.68854758862403
13845,312.98,1,182,2011-10-06 08:25:00,2011-10-06 08:25:00,0.0017697022792129776,98.69031729090325
15162,312.9,1,74,2009-12-08 13:14:00,2009-12-08 13:14:00,0.0017692499302375253,98.69208654083349
13905,312.65,1,135,2009-12-07 11:41:00,2009-12-07 11:41:00,0.001767836339689237,98.69385437717318
15318,312.62,1,642,2011-12-06 11:30:00,2011-12-06 11:30:00,0.0017676667088234426,98.69562204388201
13226,312.46,2,179,2010-11-11 13:46:00,2011-03-11 14:35:00,0.0017667620108725377,98.69738880589288
12834,312.38,1,110,2011-03-02 09:49:00,2011-03-02 09:49:00,0.0017663096618970857,98.69915511555479
17326,312.35,2,136,2010-06-28 14:05:00,2010-10-27 15:38:00,0.0017661400310312913,98.70092125558583
14094,311.77,1,158,2010-09-26 11:58:00,2010-09-26 11:58:00,0.0017628605009592623,98.70268411608679
14951,311.69,1,311,2011-09-21 15:15:00,2011-09-21 15:15:00,0.0017624081519838103,98.70444652423878
12852,311.55,1,149,2011-02-18 08:47:00,2011-02-18 08:47:00,0.001761616541276769,98.70620814078005
13990,311.3,1,190,2011-05-10 15:19:00,2011-05-10 15:19:00,0.0017602029507284807,98.70796834373078
15724,310.85,3,117,2010-11-04 10:22:00,2011-05-22 14:40:00,0.001757658487741562,98.70972600221853
13400,310.83,1,284,2010-05-06 09:00:00,2010-05-06 09:00:00,0.001757545400497699,98.71148354761903
16328,310.83,1,141,2010-05-25 14:02:00,2010-05-25 14:02:00,0.001757545400497699,98.71324109301952
13847,310.72,1,96,2009-12-20 10:41:00,2009-12-20 10:41:00,0.0017569234206564522,98.71499801644018
16439,310.70000000000005,1,74,2009-12-17 14:22:00,2009-12-17 14:22:00,0.0017568103334125891,98.7167548267736
12738,310.7,1,296,2010-12-02 18:27:00,2010-12-02 18:27:00,0.001756810333412589,98.71851163710701
15185,310.62,1,666,2011-09-30 14:06:00,2011-09-30 14:06:00,0.001756357984437137,98.72026799509145
14848,310.56,1,260,2010-10-31 12:22:00,2010-10-31 12:22:00,0.0017560187227055476,98.72202401381415
15308,310.47,1,175,2011-03-10 13:08:00,2011-03-10 13:08:00,0.001755509830108164,98.72377952364425
15188,310.43,1,233,2009-12-14 13:30:00,2009-12-14 13:30:00,0.001755283655620438,98.72553480729988
13315,310.26,1,232,2010-01-19 15:34:00,2010-01-19 15:34:00,0.0017543224140476018,98.72728912971392
14749,310.15,1,403,2010-08-17 12:36:00,2010-08-17 12:36:00,0.0017537004342063549,98.72904283014813
13628,310.14,1,106,2010-02-01 14:44:00,2010-02-01 14:44:00,0.0017536438905844235,98.73079647403871
15699,309.65,1,113,2011-11-22 08:26:00,2011-11-22 08:26:00,0.0017508732531097784,98.73254734729183
16373,309.49,2,119,2010-10-24 13:10:00,2010-11-22 15:50:00,0.0017499685551588743,98.73429731584699
12884,309.05,1,43,2011-09-12 13:10:00,2011-09-12 13:10:00,0.0017474806357938868,98.73604479648279
15010,308.94,1,184,2011-11-04 12:42:00,2011-11-04 12:42:00,0.0017468586559526399,98.73779165513874
16956,308.74,1,114,2011-11-22 08:56:00,2011-11-22 08:56:00,0.0017457277835140096,98.73953738292225
16194,308.59999999999997,1,140,2010-11-29 13:28:00,2010-11-29 13:28:00,0.001744936172806968,98.74128231909506
14181,308.35,2,120,2010-05-26 12:32:00,2010-10-25 08:27:00,0.00174352258225868,98.74302584167732
14927,308.2,1,196,2010-11-08 12:30:00,2010-11-08 12:30:00,0.0017426744279297067,98.74476851610525
15302,308.0,1,102,2009-12-09 13:11:00,2009-12-09 13:11:00,0.0017415435554910764,98.74651005966075
13289,307.95,1,119,2009-12-16 11:53:00,2009-12-16 11:53:00,0.0017412608373814189,98.74825132049813
15778,307.95,1,101,2010-10-04 15:10:00,2010-10-04 15:10:00,0.0017412608373814189,98.7499925813355
16123,307.78,1,170,2011-10-19 09:18:00,2011-10-19 09:18:00,0.0017402995958085826,98.75173288093131
13529,307.76,2,74,2011-05-19 11:50:00,2011-09-22 09:15:00,0.0017401865085647195,98.75347306743988
14777,307.56,1,212,2010-11-01 12:50:00,2010-11-01 12:50:00,0.0017390556361260893,98.755212123076
13060,307.53,1,123,2011-03-31 11:37:00,2011-03-31 11:37:00,0.0017388860052602944,98.75695100908126
17120,307.46,1,120,2011-04-20 15:21:00,2011-04-20 15:21:00,0.0017384901999067737,98.75868949928118
13932,307.4,1,72,2011-02-18 12:02:00,2011-02-18 12:02:00,0.0017381509381751844,98.76042765021936
15374,307.32,2,290,2010-03-25 12:03:00,2011-08-03 09:59:00,0.0017376985891997324,98.76216534880855
14783,307.3,1,262,2010-02-18 16:16:00,2010-02-18 16:16:00,0.0017375855019558693,98.76390293431051
17721,307.21000000000004,1,107,2010-02-18 15:18:00,2010-02-18 15:18:00,0.001737076609358486,98.76564001091987
13036,307.1,1,38,2010-01-24 11:35:00,2010-01-24 11:35:00,0.001736454629517239,98.76737646554939
13142,307.09,1,258,2011-11-20 16:07:00,2011-11-20 16:07:00,0.001736398085895307,98.76911286363529
15087,306.94,1,470,2011-03-03 10:34:00,2011-03-03 10:34:00,0.0017355499315663341,98.77084841356685
13660,306.64,1,136,2010-11-04 16:10:00,2010-11-04 16:10:00,0.0017338536229083885,98.77258226718976
16649,306.58000000000004,1,82,2010-07-07 15:41:00,2010-07-07 15:41:00,0.0017335143611767994,98.77431578155094
13718,306.55,2,173,2011-02-17 11:58:00,2011-04-07 13:24:00,0.0017333447303110048,98.77604912628125
18059,306.46,3,258,2011-10-03 09:30:00,2011-11-16 16:49:00,0.001732835837713621,98.77778196211896
16524,306.19,2,259,2010-01-17 13:16:00,2010-09-19 13:37:00,0.0017313091599214696,98.77951327127889
17077,306.0,1,36,2010-05-10 16:36:00,2010-05-10 16:36:00,0.0017302348311047707,98.78124350610999
15454,305.99,2,146,2010-03-31 13:15:00,2010-12-12 14:21:00,0.0017301782874828394,98.78297368439748
15135,305.68,2,84,2010-06-01 13:33:00,2011-04-14 19:16:00,0.0017284254352029618,98.78470210983268
16796,305.62,1,186,2011-09-11 14:01:00,2011-09-11 14:01:00,0.0017280861734713725,98.78643019600615
16181,305.54,1,152,2011-09-27 13:38:00,2011-09-27 13:38:00,0.0017276338244959204,98.78815782983065
15893,305.28000000000003,1,288,2010-08-15 11:12:00,2010-08-15 11:12:00,0.0017261636903257009,98.78988399352097
13383,305.28000000000003,1,288,2010-06-14 11:45:00,2010-06-14 11:45:00,0.0017261636903257009,98.7916101572113
15163,304.47,2,186,2011-05-31 15:22:00,2011-11-21 13:10:00,0.0017215836569492468,98.79333174086824
18185,304.25,1,183,2011-04-04 13:42:00,2011-04-04 13:42:00,0.0017203396972667532,98.79505208056551
16217,304.25,2,91,2011-03-02 15:28:00,2011-04-18 13:31:00,0.0017203396972667532,98.79677242026278
16674,304.24,2,181,2011-09-02 13:59:00,2011-10-16 11:31:00,0.0017202831536448217,98.79849270341643
17688,304.2,1,114,2010-11-11 10:41:00,2010-11-11 10:41:00,0.0017200569791570957,98.80021276039558
14990,304.17,2,129,2009-12-09 13:31:00,2010-04-06 13:54:00,0.001719887348291301,98.80193264774387
17383,304.09,2,160,2010-09-12 14:54:00,2011-12-05 17:36:00,0.0017194349993158488,98.80365208274318
16489,303.7,2,38,2010-09-29 15:02:00,2010-11-24 14:40:00,0.0017172297980605192,98.80536931254125
14791,303.63,1,127,2010-04-12 10:24:00,2010-04-12 10:24:00,0.0017168339927069985,98.80708614653395
14806,303.43,2,423,2010-09-26 15:50:00,2011-09-25 15:32:00,0.0017157031202683678,98.80880184965422
18255,303.15,2,201,2010-09-09 16:31:00,2011-09-11 13:16:00,0.0017141198988542847,98.81051596955307
16425,302.7,1,199,2011-02-10 14:30:00,2011-02-10 14:30:00,0.0017115754358673662,98.81222754498893
14043,302.6,2,152,2009-12-10 15:56:00,2010-08-05 18:18:00,0.001711009999648051,98.81393855498858
18165,302.46000000000004,1,254,2011-06-15 13:23:00,2011-06-15 13:23:00,0.0017102183889410097,98.81564877337752
17506,302.2,1,139,2011-09-25 11:39:00,2011-09-25 11:39:00,0.00170874825477079,98.81735752163229
15054,302.1,2,198,2011-10-30 14:33:00,2011-11-27 15:02:00,0.0017081828185514746,98.81906570445084
15242,302.04,1,196,2010-10-13 15:33:00,2010-10-13 15:33:00,0.0017078435568198855,98.82077354800765
16297,301.9,1,206,2011-03-16 08:29:00,2011-03-16 08:29:00,0.0017070519461128441,98.82248059995376
13773,301.54,2,174,2010-02-18 10:27:00,2010-11-08 11:49:00,0.001705016375723309,98.82418561632949
15667,301.32,1,240,2011-10-31 10:56:00,2011-10-31 10:56:00,0.0017037724160408152,98.82588938874552
15148,301.29,1,187,2011-11-29 08:21:00,2011-11-29 08:21:00,0.0017036027851750207,98.8275929915307
13625,301.26,1,144,2010-04-22 10:50:00,2010-04-22 10:50:00,0.0017034331543092263,98.829296424685
16437,301.25,2,197,2010-10-06 12:34:00,2010-11-23 16:59:00,0.0017033766106872945,98.83099980129569
12351,300.93,1,261,2010-11-29 15:23:00,2010-11-29 15:23:00,0.0017015672147854856,98.83270136851047
16479,300.83,2,102,2011-11-29 13:04:00,2011-11-29 13:40:00,0.0017010017785661705,98.83440237028904
16050,300.7,3,388,2010-11-03 15:55:00,2011-06-19 11:44:00,0.0017002667114810605,98.83610263700052
17556,300.67,2,184,2010-11-25 17:00:00,2011-05-18 10:48:00,0.001700097080615266,98.83780273408114
17793,300.34,1,226,2011-11-14 14:24:00,2011-11-14 14:24:00,0.0016982311410915255,98.83950096522223
14797,300.31,1,99,2010-07-20 14:07:00,2010-07-20 14:07:00,0.0016980615102257309,98.84119902673245
17991,300.3,3,93,2010-04-27 12:46:00,2011-04-28 15:58:00,0.0016980049666037995,98.84289703169905
17766,299.61,2,155,2010-11-23 14:17:00,2010-11-23 14:29:00,0.0016941034566905241,98.84459113515574
12864,299.57,2,447,2010-07-19 17:22:00,2011-07-24 13:03:00,0.0016938772822027977,98.84628501243795
13346,299.4,6,180,2010-04-22 12:34:00,2010-09-03 11:41:00,0.0016929160406299619,98.84797792847857
17898,299.18,4,251,2010-05-21 17:22:00,2011-09-15 14:56:00,0.001691672080947468,98.84966960055952
13667,299.05,1,149,2011-07-13 15:42:00,2011-07-13 15:42:00,0.0016909370138623585,98.85136053757338
12595,299.02,1,271,2010-07-23 09:10:00,2010-07-23 09:10:00,0.0016907673829965636,98.85305130495638
15609,298.48,1,148,2011-06-08 13:00:00,2011-06-08 13:00:00,0.0016877140274122614,98.85473901898379
17824,298.4,1,408,2011-10-19 14:14:00,2011-10-19 14:14:00,0.001687261678436809,98.85642628066223
12881,298.0,1,21,2011-03-09 11:44:00,2011-03-09 11:44:00,0.001684999933559548,98.85811128059579
18018,297.99,4,186,2010-10-15 11:05:00,2011-08-23 17:37:00,0.0016849433899376164,98.85979622398573
14835,297.0,2,180,2010-04-01 19:34:00,2010-06-29 10:08:00,0.0016793455713663952,98.86147556955709
17627,296.36,1,676,2010-08-18 11:27:00,2010-08-18 11:27:00,0.0016757267795627774,98.86315129633665
13751,296.25,1,152,2011-02-24 15:56:00,2011-02-24 15:56:00,0.0016751047997215305,98.86482640113637
12898,296.21000000000004,2,235,2010-02-18 12:36:00,2010-09-02 08:08:00,0.0016748786252338047,98.86650127976161
13504,295.93,1,178,2011-10-06 13:20:00,2011-10-06 13:20:00,0.0016732954038197216,98.86817457516543
14269,295.73,1,123,2010-09-26 12:53:00,2010-09-26 12:53:00,0.001672164531381091,98.86984673969681
14614,295.13,1,189,2010-11-18 13:04:00,2010-11-18 13:04:00,0.001668771914065199,98.87151551161088
16252,295.09000000000003,1,158,2010-11-22 11:57:00,2010-11-22 11:57:00,0.0016685457395774733,98.87318405735046
16579,295.05,1,119,2010-10-10 11:58:00,2010-10-10 11:58:00,0.001668319565089747,98.87485237691554
17057,294.74,1,129,2010-04-22 19:21:00,2010-04-22 19:21:00,0.0016665667128098695,98.87651894362835
17301,294.39,2,216,2010-03-25 13:16:00,2011-11-18 13:43:00,0.001664587686042266,98.87818353131439
15060,294.25,4,257,2011-11-30 14:03:00,2011-12-01 13:47:00,0.0016637960753352248,98.87984732738973
17124,294.24,1,129,2011-06-07 14:02:00,2011-06-07 14:02:00,0.001663739531713293,98.88151106692143
17927,294.0,1,108,2009-12-18 11:03:00,2009-12-18 11:03:00,0.0016623824847869365,98.88317344940621
15718,293.79,1,95,2010-06-17 16:20:00,2010-06-17 16:20:00,0.0016611950687263745,98.88483464447494
14192,293.74,1,218,2010-11-16 17:44:00,2010-11-16 17:44:00,0.001660912350616717,98.88649555682555
15928,293.53,1,164,2010-02-21 15:16:00,2010-02-21 15:16:00,0.0016597249345561547,98.8881552817601
17710,293.5,1,158,2010-10-12 07:49:00,2010-10-12 07:49:00,0.0016595553036903602,98.8898148370638
17441,293.35,1,245,2009-12-07 13:32:00,2009-12-07 13:32:00,0.0016587071493613873,98.89147354421316
17207,292.62,1,233,2010-02-25 19:08:00,2010-02-25 19:08:00,0.0016545794649603855,98.89312812367811
16721,292.47,1,172,2011-03-22 16:08:00,2011-03-22 16:08:00,0.0016537313106314128,98.89478185498874
16543,292.21,1,317,2010-04-27 11:38:00,2010-04-27 11:38:00,0.0016522611764611928,98.8964341161652
13739,292.2,2,76,2010-06-30 10:25:00,2011-11-21 13:35:00,0.0016522046328392615,98.89808632079803
14985,292.01,2,256,2010-12-16 19:51:00,2011-05-25 14:29:00,0.0016511303040225621,98.89973745110206
13449,291.88,1,222,2011-11-16 08:28:00,2011-11-16 08:28:00,0.0016503952369374525,98.90138784633899
17907,291.76,1,1046,2010-03-09 12:33:00,2010-03-09 12:33:00,0.001649716713474274,98.90303756305246
17882,291.56,2,130,2010-11-25 14:35:00,2010-11-25 14:40:00,0.0016485858410356436,98.9046861488935
16615,291.5,1,211,2010-03-23 15:13:00,2010-03-23 15:13:00,0.0016482465793040545,98.90633439547281
18182,291.13,1,167,2010-09-02 14:25:00,2010-09-02 14:25:00,0.001646154465292588,98.9079805499381
17551,290.34,1,142,2010-12-15 14:12:00,2010-12-15 14:12:00,0.001641687519159997,98.90962223745726
15391,289.87,1,109,2010-05-04 15:04:00,2010-05-04 15:04:00,0.0016390299689292153,98.91126126742618
16897,289.78,2,73,2011-01-30 11:52:00,2011-02-13 15:02:00,0.0016385210763318315,98.91289978850251
13796,289.7,1,218,2010-07-28 14:45:00,2010-07-28 14:45:00,0.0016380687273563792,98.91453785722987
15962,289.48,1,228,2010-09-16 13:48:00,2010-09-16 13:48:00,0.0016368247676738859,98.91617468199755
15041,289.4,2,194,2010-09-21 13:16:00,2011-06-22 16:16:00,0.0016363724186984332,98.91781105441625
14162,289.36,2,142,2011-02-20 12:32:00,2011-06-19 11:36:00,0.0016361462442107074,98.91944720066046
17501,288.6,2,160,2011-05-03 09:46:00,2011-05-03 09:47:00,0.0016318489289439114,98.9210790495894
16808,288.42,2,196,2011-03-10 19:05:00,2011-09-01 19:34:00,0.0016308311437491438,98.92270988073314
16432,287.4,1,276,2011-10-06 13:59:00,2011-10-06 13:59:00,0.0016250636943121275,98.92433494442744
17497,287.25,2,59,2010-04-08 08:01:00,2010-11-14 14:17:00,0.0016242155399831548,98.92595915996742
13508,287.05,2,180,2010-03-07 11:58:00,2011-04-10 11:58:00,0.0016230846675445243,98.92758224463496
14660,285.74,2,228,2011-08-31 10:40:00,2011-09-14 11:34:00,0.001615677453071494,98.92919792208804
14402,285.6,1,240,2010-02-25 13:20:00,2010-02-25 13:20:00,0.0016148858423644526,98.9308128079304
17636,285.56,1,182,2011-11-20 14:40:00,2011-11-20 14:40:00,0.0016146596678767264,98.93242746759827
16890,285.41,3,243,2010-05-06 16:27:00,2010-08-20 11:23:00,0.0016138115135477537,98.93404127911182
13708,285.33,1,301,2011-03-13 13:46:00,2011-03-13 13:46:00,0.0016133591645723013,98.93565463827639
12487,285.29999999999995,1,174,2009-12-09 11:36:00,2009-12-09 11:36:00,0.0016131895337065066,98.93726782781009
16429,284.55,1,9,2011-08-25 13:54:00,2011-08-25 13:54:00,0.0016089487620616423,98.93887677657214
15445,284.5,2,118,2010-04-28 15:00:00,2011-03-20 15:06:00,0.0016086660439519843,98.9404854426161
17359,284.46,2,237,2010-03-01 14:48:00,2011-11-28 14:37:00,0.001608439869464258,98.94209388248555
15354,284.4,3,3,2010-04-15 16:17:00,2010-04-15 16:24:00,0.0016081006077326692,98.94370198309328
13616,283.85,2,172,2010-01-17 14:56:00,2010-05-20 12:59:00,0.0016049907085264352,98.9453069738018
15662,283.73,2,145,2009-12-01 13:49:00,2010-02-16 16:47:00,0.001604312185063257,98.94691128598687
13121,283.73,1,252,2011-03-15 16:47:00,2011-03-15 16:47:00,0.001604312185063257,98.94851559817194
13909,282.85,2,301,2010-07-06 16:52:00,2010-10-12 17:22:00,0.0015993363463332824,98.95011493451827
15936,282.79,2,211,2010-08-29 11:42:00,2010-11-25 16:39:00,0.0015989970846016933,98.95171393160287
13511,282.76,1,60,2010-02-01 12:10:00,2010-02-01 12:10:00,0.0015988274537358986,98.9533127590566
12771,282.3,1,104,2010-08-11 11:51:00,2010-08-11 11:51:00,0.0015962264471270483,98.95490898550374
16557,281.85,2,111,2011-07-25 13:28:00,2011-11-15 14:04:00,0.0015936819841401294,98.95650266748788
13326,281.76,1,140,2010-10-03 16:00:00,2010-10-03 16:00:00,0.0015931730915427456,98.95809584057943
13679,281.26,3,102,2009-12-04 16:52:00,2010-08-03 12:13:00,0.0015903459104461691,98.95968618648988
18042,281.15,2,69,2010-06-16 10:53:00,2011-10-17 11:49:00,0.0015897239306049225,98.96127591042048
15772,280.88,1,110,2010-10-17 13:33:00,2010-10-17 13:33:00,0.0015881972528127711,98.9628641076733
12851,280.76,2,157,2010-08-19 15:13:00,2011-09-04 12:41:00,0.0015875187293495929,98.96445162640265
13080,280.73,4,193,2010-04-09 13:07:00,2011-06-13 14:59:00,0.0015873490984837984,98.96603897550114
14433,280.7,1,131,2010-08-31 12:35:00,2010-08-31 12:35:00,0.0015871794676180035,98.96762615496876
14242,280.55,2,123,2011-01-18 08:53:00,2011-04-19 11:46:00,0.0015863313132890309,98.96921248628205
13581,280.53000000000003,2,119,2010-10-21 16:30:00,2011-02-03 14:41:00,0.0015862182260451677,98.9707987045081
17247,280.09000000000003,1,105,2011-11-24 15:21:00,2011-11-24 15:21:00,0.0015837303066801806,98.97238243481478
15556,279.77,1,236,2011-11-15 16:08:00,2011-11-15 16:08:00,0.0015819209107783712,98.97396435572556
14183,278.34000000000003,2,60,2010-08-15 15:36:00,2010-10-24 14:45:00,0.001573835172842163,98.9755381908984
14764,278.3,1,190,2011-10-24 11:54:00,2011-10-24 11:54:00,0.0015736089983544369,98.97711179989676
14303,277.94,2,218,2010-10-01 10:31:00,2010-10-28 15:37:00,0.0015715734279649017,98.97868337332473
15338,277.93,1,148,2010-01-31 14:25:00,2010-01-31 14:25:00,0.0015715168843429704,98.98025489020907
15355,277.05,2,45,2011-10-17 15:22:00,2011-11-10 13:44:00,0.0015665410456129957,98.98182143125469
13606,276.75,3,276,2011-02-01 11:42:00,2011-11-10 17:46:00,0.00156484473695505,98.98338627599165
13272,276.56,2,96,2011-09-11 12:06:00,2011-11-08 14:00:00,0.001563770408138351,98.98495004639979
12750,275.88,1,137,2011-08-03 09:13:00,2011-08-03 09:13:00,0.001559925441847007,98.98650997184164
13399,275.4,3,120,2010-07-08 17:47:00,2010-09-01 13:59:00,0.0015572113479942933,98.98806718318964
16313,274.15000000000003,2,165,2011-10-21 09:04:00,2011-12-06 13:02:00,0.0015501433952528527,98.98961732658489
12789,273.35,3,36,2010-01-15 12:06:00,2011-10-05 13:34:00,0.0015456199054983304,98.99116294649039
17072,273.35,1,212,2010-03-24 16:33:00,2010-03-24 16:33:00,0.0015456199054983304,98.99270856639589
13307,273.34,3,140,2010-04-26 13:28:00,2011-08-11 17:14:00,0.0015455633618763987,98.99425412975776
17355,273.31,1,249,2010-11-18 13:18:00,2010-11-18 13:18:00,0.0015453937310106042,98.99579952348877
13861,273.26,2,225,2010-06-27 11:37:00,2010-10-06 14:20:00,0.0015451110129009462,98.99734463450167
17498,272.22,1,394,2011-09-25 12:25:00,2011-09-25 12:25:00,0.0015392304762200677,98.9988838649779
13917,272.04,2,228,2011-06-01 12:46:00,2011-10-21 09:56:00,0.0015382126910253,99.00042207766893
14816,271.85,1,5,2011-05-26 13:16:00,2011-05-26 13:16:00,0.0015371383622086012,99.00195921603114
17292,271.75,2,131,2010-05-09 14:52:00,2010-08-24 17:14:00,0.0015365729259892856,99.00349578895712
14436,271.70000000000005,2,297,2010-06-04 11:32:00,2011-09-02 10:13:00,0.0015362902078796285,99.005032079165
13058,271.40000000000003,3,52,2011-07-11 12:01:00,2011-11-15 12:43:00,0.0015345938992216823,99.00656667306423
15943,271.28999999999996,2,183,2010-01-31 11:04:00,2010-02-28 12:49:00,0.0015339719193804351,99.00810064498361
17278,271.24,2,195,2010-05-23 13:49:00,2011-04-12 13:10:00,0.0015336892012707778,99.00963433418488
18238,270.92,1,114,2010-07-12 12:51:00,2010-07-12 12:51:00,0.0015318798053689689,99.01116621399025
14520,270.6,2,146,2011-02-22 09:15:00,2011-12-08 09:46:00,0.00153007040946716,99.01269628439972
16757,270.48,2,180,2010-10-26 15:09:00,2011-01-25 11:59:00,0.0015293918860039817,99.01422567628573
12558,269.96,1,196,2011-12-02 10:41:00,2011-12-02 10:41:00,0.001526451617663542,99.0157521279034
18267,269.37,1,135,2010-02-05 08:43:00,2010-02-05 08:43:00,0.001523115543969582,99.01727524344737
15964,269.21000000000004,1,93,2010-02-14 15:30:00,2010-02-14 15:30:00,0.0015222108460186778,99.01879745429339
13533,269.09,3,202,2011-03-17 12:47:00,2011-06-10 11:54:00,0.001521532322555499,99.02031898661595
17264,268.28,1,217,2010-10-11 12:52:00,2010-10-11 12:52:00,0.0015169522891790453,99.02183593890513
12751,268.27,1,189,2010-09-21 12:49:00,2010-09-21 12:49:00,0.0015168957455571138,99.02335283465068
18254,267.9,1,188,2010-05-07 14:37:00,2010-05-07 14:37:00,0.001514803631545647,99.02486763828223
14039,267.28000000000003,2,192,2010-05-13 10:15:00,2011-11-06 13:48:00,0.0015112979269858928,99.02637893620921
15408,267.18,1,106,2011-03-20 15:02:00,2011-03-20 15:02:00,0.0015107324907665772,99.02788966869998
15320,267.13,1,326,2011-10-26 13:27:00,2011-10-26 13:27:00,0.0015104497726569194,99.02940011847264
15517,267.03,1,293,2011-04-20 14:02:00,2011-04-20 14:02:00,0.001509884336437604,99.03091000280908
15423,266.89,3,198,2010-03-28 13:42:00,2011-11-01 14:01:00,0.0015090927257305627,99.0324190955348
17786,266.85,2,195,2011-01-26 14:35:00,2011-09-15 12:51:00,0.001508866551242837,99.03392796208605
14863,266.76,1,132,2011-11-10 15:04:00,2011-11-10 15:04:00,0.001508357658645453,99.0354363197447
13837,266.59000000000003,2,182,2011-01-26 12:15:00,2011-05-12 12:10:00,0.0015073964170726172,99.03694371616177
14392,266.4,1,114,2010-10-03 12:56:00,2010-10-03 12:56:00,0.0015063220882559178,99.03845003825003
15119,266.4,1,88,2011-04-08 09:08:00,2011-04-08 09:08:00,0.0015063220882559178,99.0399563603383
12962,266.39,2,129,2011-08-18 13:38:00,2011-12-02 15:55:00,0.0015062655446339865,99.04146262588293
13973,264.7,1,109,2011-02-25 15:21:00,2011-02-25 15:21:00,0.001496709672527558,99.04295933555545
16334,263.73,1,206,2010-08-04 16:38:00,2010-08-04 16:38:00,0.0014912249412002,99.04445056049666
13128,263.5,1,31,2010-03-18 15:08:00,2010-03-18 15:08:00,0.0014899244378957749,99.04594048493455
16089,263.49,2,119,2010-07-18 15:51:00,2010-11-18 13:51:00,0.0014898678942738433,99.04743035282883
12892,263.38,1,140,2010-11-08 09:51:00,2010-11-08 09:51:00,0.0014892459144325964,99.04891959874325
17808,262.64,4,143,2010-05-07 16:26:00,2010-06-09 10:44:00,0.0014850616864096632,99.05040466042966
13331,262.4,1,54,2010-11-03 08:04:00,2010-11-03 08:04:00,0.0014837046394833063,99.05188836506915
17910,261.7,1,121,2009-12-13 16:04:00,2009-12-13 16:04:00,0.0014797465859480996,99.05336811165509
14957,261.69,2,97,2010-03-05 10:50:00,2011-03-31 17:59:00,0.001479690042326168,99.05484780169742
12655,261.35,1,80,2010-10-12 09:17:00,2010-10-12 09:17:00,0.0014777675591804962,99.0563255692566
13189,260.68,2,842,2011-08-16 13:12:00,2011-11-21 10:39:00,0.0014739791365110837,99.0577995483931
17901,260.08,3,38,2010-07-06 10:54:00,2011-11-10 17:29:00,0.001470586519195192,99.0592701349123
17022,260.0,2,180,2010-10-03 10:27:00,2011-11-08 17:09:00,0.0014701341702197397,99.06074026908252
16733,259.68,1,112,2010-06-28 10:12:00,2010-06-28 10:12:00,0.001468324774317931,99.06220859385684
13127,259.17,1,127,2011-09-23 10:26:00,2011-09-23 10:26:00,0.0014654410495994231,99.06367403490644
17558,259.17,1,54,2010-11-11 14:36:00,2010-11-11 14:36:00,0.0014654410495994231,99.06513947595604
17219,259.13,2,188,2010-10-19 11:29:00,2011-11-08 11:25:00,0.0014652148751116967,99.06660469083116
15536,259.09,1,242,2010-10-26 16:31:00,2010-10-26 16:31:00,0.0014649887006239705,99.06806967953177
14526,258.65,1,178,2010-11-15 13:32:00,2010-11-15 13:32:00,0.0014625007812589833,99.06953218031303
13683,258.6,1,180,2010-09-08 10:00:00,2010-09-08 10:00:00,0.001462218063149326,99.07099439837619
16502,258.55,2,220,2010-03-29 13:39:00,2010-03-29 13:44:00,0.0014619353450396682,99.07245633372122
13227,257.7,1,99,2011-05-22 11:47:00,2011-05-22 11:47:00,0.0014571291371754881,99.0739134628584
15014,257.67,2,149,2011-06-16 19:40:00,2011-10-27 20:07:00,0.0014569595063096937,99.07537042236471
16542,257.32,2,142,2010-11-03 14:44:00,2011-10-17 10:47:00,0.00145498047954209,99.07682540284425
15503,257.3,2,130,2009-12-13 11:34:00,2010-12-12 10:57:00,0.0014548673922982272,99.07828027023655
15852,257.26,3,60,2010-07-01 10:16:00,2011-06-06 11:22:00,0.001454641217810501,99.07973491145435
14483,257.1,2,193,2009-12-03 10:16:00,2011-03-03 10:26:00,0.0014537365198595967,99.08118864797422
15404,257.06,1,334,2010-11-29 11:03:00,2010-11-29 11:03:00,0.0014535103453718705,99.08264215831959
14876,256.7,2,162,2010-05-27 13:49:00,2010-07-06 14:57:00,0.0014514747749823354,99.08409363309457
14274,256.6,1,178,2010-01-22 12:51:00,2010-01-22 12:51:00,0.0014509093387630202,99.08554454243333
12430,256.4,1,117,2011-10-27 15:09:00,2011-10-27 15:09:00,0.0014497784663243894,99.08699432089965
13806,256.38,1,56,2011-10-07 11:43:00,2011-10-07 11:43:00,0.0014496653790805265,99.08844398627873
17896,256.32,1,288,2011-11-16 13:59:00,2011-11-16 13:59:00,0.0014493261173489371,99.08989331239609
17385,256.11,1,197,2011-11-25 11:02:00,2011-11-25 11:02:00,0.0014481387012883753,99.09134145109738
13825,255.59,2,182,2009-12-09 14:30:00,2010-03-28 11:02:00,0.0014451984329479357,99.09278664953032
14881,255.4,1,316,2011-11-20 11:06:00,2011-11-20 11:06:00,0.0014441241041312368,99.09423077363445
16911,255.25,2,161,2010-02-16 16:12:00,2010-03-14 12:18:00,0.001443275949802264,99.09567404958425
12746,254.55,1,97,2010-06-17 10:41:00,2010-06-17 10:41:00,0.001439317896267057,99.09711336748052
12604,254.18,2,201,2011-03-23 12:06:00,2011-09-21 14:08:00,0.0014372257822555903,99.09855059326277
15923,254.16,1,244,2010-12-02 12:16:00,2010-12-02 12:16:00,0.0014371126950117271,99.09998770595779
14765,254.11,3,135,2011-06-16 19:49:00,2011-11-10 19:53:00,0.0014368299769020696,99.10142453593468
17626,254.0,1,202,2010-04-16 12:15:00,2010-04-16 12:15:00,0.0014362079970608227,99.10286074393174
16845,253.88,1,167,2010-03-31 13:09:00,2010-03-31 13:09:00,0.0014355294735976442,99.10429627340534
13250,253.09,2,107,2010-07-25 14:01:00,2010-09-05 11:33:00,0.0014310625274650537,99.1057273359328
17992,252.88,1,130,2010-11-15 13:04:00,2010-11-15 13:04:00,0.0014298751114044915,99.1071572110442
15019,252.81,1,150,2011-03-18 12:35:00,2011-03-18 12:35:00,0.0014294793060509708,99.10858669035025
15035,252.73000000000002,1,245,2011-09-11 11:08:00,2011-09-11 11:08:00,0.0014290269570755188,99.11001571730732
13251,252.68,1,215,2010-11-02 13:20:00,2010-11-02 13:20:00,0.001428744238965861,99.11144446154628
16908,252.59,1,61,2009-12-17 13:35:00,2009-12-17 13:35:00,0.0014282353463684772,99.11287269689265
15552,252.52,2,166,2010-03-26 16:17:00,2011-05-06 14:47:00,0.0014278395410149566,99.11430053643366
16074,252.5,1,38,2010-11-14 13:19:00,2010-11-14 13:19:00,0.0014277264537710934,99.11572826288743
13404,252.49,2,111,2011-05-11 11:57:00,2011-12-08 15:37:00,0.0014276699101491619,99.11715593279757
13645,252.1,1,158,2011-08-11 16:11:00,2011-08-11 16:11:00,0.0014254647088938323,99.11858139750646
17210,251.72,1,242,2010-11-12 12:15:00,2010-11-12 12:15:00,0.001423316051260434,99.12000471355772
16453,251.71,2,139,2010-06-09 13:15:00,2010-06-27 12:46:00,0.0014232595076385027,99.12142797306535
16976,251.51999999999998,1,88,2011-03-17 16:33:00,2011-03-17 16:33:00,0.0014221851788218036,99.12285015824418
14501,251.21,2,161,2011-01-24 10:43:00,2011-06-09 12:02:00,0.0014204323265419264,99.12427059057072
14166,251.15,2,82,2010-03-23 15:10:00,2010-07-22 19:42:00,0.001420093064810337,99.12569068363553
18266,251.1,1,138,2010-10-01 15:33:00,2010-10-01 15:33:00,0.0014198103467006795,99.12711049398223
16962,251.04,1,158,2010-10-26 11:36:00,2010-10-26 11:36:00,0.0014194710849690902,99.1285299650672
15231,250.26,1,190,2010-03-28 15:12:00,2010-03-28 15:12:00,0.001415060682458431,99.12994502574966
17303,250.04,1,144,2010-12-13 13:32:00,2010-12-13 13:32:00,0.0014138167227759374,99.13135884247244
15510,250.0,1,2,2011-01-13 12:10:00,2011-01-13 12:10:00,0.0014135905482882112,99.13277243302072
13747,249.39999999999998,2,68,2010-10-11 09:15:00,2010-12-01 10:37:00,0.0014101979309723196,99.13418263095168
12563,249.24,1,113,2010-10-27 09:52:00,2010-10-27 09:52:00,0.0014092932330214151,99.13559192418471
13061,248.61,1,107,2011-09-28 16:04:00,2011-09-28 16:04:00,0.001405730984839729,99.13699765516955
13592,247.95999999999998,4,84,2011-03-20 14:01:00,2011-11-04 09:49:00,0.0014020556494141793,99.13839971081896
16381,247.85,2,108,2010-10-17 13:06:00,2010-11-09 09:56:00,0.0014014336695729326,99.13980114448853
15293,247.5,1,178,2010-02-12 11:54:00,2010-02-12 11:54:00,0.0013994546428053292,99.14120059913134
18072,247.44,1,288,2011-06-07 10:44:00,2011-06-07 10:44:00,0.0013991153810737399,99.14259971451241
13349,247.32,1,225,2011-11-29 08:07:00,2011-11-29 08:07:00,0.0013984368576105616,99.14399815137003
14658,247.15,2,47,2011-08-14 15:42:00,2011-12-04 15:35:00,0.0013974756160377256,99.14539562698606
14654,246.86,1,273,2009-12-01 12:57:00,2009-12-01 12:57:00,0.0013958358510017116,99.14679146283706
15697,246.75,1,127,2010-01-19 09:10:00,2010-01-19 09:10:00,0.0013952138711604647,99.14818667670822
13943,246.54,1,94,2010-05-11 11:30:00,2010-05-11 11:30:00,0.0013940264550999025,99.14958070316332
15495,246.5,1,194,2010-11-25 13:46:00,2010-11-25 13:46:00,0.0013938002806121765,99.15097450344393
15378,246.5,2,130,2010-07-26 08:47:00,2010-09-03 11:30:00,0.0013938002806121765,99.15236830372454
15783,246.3,1,212,2011-11-29 09:50:00,2011-11-29 09:50:00,0.001392669408173546,99.15376097313272
18153,246.22,1,200,2010-02-18 15:50:00,2010-02-18 15:50:00,0.0013922170591980935,99.15515319019191
16778,245.94,2,194,2011-03-10 15:21:00,2011-09-26 13:48:00,0.0013906338377840108,99.1565438240297
14325,245.48000000000002,1,320,2010-05-19 09:20:00,2010-05-19 09:20:00,0.0013880328311751606,99.15793185686087
14281,245.15,1,45,2010-10-27 14:45:00,2010-10-27 14:45:00,0.0013861668916514199,99.15931802375252
12660,245.1,1,127,2011-11-28 13:26:00,2011-11-28 13:26:00,0.0013858841735417623,99.16070390792606
15118,244.8,1,1440,2011-07-28 14:54:00,2011-07-28 14:54:00,0.0013841878648838165,99.16208809579095
15884,244.60000000000002,2,152,2009-12-03 18:23:00,2010-10-03 15:55:00,0.001383056992445186,99.1634711527834
16528,244.41,1,171,2011-12-06 12:45:00,2011-12-06 12:45:00,0.001381982663628487,99.16485313544703
18002,244.37,4,71,2009-12-08 11:07:00,2010-11-29 10:57:00,0.001381756489140761,99.16623489193617
14694,244.31,1,193,2010-04-01 19:46:00,2010-04-01 19:46:00,0.0013814172274091716,99.16761630916358
13551,244.2,2,36,2010-02-11 15:01:00,2011-01-24 14:46:00,0.0013807952475679247,99.16899710441115
17892,244.1,3,109,2011-07-07 12:56:00,2011-10-14 16:49:00,0.0013802298113486096,99.1703773342225
13676,243.9,2,104,2010-03-30 16:53:00,2010-06-18 17:30:00,0.001379098938909979,99.1717564331614
16793,243.84,1,146,2011-10-13 15:08:00,2011-10-13 15:08:00,0.0013787596771783898,99.17313519283859
13886,243.56,1,126,2011-09-29 13:17:00,2011-09-29 13:17:00,0.001377176455764307,99.17451236929435
16215,242.35,1,104,2011-09-20 10:18:00,2011-09-20 10:18:00,0.001370334677510592,99.17588270397187
15543,242.26,2,167,2010-09-06 11:28:00,2011-02-24 15:26:00,0.0013698257849132083,99.17725252975679
17009,242.06,1,336,2010-06-06 16:01:00,2010-06-06 16:01:00,0.0013686949124745778,99.17862122466926
13445,241.89999999999998,1,198,2010-03-23 15:34:00,2010-03-23 15:34:00,0.0013677902145236732,99.17998901488379
13582,241.68,2,106,2010-04-01 11:38:00,2010-11-15 11:34:00,0.0013665462548411798,99.18135556113863
15776,241.62,1,138,2011-07-29 13:46:00,2011-07-29 13:46:00,0.0013662069931095905,99.18272176813174
14774,241.45,1,99,2010-06-29 12:26:00,2010-06-29 12:26:00,0.0013652457515367544,99.18408701388329
14523,241.09,1,251,2011-08-23 13:13:00,2011-08-23 13:13:00,0.0013632101811472195,99.18545022406444
16427,241.06,2,156,2011-02-28 15:18:00,2011-03-21 17:10:00,0.0013630405502814249,99.18681326461473
16508,240.95,1,103,2010-03-19 13:41:00,2010-03-19 13:41:00,0.001362418570440178,99.18817568318516
13674,240.68,1,102,2010-10-03 10:41:00,2010-10-03 10:41:00,0.0013608918926480268,99.18953657507781
15286,240.55,1,55,2011-10-21 11:08:00,2011-10-21 11:08:00,0.001360156825562917,99.19089673190338
15336,240.5,1,84,2010-11-03 12:39:00,2010-11-03 12:39:00,0.0013598741074532595,99.19225660601083
15931,239.9,1,118,2010-10-07 16:46:00,2010-10-07 16:46:00,0.0013564814901373676,99.19361308750096
15690,239.76,2,408,2011-08-31 11:40:00,2011-12-05 15:59:00,0.001355689879430326,99.1949687773804
13570,239.49,1,161,2011-04-10 13:36:00,2011-04-10 13:36:00,0.001354163201638175,99.19632294058204
13789,239.45999999999998,1,258,2010-11-16 15:31:00,2010-11-16 15:31:00,0.0013539935707723803,99.19767693415281
17684,239.41,1,145,2011-10-27 11:10:00,2011-10-27 11:10:00,0.0013537108526627227,99.19903064500548
12663,239.4,2,181,2010-02-09 14:28:00,2010-03-25 09:40:00,0.0013536543090407911,99.20038429931452
17981,239.12,1,260,2010-10-25 10:40:00,2010-10-25 10:40:00,0.0013520710876267082,99.20173637040214
13275,238.86,2,138,2010-03-17 14:05:00,2010-11-21 12:09:00,0.0013506009534564887,99.2030869713556
12561,238.85,1,177,2011-02-10 11:39:00,2011-02-10 11:39:00,0.001350544409834557,99.20443751576543
12718,238.25,1,203,2011-09-29 16:38:00,2011-09-29 16:38:00,0.0013471517925186655,99.20578466755795
16280,238.05,1,101,2009-12-14 15:49:00,2009-12-14 15:49:00,0.001346020920080035,99.20713068847803
14982,237.78,1,125,2010-05-16 15:52:00,2010-05-16 15:52:00,0.0013444942422878837,99.20847518272032
17877,237.61,1,98,2011-06-22 13:00:00,2011-06-22 13:00:00,0.0013435330007150476,99.20981871572104
14586,237.36,1,444,2011-03-08 10:04:00,2011-03-08 10:04:00,0.0013421194101667594,99.21116083513121
15457,237.07,1,132,2011-03-22 15:31:00,2011-03-22 15:31:00,0.001340479645130745,99.21250131477635
12732,236.26000000000002,1,111,2011-06-13 11:33:00,2011-06-13 11:33:00,0.0013358996117542913,99.2138372143881
13088,236.11,1,76,2010-10-18 15:35:00,2010-10-18 15:35:00,0.0013350514574253184,99.21517226584554
16026,236.09,1,243,2011-10-27 13:53:00,2011-10-27 13:53:00,0.0013349383701814553,99.21650720421572
17093,235.88,1,114,2010-04-26 10:22:00,2010-04-26 10:22:00,0.001333750954120893,99.21784095516983
17872,235.87,1,176,2010-11-23 12:02:00,2010-11-23 12:02:00,0.0013336944104989617,99.21917464958034
16046,235.78,1,248,2010-05-26 13:18:00,2010-05-26 13:18:00,0.001333185517901578,99.22050783509825
12392,234.75000000000003,1,73,2010-04-27 14:04:00,2010-04-27 14:04:00,0.0013273615248426305,99.22183519662309
13114,234.38,1,74,2009-12-09 09:56:00,2009-12-09 09:56:00,0.0013252694108311638,99.22316046603392
14473,234.34000000000003,2,88,2011-03-02 13:56:00,2011-09-26 15:10:00,0.0013250432363434378,99.22448550927027
17060,234.24,1,216,2011-03-18 13:27:00,2011-03-18 13:27:00,0.0013244778001241225,99.22580998707039
13009,234.0,1,120,2010-02-05 12:22:00,2010-02-05 12:22:00,0.0013231207531977658,99.22713310782359
12736,234.0,1,173,2011-01-11 07:57:00,2011-01-11 07:57:00,0.0013231207531977658,99.22845622857679
13348,233.76,1,136,2011-10-06 17:28:00,2011-10-06 17:28:00,0.001321763706271409,99.22977799228306
14153,233.4,1,312,2010-08-13 14:35:00,2010-08-13 14:35:00,0.0013197281358818742,99.23109772041894
15294,233.35,1,97,2010-10-25 11:45:00,2010-10-25 11:45:00,0.0013194454177722164,99.23241716583672
13129,233.25,2,296,2010-06-28 11:54:00,2010-09-13 13:47:00,0.0013188799815529013,99.23373604581828
16302,233.22,1,158,2011-08-05 09:44:00,2011-08-05 09:44:00,0.0013187103506871066,99.23505475616896
17055,232.85,1,83,2010-09-20 12:21:00,2010-09-20 12:21:00,0.00131661823667564,99.23637137440564
13678,232.6,1,924,2011-07-11 10:14:00,2011-07-11 10:14:00,0.0013152046461273516,99.23768657905177
18213,232.48000000000002,1,232,2011-04-17 10:21:00,2011-04-17 10:21:00,0.0013145261226641734,99.23900110517444
13608,232.05,1,110,2010-06-17 12:28:00,2010-06-17 12:28:00,0.0013120947469211178,99.24031319992136
14995,231.98000000000002,2,102,2011-03-04 13:14:00,2011-11-01 11:39:00,0.0013116989415675971,99.24162489886292
16408,231.93,1,227,2010-04-27 14:08:00,2010-04-27 14:08:00,0.0013114162234579396,99.24293631508638
17151,231.90000000000003,1,42,2009-12-04 14:56:00,2009-12-04 14:56:00,0.001311246592592145,99.24424756167897
17136,231.68,1,256,2010-02-15 13:13:00,2010-02-15 13:13:00,0.0013100026329096513,99.24555756431188
18279,231.33999999999997,1,630,2010-07-08 14:48:00,2010-07-08 14:48:00,0.001308080149763979,99.24686564446165
15487,231.32,1,144,2010-01-29 12:07:00,2010-01-29 12:07:00,0.0013079670625201162,99.24817361152417
18030,230.64999999999998,2,67,2011-10-28 13:55:00,2011-12-05 16:37:00,0.0013041786398507037,99.24947779016402
17125,230.5,1,281,2011-10-20 14:41:00,2011-10-20 14:41:00,0.0013033304855217308,99.25078112064955
13960,230.22,2,142,2011-09-29 12:39:00,2011-11-18 15:27:00,0.001301747264107648,99.25208286791366
18197,230.1,1,166,2010-05-13 10:46:00,2010-05-13 10:46:00,0.0013010687406444696,99.2533839366543
14314,229.8,2,332,2010-10-05 08:00:00,2011-08-25 10:39:00,0.001299372431986524,99.25468330908629
14017,229.75,1,73,2010-05-17 14:52:00,2010-05-17 14:52:00,0.0012990897138768663,99.25598239880017
12812,229.64000000000001,1,164,2011-10-26 09:54:00,2011-10-26 09:54:00,0.0012984677340356196,99.2572808665342
13403,229.5,3,114,2009-12-16 13:23:00,2011-11-22 08:28:00,0.001297676123328578,99.25857854265753
17185,229.46,3,119,2010-04-20 13:49:00,2010-04-27 12:15:00,0.001297449948840852,99.25987599260637
15528,229.33,1,123,2011-03-30 16:14:00,2011-03-30 16:14:00,0.0012967148817557422,99.26117270748813
17743,229.2,1,96,2010-09-17 14:54:00,2010-09-17 14:54:00,0.001295979814670632,99.2624686873028
17347,228.96,1,216,2011-09-14 13:12:00,2011-09-14 13:12:00,0.0012946227677442755,99.26376331007054
15273,228.96,1,216,2010-04-19 11:31:00,2010-04-19 11:31:00,0.0012946227677442755,99.26505793283829
13146,228.91,1,154,2011-11-13 15:29:00,2011-11-13 15:29:00,0.0012943400496346178,99.26635227288793
17066,228.34,1,93,2009-12-13 13:24:00,2009-12-13 13:24:00,0.0012911170631845206,99.26764338995112
14458,228.07,1,317,2010-11-24 12:43:00,2010-11-24 12:43:00,0.0012895903853923695,99.26893298033652
16760,228.0,1,168,2010-10-05 15:55:00,2010-10-05 15:55:00,0.0012891945800388488,99.27022217491655
15566,227.87,2,153,2009-12-15 14:53:00,2010-11-12 12:11:00,0.001288459512953739,99.2715106344295
14363,227.47000000000003,2,105,2010-09-14 14:39:00,2010-11-02 17:01:00,0.0012861977680764778,99.27279683219759
17868,227.15,1,85,2010-11-18 18:55:00,2010-11-18 18:55:00,0.001284388372174669,99.27408122056976
16740,226.91,1,110,2010-11-09 13:34:00,2010-11-09 13:34:00,0.001283031325248312,99.275364251895
15451,226.86,2,76,2010-04-19 14:08:00,2010-10-01 13:40:00,0.0012827486071386547,99.27664700050214
13651,226.85,3,62,2010-11-23 09:44:00,2011-11-04 14:59:00,0.001282692063516723,99.27792969256565
18005,226.47,2,86,2011-10-23 14:40:00,2011-12-06 11:51:00,0.0012805434058833249,99.27921023597153
14718,226.42,1,202,2010-10-25 13:07:00,2010-10-25 13:07:00,0.001280260687773667,99.28049049665931
17993,225.99,1,108,2010-04-01 14:23:00,2010-04-01 14:23:00,0.0012778293120306115,99.28176832597134
14069,225.81,2,58,2010-05-27 12:30:00,2010-07-13 12:12:00,0.0012768115268358441,99.28304513749818
17915,225.78,1,184,2010-06-06 13:22:00,2010-06-06 13:22:00,0.0012766418959700495,99.28432177939415
16622,225.4,1,44,2010-06-14 10:44:00,2010-06-14 10:44:00,0.0012744932383366514,99.28559627263249
16587,225.15,1,71,2011-04-21 15:51:00,2011-04-21 15:51:00,0.0012730796477883632,99.28686935228028
14357,225.12,1,147,2011-10-27 16:23:00,2011-10-27 16:23:00,0.0012729100169225685,99.2881422622972
13619,224.94,2,79,2010-02-03 14:16:00,2010-06-13 11:39:00,0.001271892231727801,99.28941415452893
16346,224.51,1,289,2010-11-19 15:55:00,2010-11-19 15:55:00,0.0012694608559847451,99.2906836153849
15175,224.14,1,454,2011-09-29 11:31:00,2011-09-29 11:31:00,0.0012673687419732787,99.29195098412688
12914,223.98,1,336,2010-11-04 12:28:00,2010-11-04 12:28:00,0.0012664640440223742,99.2932174481709
16753,223.92000000000002,1,189,2011-10-12 13:14:00,2011-10-12 13:14:00,0.001266124782290785,99.2944835729532
14928,223.91000000000003,1,268,2010-03-22 09:14:00,2010-03-22 09:14:00,0.0012660682386688537,99.29574964119186
16562,223.85999999999999,1,264,2010-08-20 11:45:00,2010-08-20 11:45:00,0.001265785520559196,99.29701542671242
13926,223.85000000000002,1,104,2011-11-16 13:16:00,2011-11-16 13:16:00,0.0012657289769372644,99.29828115568935
18131,222.95999999999998,1,552,2010-03-18 08:48:00,2010-03-18 08:48:00,0.0012606965945853583,99.29954185228394
12887,222.4,1,100,2010-11-21 11:18:00,2010-11-21 11:18:00,0.0012575301517571927,99.3007993824357
14596,222.22000000000003,1,75,2010-03-23 12:13:00,2010-03-23 12:13:00,0.0012565123665624254,99.30205589480227
15788,221.82999999999998,1,115,2010-07-19 12:48:00,2010-07-19 12:48:00,0.0012543071653070956,99.30331020196758
14445,221.65,1,83,2010-09-10 11:09:00,2010-09-10 11:09:00,0.0012532893801123282,99.3045634913477
17261,221.59,1,95,2010-07-18 11:49:00,2010-07-18 11:49:00,0.001252950118380739,99.30581644146608
17087,221.53,1,113,2009-12-02 10:41:00,2009-12-02 10:41:00,0.00125261085664915,99.30706905232273
14960,221.27,2,221,2011-06-21 13:38:00,2011-12-01 12:54:00,0.0012511407224789302,99.3083201930452
13419,221.06,1,275,2011-10-07 12:49:00,2011-10-07 12:49:00,0.001249953306418368,99.30957014635162
12821,220.8,2,162,2010-04-07 15:14:00,2011-05-09 15:51:00,0.0012484831722481484,99.31081862952387
16482,220.62,1,346,2011-11-24 12:33:00,2011-11-24 12:33:00,0.0012474653870533808,99.31206609491092
13033,220.55,2,98,2010-10-06 09:37:00,2010-12-17 14:23:00,0.0012470695816998601,99.31331316449261
18132,220.13,1,212,2010-07-23 16:54:00,2010-07-23 16:54:00,0.0012446947495787359,99.31455785924219
18114,220.1,1,55,2011-02-22 13:20:00,2011-02-22 13:20:00,0.0012445251187129412,99.3158023843609
13454,219.87,1,198,2010-03-08 14:40:00,2010-03-08 14:40:00,0.001243224615408516,99.3170456089763
13992,219.5,3,154,2010-09-02 17:04:00,2011-11-09 15:23:00,0.0012411325013970496,99.31828674147769
14074,219.39999999999998,1,228,2010-03-26 13:55:00,2010-03-26 13:55:00,0.0012405670651777342,99.31952730854287
15096,219.39000000000001,1,120,2011-10-28 10:27:00,2011-10-28 10:27:00,0.0012405105215558027,99.32076781906443
12799,219.35,1,137,2010-06-28 15:57:00,2010-06-28 15:57:00,0.0012402843470680767,99.32200810341149
12702,219.0,1,53,2011-11-20 10:36:00,2011-11-20 10:36:00,0.001238305320300473,99.32324640873179
15790,218.75,1,113,2011-11-29 14:53:00,2011-11-29 14:53:00,0.0012368917297521848,99.32448330046154
15086,218.53,2,95,2010-03-24 13:56:00,2010-05-24 12:27:00,0.0012356477700696913,99.32571894823161
12574,218.45,1,61,2011-01-28 09:20:00,2011-01-28 09:20:00,0.001235195421094239,99.3269541436527
15591,217.9,3,58,2010-02-04 09:20:00,2010-05-06 09:23:00,0.001232085521888005,99.32818622917459
16035,217.73,1,33,2010-05-28 15:09:00,2010-05-28 15:09:00,0.001231124280315169,99.3294173534549
16666,217.71,2,354,2010-03-28 15:13:00,2011-11-20 14:01:00,0.0012310111930713059,99.33064836464797
15554,217.2,1,74,2011-03-07 09:00:00,2011-03-07 09:00:00,0.001228127468352798,99.33187649211632
13423,217.03,1,141,2010-10-07 09:02:00,2010-10-07 09:02:00,0.001227166226779962,99.3331036583431
15401,216.95000000000002,2,93,2010-05-20 10:56:00,2010-09-13 13:42:00,0.00122671387780451,99.3343303722209
18021,216.41,2,168,2010-07-15 18:47:00,2010-07-18 10:52:00,0.0012236605222202073,99.33555403274312
17902,216.39999999999998,1,526,2010-06-11 12:25:00,2010-06-11 12:25:00,0.0012236039785982755,99.33677763672172
15604,216.39,1,159,2011-10-18 14:47:00,2011-10-18 14:47:00,0.0012235474349763442,99.3380011841567
13858,216.17,1,75,2011-10-13 16:17:00,2011-10-13 16:17:00,0.0012223034752938504,99.33922348763198
16179,215.83,1,99,2011-10-10 09:41:00,2011-10-10 09:41:00,0.0012203809921481786,99.34044386862413
16189,215.48,2,134,2011-09-15 15:21:00,2011-11-24 11:47:00,0.001218401965380575,99.34166227058951
14376,215.46,1,50,2010-01-25 15:36:00,2010-01-25 15:36:00,0.001218288878136712,99.34288055946764
14635,215.22,1,118,2010-09-12 10:47:00,2010-09-12 10:47:00,0.0012169318312103554,99.34409749129885
18007,215.22,1,246,2010-11-12 11:08:00,2010-11-12 11:08:00,0.0012169318312103554,99.34531442313006
16338,214.79999999999998,1,94,2011-07-05 13:56:00,2011-07-05 13:56:00,0.0012145569990892312,99.34652898012915
14106,214.79999999999998,1,24,2009-12-02 14:09:00,2009-12-02 14:09:00,0.0012145569990892312,99.34774353712824
14361,214.70999999999998,1,251,2010-05-10 12:29:00,2010-05-10 12:29:00,0.0012140481064918474,99.34895758523473
17619,214.37,1,124,2011-01-31 14:18:00,2011-01-31 14:18:00,0.0012121256233461756,99.35016971085807
15460,214.26,1,107,2010-12-20 16:08:00,2010-12-20 16:08:00,0.0012115036435049287,99.35138121450157
14271,214.18,2,148,2010-10-26 17:01:00,2011-04-28 12:47:00,0.0012110512945294764,99.3525922657961
14601,213.96,1,168,2011-11-29 09:48:00,2011-11-29 09:48:00,0.0012098073348469829,99.35380207313095
18157,213.9,1,145,2010-05-17 14:09:00,2010-05-17 14:09:00,0.0012094680731153935,99.35501154120406
13621,213.85,1,343,2011-08-15 08:26:00,2011-08-15 08:26:00,0.001209185355005736,99.35622072655907
17153,213.78,1,104,2011-11-15 13:42:00,2011-11-15 13:42:00,0.0012087895496522153,99.35742951610872
13411,213.55,1,72,2011-08-24 13:57:00,2011-08-24 13:57:00,0.0012074890463477901,99.35863700515507
16591,213.5,1,41,2011-10-02 10:43:00,2011-10-02 10:43:00,0.0012072063282381324,99.3598442114833
13724,213.01,1,130,2010-03-12 15:28:00,2010-03-12 15:28:00,0.0012044356907634877,99.36104864717407
13691,212.78,1,145,2010-11-08 17:34:00,2010-11-08 17:34:00,0.0012031351874590625,99.36225178236153
12961,211.99,1,180,2010-11-25 16:44:00,2010-11-25 16:44:00,0.0011986682413264718,99.36345045060285
12470,211.95,1,95,2010-01-19 11:01:00,2010-01-19 11:01:00,0.0011984420668387456,99.36464889266969
15866,211.89,1,124,2011-08-30 14:09:00,2011-08-30 14:09:00,0.0011981028051071562,99.3658469954748
14843,211.79999999999998,1,132,2010-09-29 12:39:00,2010-09-29 12:39:00,0.0011975939125097724,99.3670445893873
15703,211.5,1,66,2011-03-20 10:51:00,2011-03-20 10:51:00,0.0011958976038518266,99.36824048699116
13271,211.49,1,240,2011-11-02 14:31:00,2011-11-02 14:31:00,0.0011958410602298953,99.36943632805138
12995,211.32,1,108,2011-09-15 15:44:00,2011-09-15 15:44:00,0.001194879818657059,99.37063120787003
15490,210.85,1,82,2010-10-05 13:11:00,2010-10-05 13:11:00,0.0011922222684262775,99.37182343013846
14992,210.5,1,145,2010-09-23 17:48:00,2010-09-23 17:48:00,0.001190243241658674,99.37301367338011
13532,210.31,1,129,2011-11-06 12:25:00,2011-11-06 12:25:00,0.001189168912841975,99.37420284229296
17217,210.1,2,93,2010-03-30 13:35:00,2011-04-19 17:19:00,0.0011879814967814127,99.37539082378974
16874,209.89000000000001,1,78,2010-11-25 13:08:00,2010-11-25 13:08:00,0.0011867940807208507,99.37657761787047
17484,209.57,2,339,2010-03-25 16:17:00,2010-05-12 15:41:00,0.0011849846848190418,99.37776260255528
13828,209.49,1,311,2011-11-17 16:02:00,2011-11-17 16:02:00,0.0011845323358435896,99.37894713489112
13056,209.48,1,158,2010-06-06 14:10:00,2010-06-06 14:10:00,0.001184475792221658,99.38013161068334
14003,209.41,1,149,2009-12-07 08:53:00,2009-12-07 08:53:00,0.0011840799868681373,99.3813156906702
15112,209.4,1,72,2010-04-07 14:17:00,2010-04-07 14:17:00,0.0011840234432462058,99.38249971411345
16487,209.4,2,163,2010-02-18 17:36:00,2010-05-11 13:38:00,0.0011840234432462058,99.3836837375567
17026,208.98,3,132,2010-10-18 15:22:00,2011-06-07 14:28:00,0.0011816486111250815,99.38486538616782
15327,208.75,1,116,2011-10-18 11:55:00,2011-10-18 11:55:00,0.0011803481078206566,99.38604573427564
13290,208.63,1,1,2010-09-27 16:29:00,2010-09-27 16:29:00,0.0011796695843574781,99.38722540386
15741,208.62,2,70,2010-03-31 11:55:00,2010-09-07 16:21:00,0.0011796130407355466,99.38840501690073
15897,208.59,2,223,2011-05-29 13:32:00,2011-05-29 13:50:00,0.0011794434098697521,99.3895844603106
16457,208.36,1,140,2011-05-05 13:19:00,2011-05-05 13:19:00,0.001178142906565327,99.39076260321717
15212,208.28,2,84,2010-11-28 10:45:00,2011-04-12 13:45:00,0.0011776905575898746,99.39194029377475
12848,208.0,1,58,2010-02-02 12:45:00,2010-02-02 12:45:00,0.0011761073361757919,99.39311640111093
16964,207.85,2,49,2009-12-06 12:51:00,2009-12-06 12:53:00,0.0011752591818468187,99.39429166029278
16866,207.73999999999998,3,60,2011-07-01 12:34:00,2011-07-22 10:06:00,0.0011746372020055719,99.39546629749478
15052,207.73000000000002,1,79,2011-01-24 15:52:00,2011-01-24 15:52:00,0.0011745806583836407,99.39664087815316
13099,207.35999999999999,1,288,2011-09-01 17:40:00,2011-09-01 17:40:00,0.0011724885443721738,99.39781336669753
17989,207.32999999999998,1,300,2010-11-25 13:49:00,2010-11-25 13:49:00,0.0011723189135063791,99.39898568561104
15925,207.15,1,93,2011-05-29 15:35:00,2011-05-29 15:35:00,0.0011713011283116118,99.40015698673935
15295,207.04,1,139,2010-02-23 13:03:00,2010-02-23 13:03:00,0.001170679148470365,99.40132766588782
15820,206.98,1,128,2011-01-24 12:00:00,2011-01-24 12:00:00,0.0011703398867387758,99.40249800577456
17166,206.34,2,78,2011-05-20 08:18:00,2011-11-01 09:46:00,0.0011667210949351582,99.4036647268695
14964,206.21,1,143,2011-04-06 14:13:00,2011-04-06 14:13:00,0.0011659860278500484,99.40483071289735
15914,205.99,2,149,2010-11-26 16:09:00,2010-11-26 16:10:00,0.0011647420681675548,99.40599545496552
14278,205.83,1,131,2010-10-26 12:07:00,2010-10-26 12:07:00,0.0011638373702166503,99.40715929233573
16540,205.75,1,105,2010-10-21 17:22:00,2010-10-21 17:22:00,0.0011633850212411979,99.40832267735698
17670,205.7,1,110,2011-04-26 09:12:00,2011-04-26 09:12:00,0.0011631023031315401,99.40948577966012
16490,205.41000000000003,1,113,2010-09-29 16:30:00,2010-09-29 16:30:00,0.001161462538095526,99.41064724219821
14602,205.35999999999999,1,80,2010-02-21 15:47:00,2010-02-21 15:47:00,0.001161179819985868,99.4118084220182
15307,205.3,1,37,2011-09-05 11:38:00,2011-09-05 11:38:00,0.0011608405582542792,99.41296926257645
12400,205.25,1,91,2010-10-21 13:45:00,2010-10-21 13:45:00,0.0011605578401446214,99.4141298204166
15758,205.25,1,47,2011-11-15 10:48:00,2011-11-15 10:48:00,0.0011605578401446214,99.41529037825676
15319,204.5,1,175,2011-03-01 12:48:00,2011-03-01 12:48:00,0.0011563170684997569,99.41644669532526
17271,204.3,1,113,2009-12-03 13:49:00,2009-12-03 13:49:00,0.0011551861960611264,99.41760188152132
16901,204.26,1,42,2009-12-10 16:30:00,2009-12-10 16:30:00,0.0011549600215734002,99.4187568415429
17206,204.24,1,76,2011-10-17 13:25:00,2011-10-17 13:25:00,0.0011548469343295373,99.41991168847723
14468,204.24,1,164,2009-12-06 12:21:00,2009-12-06 12:21:00,0.0011548469343295373,99.42106653541155
13017,204.0,1,48,2011-12-02 15:53:00,2011-12-02 15:53:00,0.0011534898874031804,99.42222002529896
17394,203.86999999999998,1,241,2011-05-04 13:22:00,2011-05-04 13:22:00,0.0011527548203180704,99.42337278011928
17891,203.85999999999999,1,393,2011-06-30 20:08:00,2011-06-30 20:08:00,0.001152698276696139,99.42452547839598
14519,203.14,2,81,2009-12-11 10:40:00,2010-01-25 11:18:00,0.0011486271359170688,99.4256741055319
17074,203.05,1,19,2010-05-26 12:04:00,2010-05-26 12:04:00,0.0011481182433196852,99.42682222377522
15459,202.82999999999998,2,121,2010-07-30 14:31:00,2010-10-18 15:25:00,0.0011468742836371914,99.42796909805885
15558,202.68,1,73,2010-03-10 15:25:00,2010-03-10 15:25:00,0.0011460261293082187,99.42911512418816
18169,202.65,1,61,2011-10-10 12:18:00,2011-10-10 12:18:00,0.001145856498442424,99.4302609806866
12416,202.56,1,132,2010-02-21 10:19:00,2010-02-21 10:19:00,0.0011453476058450403,99.43140632829244
14892,202.35000000000002,1,79,2010-01-18 08:58:00,2010-01-18 08:58:00,0.0011441601897844782,99.43255048848222
14385,202.11,3,159,2011-11-16 11:55:00,2011-11-30 15:36:00,0.0011428031428581218,99.43369329162508
16965,201.19,1,291,2011-04-27 12:08:00,2011-04-27 12:08:00,0.0011376011296404208,99.43483089275472
13284,201.19,1,91,2011-01-13 09:23:00,2011-01-13 09:23:00,0.0011376011296404208,99.43596849388436
18281,201.14,2,146,2010-05-11 10:49:00,2011-06-12 10:53:00,0.0011373184115307633,99.4371058122959
18126,200.92000000000002,1,135,2011-10-10 12:19:00,2011-10-10 12:19:00,0.0011360744518482697,99.43824188674775
13556,200.82,2,134,2010-09-30 09:01:00,2010-10-06 16:44:00,0.0011355090156289543,99.43937739576337
14330,200.63,1,103,2010-03-26 09:10:00,2010-03-26 09:10:00,0.0011344346868122552,99.44051183045019
17693,200.47,1,231,2011-07-25 15:48:00,2011-07-25 15:48:00,0.001133529988861351,99.44164536043905
13133,200.45000000000002,3,55,2010-09-06 15:30:00,2011-03-11 10:31:00,0.0011334169016174879,99.44277877734068
13944,200.43,1,153,2010-02-24 15:02:00,2010-02-24 15:02:00,0.0011333038143736247,99.44391208115505
14782,200.10000000000002,1,114,2011-01-24 11:12:00,2011-01-24 11:12:00,0.0011314378748498845,99.4450435190299
15593,199.8,1,60,2011-09-30 11:46:00,2011-09-30 11:46:00,0.0011297415661919387,99.44617326059608
13322,199.48000000000002,1,117,2011-11-22 14:21:00,2011-11-22 14:21:00,0.0011279321702901298,99.44730119276637
14521,199.45000000000002,1,211,2010-08-05 16:35:00,2010-08-05 16:35:00,0.001127762539424335,99.4484289553058
15001,199.10999999999999,2,70,2010-11-10 13:31:00,2010-11-10 13:51:00,0.0011258400562786629,99.44955479536208
15020,198.47,1,111,2010-11-25 13:29:00,2010-11-25 13:29:00,0.0011222212644750452,99.45067701662656
17184,198.41000000000003,2,73,2009-12-09 14:17:00,2010-05-19 14:24:00,0.0011218820027434561,99.4517988986293
12581,197.71,1,161,2011-10-31 08:56:00,2011-10-31 08:56:00,0.0011179239492082492,99.45291682257852
17778,197.70000000000002,1,214,2010-02-16 12:44:00,2010-02-16 12:44:00,0.0011178674055863176,99.4540346899841
14185,197.65,1,6,2011-01-12 13:52:00,2011-01-12 13:52:00,0.00111758468747666,99.45515227467158
14789,197.64,1,116,2011-11-11 08:59:00,2011-11-11 08:59:00,0.0011175281438547283,99.45626980281543
17112,197.57,1,130,2010-07-25 11:14:00,2010-07-25 11:14:00,0.0011171323385012076,99.45738693515393
12927,197.31,1,145,2010-11-10 10:02:00,2010-11-10 10:02:00,0.001115662204330988,99.45850259735826
15234,197.0,1,196,2011-03-08 08:53:00,2011-03-08 08:53:00,0.0011139093520511104,99.45961650671032
13436,196.89,1,76,2011-12-08 10:33:00,2011-12-08 10:33:00,0.0011132873722098635,99.46072979408252
15746,196.88,1,178,2011-07-28 15:21:00,2011-07-28 15:21:00,0.0011132308285879322,99.46184302491112
13978,196.79000000000002,2,315,2011-10-25 15:04:00,2011-11-25 11:36:00,0.0011127219359905486,99.46295574684711
16937,196.25,1,123,2010-07-28 17:56:00,2010-07-28 17:56:00,0.001109668580406246,99.46406541542753
16112,195.73999999999998,4,574,2011-01-05 11:47:00,2011-07-19 14:28:00,0.0011067848556877379,99.46517220028322
13757,195.55,1,54,2010-02-03 12:37:00,2010-02-03 12:37:00,0.001105710526871039,99.46627791081009
17010,195.36,1,118,2011-11-21 14:49:00,2011-11-21 14:49:00,0.00110463619805434,99.46738254700814
14666,195.25,1,161,2011-11-15 12:57:00,2011-11-15 12:57:00,0.001104014218213093,99.46848656122636
15612,195.15,2,52,2011-10-09 12:49:00,2011-11-03 14:52:00,0.0011034487819937778,99.46959001000835
14405,195.0,1,100,2010-11-18 11:40:00,2010-11-18 11:40:00,0.001102600627664805,99.47069261063601
17468,194.8,3,184,2010-11-29 17:25:00,2011-11-29 15:33:00,0.0011014697552261742,99.47179408039123
17065,194.7,2,82,2010-03-12 11:40:00,2010-03-12 11:41:00,0.001100904319006859,99.47289498471024
17475,194.37,1,178,2011-09-21 14:55:00,2011-09-21 14:55:00,0.0010990383794831184,99.47399402308972
16299,193.65,1,107,2010-08-19 17:46:00,2010-08-19 17:46:00,0.0010949672387040486,99.47508899032842
14476,193.0,1,110,2011-03-27 15:39:00,2011-03-27 15:39:00,0.0010912919032784992,99.4761802822317
12522,192.72,2,194,2011-10-19 14:41:00,2011-10-31 15:30:00,0.0010897086818644163,99.47726999091356
14768,192.60000000000002,2,52,2011-08-04 13:25:00,2011-11-22 12:54:00,0.001089030158401238,99.47835902107195
15729,192.55,3,47,2010-11-01 13:44:00,2011-05-11 12:36:00,0.0010887474402915805,99.47944776851224
18028,192.05,1,133,2010-05-05 13:28:00,2010-05-05 13:28:00,0.001085920259195004,99.48053368877144
14100,191.95000000000002,1,63,2011-07-25 11:01:00,2011-07-25 11:01:00,0.0010853548229756886,99.48161904359442
15909,191.94,1,98,2011-06-19 10:38:00,2011-06-19 10:38:00,0.001085298279353757,99.48270434187377
16695,191.9,2,184,2010-05-27 12:24:00,2010-05-27 12:36:00,0.001085072104866031,99.48378941397864
14279,191.86,2,46,2010-01-27 16:34:00,2010-07-07 08:42:00,0.0010848459303783049,99.48487425990902
15692,191.04,1,138,2011-11-11 14:12:00,2011-11-11 14:12:00,0.0010802093533799195,99.4859544692624
15954,190.75,1,119,2010-04-29 13:35:00,2010-04-29 13:35:00,0.0010785695883439052,99.48703303885074
14728,190.58,1,68,2010-10-22 15:57:00,2010-10-22 15:57:00,0.0010776083467710694,99.48811064719752
15688,190.57,1,95,2010-10-17 12:06:00,2010-10-17 12:06:00,0.0010775518031491376,99.48918819900067
15412,190.53,1,108,2011-06-21 15:24:00,2011-06-21 15:24:00,0.0010773256286614116,99.49026552462932
18020,190.48000000000002,1,67,2010-06-14 12:31:00,2010-06-14 12:31:00,0.001077042910551754,99.49134256753987
14617,190.47000000000003,2,81,2010-10-20 10:40:00,2010-11-02 11:41:00,0.0010769863669298225,99.4924195539068
13766,190.35,1,137,2010-08-01 14:25:00,2010-08-01 14:25:00,0.001076307843466644,99.49349586175026
13972,190.25,2,187,2011-05-22 11:34:00,2011-09-30 11:54:00,0.0010757424072473287,99.49457160415751
17257,189.78,2,187,2010-09-29 12:49:00,2010-09-29 12:51:00,0.001073084857016547,99.49564468901453
18046,189.63,1,44,2010-02-28 11:36:00,2010-02-28 11:36:00,0.0010722367026875742,99.49671692571721
13826,189.5,1,82,2011-06-16 13:48:00,2011-06-16 13:48:00,0.0010715016356024642,99.49778842735282
14801,189.34,1,173,2011-10-09 15:24:00,2011-10-09 15:24:00,0.0010705969376515597,99.49885902429047
14830,188.88,1,164,2011-10-17 14:29:00,2011-10-17 14:29:00,0.0010679959310427095,99.4999270202215
16277,188.69,1,33,2009-12-06 11:27:00,2009-12-06 11:27:00,0.0010669216022260104,99.50099394182374
14697,188.60999999999999,2,181,2011-05-05 15:29:00,2011-05-05 15:39:00,0.0010664692532505581,99.50206041107698
17283,188.46,1,179,2010-11-26 11:53:00,2010-11-26 11:53:00,0.0010656210989215852,99.5031260321759
16051,188.44,1,80,2010-01-27 09:38:00,2010-01-27 09:38:00,0.001065508011677722,99.50419154018758
13063,188.4,1,116,2010-08-16 12:27:00,2010-08-16 12:27:00,0.001065281837189996,99.50525682202476
17781,188.02,2,34,2011-03-31 19:54:00,2011-07-03 16:00:00,0.001063133179556598,99.50631995520432
17279,187.82999999999998,1,48,2011-10-13 11:58:00,2011-10-13 11:58:00,0.001062058850739899,99.50738201405505
15072,187.51999999999998,1,164,2010-08-17 15:46:00,2010-08-17 15:46:00,0.0010603059984600216,99.50844232005352
13852,187.35000000000002,1,85,2010-04-08 09:06:00,2010-04-08 09:06:00,0.0010593447568871858,99.5095016648104
18013,187.29,2,285,2011-07-07 14:08:00,2011-07-07 14:11:00,0.0010590054951555964,99.51056067030555
13568,187.05,1,66,2011-06-19 14:42:00,2011-06-19 14:42:00,0.0010576484482292398,99.51161831875378
13387,186.94,1,123,2010-10-18 14:07:00,2010-10-18 14:07:00,0.0010570264683879929,99.51267534522216
16267,186.66,1,198,2010-04-27 14:10:00,2010-04-27 14:10:00,0.0010554432469739102,99.51373078846913
18063,186.60000000000002,2,48,2010-03-16 13:05:00,2010-11-14 10:46:00,0.001055103985242321,99.51478589245437
17215,186.15,1,104,2010-09-01 13:39:00,2010-09-01 13:39:00,0.0010525595222554021,99.51583845197662
16388,186.05,1,83,2010-02-24 10:20:00,2010-02-24 10:20:00,0.0010519940860360868,99.51689044606266
15567,186.01,1,223,2011-11-21 10:48:00,2011-11-21 10:48:00,0.0010517679115483606,99.51794221397421
12641,185.9,1,72,2011-08-16 13:26:00,2011-08-16 13:26:00,0.0010511459317071139,99.51899335990592
17574,185.65,1,77,2011-04-11 09:47:00,2011-04-11 09:47:00,0.0010497323411588256,99.52004309224708
14879,185.06,1,104,2010-01-24 11:35:00,2010-01-24 11:35:00,0.0010463962674648656,99.52108948851455
16097,185.04999999999998,1,87,2011-04-13 13:47:00,2011-04-13 13:47:00,0.001046339723842934,99.52213582823839
14677,184.91,1,139,2010-04-26 09:48:00,2010-04-26 09:48:00,0.0010455481131358927,99.52318137635153
17803,184.66,1,98,2010-11-12 13:53:00,2010-11-12 13:53:00,0.0010441345225876044,99.52422551087412
16914,183.76,1,112,2011-11-03 15:27:00,2011-11-03 15:27:00,0.0010390455966137668,99.52526455647073
14059,183.6,1,128,2011-03-18 10:06:00,2011-03-18 10:06:00,0.0010381408986628623,99.52630269736939
13460,183.44,2,286,2011-10-21 09:50:00,2011-11-10 17:17:00,0.0010372362007119579,99.5273399335701
14119,183.37,2,177,2009-12-21 14:52:00,2010-11-29 10:33:00,0.0010368403953584372,99.52837677396546
14983,183.20000000000002,1,90,2010-01-19 17:32:00,2010-01-19 17:32:00,0.0010358791537856014,99.52941265311925
16819,182.59,2,253,2010-08-31 17:31:00,2010-08-31 17:37:00,0.001032429992847778,99.5304450831121
14941,182.1,1,80,2010-05-10 11:30:00,2010-05-10 11:30:00,0.001029659355373133,99.53147474246747
12934,181.65,1,31,2009-12-03 10:51:00,2009-12-03 10:51:00,0.0010271148923862144,99.53250185735985
16822,181.39,1,171,2010-01-22 14:22:00,2010-01-22 14:22:00,0.0010256447582159946,99.53352750211806
15359,181.35,8,145,2010-01-15 11:30:00,2010-02-15 10:47:00,0.0010254185837282686,99.53455292070178
16594,181.09,1,64,2011-09-25 14:08:00,2011-09-25 14:08:00,0.0010239484495580488,99.53557686915134
17904,181.07,1,59,2011-11-18 12:57:00,2011-11-18 12:57:00,0.0010238353623141857,99.53660070451366
14858,180.75,1,105,2010-07-22 10:51:00,2010-07-22 10:51:00,0.0010220259664123767,99.53762273048007
17820,180.60999999999999,1,111,2010-11-30 17:43:00,2010-11-30 17:43:00,0.0010212343557053354,99.53864396483577
16090,180.56,1,58,2010-03-25 13:05:00,2010-03-25 13:05:00,0.0010209516375956778,99.53966491647337
12622,180.1,1,69,2011-04-21 16:39:00,2011-04-21 16:39:00,0.0010183506309868274,99.54068326710436
18234,179.6,1,80,2010-06-06 11:22:00,2010-06-06 11:22:00,0.0010155234498902509,99.54169879055425
16640,179.4,1,146,2010-11-07 10:48:00,2010-11-07 10:48:00,0.0010143925774516204,99.5427131831317
14945,179.4,1,156,2010-10-22 11:26:00,2010-10-22 11:26:00,0.0010143925774516204,99.54372757570914
18147,179.33999999999997,2,203,2011-08-23 12:22:00,2011-10-25 11:46:00,0.0010140533157200313,99.54474162902486
15895,179.17,1,94,2011-07-13 10:27:00,2011-07-13 10:27:00,0.0010130920741471953,99.545754721099
14705,179.0,1,100,2011-05-25 12:39:00,2011-05-25 12:39:00,0.0010121308325743595,99.54676685193158
15209,178.98000000000002,1,94,2009-12-09 17:26:00,2009-12-09 17:26:00,0.0010120177453304964,99.5477788696769
15139,178.96,2,208,2011-01-07 12:44:00,2011-04-14 11:39:00,0.0010119046580866332,99.54879077433499
14812,178.85,1,135,2010-04-20 12:13:00,2010-04-20 12:13:00,0.0010112826782453864,99.54980205701324
16691,178.83,2,92,2010-05-27 14:55:00,2010-10-17 15:03:00,0.0010111695910015235,99.55081322660423
17170,178.68,2,152,2010-11-15 16:23:00,2010-11-30 15:55:00,0.0010103214366725506,99.5518235480409
17879,178.51999999999998,1,45,2011-06-19 12:36:00,2011-06-19 12:36:00,0.0010094167387216459,99.55283296477963
15292,178.39,1,55,2011-05-22 15:00:00,2011-05-22 15:00:00,0.001008681671636536,99.55384164645126
18045,178.34,1,138,2011-10-25 13:07:00,2011-10-25 13:07:00,0.0010083989535268785,99.55485004540479
12686,178.28,1,214,2010-12-03 09:51:00,2010-12-03 09:51:00,0.0010080596917952892,99.55585810509659
17253,178.26,1,43,2011-11-21 12:59:00,2011-11-21 12:59:00,0.001007946604551426,99.55686605170114
17798,178.07,1,138,2010-05-07 11:42:00,2010-05-07 11:42:00,0.0010068722757347272,99.55787292397687
18282,178.05,2,103,2011-08-05 13:35:00,2011-12-02 11:43:00,0.0010067591884908643,99.55887968316536
16403,177.5,1,114,2011-01-31 13:39:00,2011-01-31 13:39:00,0.00100364928928463,99.55988333245465
13618,177.34,1,246,2011-06-19 11:09:00,2011-06-19 11:09:00,0.0010027445913337256,99.56088607704598
12618,177.31,1,96,2011-11-18 11:10:00,2011-11-18 11:10:00,0.0010025749604679309,99.56188865200644
13072,177.15,1,69,2011-03-18 08:12:00,2011-03-18 08:12:00,0.0010016702625170264,99.56289032226896
16285,176.9,1,60,2010-03-03 16:03:00,2010-03-03 16:03:00,0.0010002566719687384,99.56389057894093
17036,176.9,1,76,2010-11-21 14:26:00,2010-11-21 14:26:00,0.0010002566719687384,99.5648908356129
17587,176.71,1,67,2010-03-21 14:16:00,2010-03-21 14:16:00,0.0009991823431520395,99.56589001795605
13746,176.69,1,83,2010-10-22 11:55:00,2010-10-22 11:55:00,0.0009990692559081764,99.56688908721196
17947,176.68,1,168,2011-11-02 13:05:00,2011-11-02 13:05:00,0.0009990127122862448,99.56788809992425
14287,176.63,3,261,2011-05-25 11:41:00,2011-12-01 13:25:00,0.000998729994176587,99.56888682991843
12893,176.55,1,90,2011-11-09 12:34:00,2011-11-09 12:34:00,0.000998277645201135,99.56988510756362
18054,176.5,1,96,2010-11-12 08:18:00,2010-11-12 08:18:00,0.0009979949270914772,99.57088310249071
12509,176.5,1,55,2011-02-28 14:45:00,2011-02-28 14:45:00,0.0009979949270914772,99.5718810974178
18175,176.1,1,70,2010-02-02 10:25:00,2010-02-02 10:25:00,0.000995733182214216,99.57287683060001
18274,175.92,1,88,2011-11-09 17:03:00,2011-11-09 17:03:00,0.0009947153970194485,99.57387154599702
17840,175.9,1,128,2010-09-22 12:24:00,2010-09-22 12:24:00,0.0009946023097755854,99.5748661483068
14486,175.5,2,90,2010-06-04 10:30:00,2010-07-16 09:42:00,0.0009923405648983243,99.57585848887169
18166,175.5,1,90,2010-03-26 12:26:00,2010-03-26 12:26:00,0.0009923405648983243,99.57685082943658
13007,175.25,1,59,2010-05-09 10:38:00,2010-05-09 10:38:00,0.000990926974350036,99.57784175641093
16144,175.2,1,16,2011-04-07 10:09:00,2011-04-07 10:09:00,0.0009906442562403785,99.57883240066717
17331,175.2,1,16,2011-08-08 11:55:00,2011-08-08 11:55:00,0.0009906442562403785,99.5798230449234
16559,175.0,1,61,2010-11-07 13:52:00,2010-11-07 13:52:00,0.000989513383801748,99.5808125583072
17108,174.95,1,31,2010-02-14 12:22:00,2010-02-14 12:22:00,0.0009892306656920902,99.5818017889729
18010,174.8,1,60,2011-03-28 12:27:00,2011-03-28 12:27:00,0.0009883825113631175,99.58279017148426
14495,174.8,3,68,2010-02-18 08:49:00,2011-10-20 12:28:00,0.0009883825113631175,99.58377855399563
14518,174.37,1,278,2011-10-06 14:43:00,2011-10-06 14:43:00,0.0009859511356200617,99.58476450513125
15684,173.95,3,77,2009-12-04 16:13:00,2010-06-10 18:51:00,0.0009835763034989375,99.58574808143474
14674,173.66,1,103,2010-07-18 14:25:00,2010-07-18 14:25:00,0.000981936538462923,99.58673001797321
15565,173.16,2,60,2011-09-30 10:44:00,2011-10-20 14:33:00,0.0009791093573663465,99.58770912733057
16741,173.06,1,81,2010-03-24 15:15:00,2010-03-24 15:15:00,0.0009785439211470314,99.58868767125172
16599,172.8,1,159,2010-11-19 12:45:00,2010-11-19 12:45:00,0.0009770737869768116,99.58966474503869
13671,172.6,1,95,2010-11-10 10:50:00,2010-11-10 10:50:00,0.000975942914538181,99.59064068795323
13690,172.25,1,67,2011-10-11 15:03:00,2011-10-11 15:03:00,0.0009739638877705776,99.591614651841
12442,172.06,1,182,2011-12-06 14:22:00,2011-12-06 14:22:00,0.0009728895589538786,99.59258754139995
15515,171.81,1,131,2010-11-17 13:39:00,2010-11-17 13:39:00,0.0009714759684055904,99.59355901736835
17983,171.71,1,108,2010-11-09 13:23:00,2010-11-09 13:24:00,0.000970910532186275,99.59452992790054
17575,171.7,1,72,2010-02-10 13:48:00,2010-02-10 13:48:00,0.0009708539885643435,99.5955007818891
13560,171.42000000000002,1,63,2011-12-02 13:11:00,2011-12-02 13:11:00,0.0009692707671502608,99.59647005265624
16312,171.15,1,53,2010-10-03 14:15:00,2010-10-03 14:15:00,0.0009677440893581095,99.5974377967456
16673,171.13,1,95,2010-01-29 14:22:00,2010-01-29 14:22:00,0.0009676310021142464,99.59840542774771
14536,170.95,1,39,2011-03-25 12:21:00,2011-03-25 12:21:00,0.0009666132169194789,99.59937204096462
15403,170.88,2,492,2009-12-09 12:45:00,2010-08-05 12:21:00,0.0009662174115659582,99.60033825837618
14811,170.5,1,74,2010-11-17 13:09:00,2010-11-17 13:09:00,0.0009640687539325602,99.60130232713011
15256,170.4,2,92,2010-05-27 11:41:00,2011-07-14 11:47:00,0.0009635033177132448,99.60226583044782
17922,170.4,1,49,2010-06-14 16:32:00,2010-06-14 16:32:00,0.0009635033177132448,99.60322933376553
14860,170.32,1,232,2011-11-20 14:17:00,2011-11-20 14:17:00,0.0009630509687377926,99.60419238473426
16731,170.3,1,124,2010-03-01 15:05:00,2010-03-01 15:05:00,0.0009629378814939297,99.60515532261576
15335,170.22,1,79,2011-10-17 12:50:00,2011-10-17 12:50:00,0.0009624855325184774,99.60611780814827
14218,169.48000000000002,1,160,2011-10-28 10:00:00,2011-10-28 10:00:00,0.0009583013044955444,99.60707610945276
16002,169.21,1,70,2010-03-24 13:08:00,2010-03-24 13:08:00,0.000956774626703393,99.60803288407946
15647,169.0,1,124,2010-10-20 15:09:00,2010-10-20 15:09:00,0.0009555872106428309,99.6089884712901
12367,168.9,1,173,2011-12-05 16:48:00,2011-12-05 16:48:00,0.0009550217744235156,99.60994349306453
12768,168.69000000000003,1,102,2010-09-15 12:08:00,2010-09-15 12:08:00,0.0009538343583629537,99.6108973274229
14578,168.63,1,240,2011-12-06 17:18:00,2011-12-06 17:18:00,0.0009534950966313642,99.61185082251954
18099,168.31,1,149,2011-08-04 15:52:00,2011-08-04 15:52:00,0.0009516857007295553,99.61280250822027
17737,168.24,2,108,2011-10-12 14:42:00,2011-11-30 15:16:00,0.0009512898953760346,99.61375379811565
14131,168.22,1,105,2010-03-01 11:59:00,2010-03-01 11:59:00,0.0009511768081321716,99.61470497492378
12551,168.0,1,100,2010-12-17 11:23:00,2010-12-17 11:23:00,0.000949932848449678,99.61565490777224
17559,167.62,1,270,2010-07-15 12:02:00,2010-07-15 12:02:00,0.00094778419081628,99.61660269196305
17367,167.55,1,149,2011-04-15 14:21:00,2011-04-15 14:21:00,0.0009473883854627593,99.61755008034852
18037,167.42,15,37,2009-12-01 13:48:00,2011-07-08 13:39:00,0.0009466533183776493,99.6184967336669
17586,167.4,1,68,2010-03-30 13:12:00,2010-03-30 13:12:00,0.0009465402311337864,99.61944327389804
13609,167.35,1,19,2010-04-25 13:26:00,2010-04-25 13:26:00,0.0009462575130241286,99.62038953141106
16405,167.25,2,187,2011-02-02 17:08:00,2011-02-10 15:24:00,0.0009456920768048133,99.62133522348788
15166,167.16,1,140,2010-08-29 12:31:00,2010-08-29 12:31:00,0.0009451831842074295,99.62228040667209
17875,167.1,1,98,2010-01-20 15:30:00,2010-01-20 15:30:00,0.0009448439224758404,99.62322525059457
13547,167.08,1,79,2010-10-27 14:14:00,2010-10-27 14:14:00,0.0009447308352319775,99.6241699814298
13967,166.3,2,66,2010-11-08 13:24:00,2011-07-17 12:02:00,0.0009403204327213182,99.62511030186252
17650,166.08,1,150,2011-11-18 14:52:00,2011-11-18 14:52:00,0.0009390764730388246,99.62604937833557
18088,166.03,1,107,2011-10-09 13:41:00,2011-10-09 13:41:00,0.0009387937549291669,99.62698817209049
18107,165.88,1,65,2010-09-23 13:03:00,2010-09-23 13:03:00,0.0009379456006001941,99.62792611769109
13903,165.45000000000002,1,103,2010-11-04 17:44:00,2010-11-04 17:44:00,0.0009355142248571385,99.62886163191595
15316,165.0,1,100,2011-01-17 11:34:00,2011-01-17 11:34:00,0.0009329697618702194,99.62979460167783
16663,165.0,1,100,2009-12-10 13:12:00,2009-12-10 13:12:00,0.0009329697618702194,99.6307275714397
13470,165.0,2,100,2011-08-16 17:06:00,2011-09-01 14:57:00,0.0009329697618702194,99.63166054120158
13191,164.69,1,115,2010-02-19 17:02:00,2010-02-19 17:02:00,0.0009312169095903421,99.63259175811118
15904,164.68,1,84,2011-12-01 14:50:00,2011-12-01 14:50:00,0.0009311603659684106,99.63352291847714
17535,164.4,1,136,2011-03-04 15:20:00,2011-03-04 15:20:00,0.0009295771445543278,99.6344524956217
13603,164.34,1,164,2011-11-13 15:57:00,2011-11-13 15:57:00,0.0009292378828227387,99.63538173350453
17417,164.18,1,76,2010-06-09 10:00:00,2010-06-09 10:00:00,0.0009283331848718342,99.6363100666894
14955,163.77,1,74,2009-12-07 11:35:00,2009-12-07 11:35:00,0.0009260148963726415,99.63723608158578
14354,163.62,2,210,2011-11-09 15:36:00,2011-12-04 11:32:00,0.0009251667420436685,99.63816124832783
14485,162.8,1,70,2011-11-01 12:25:00,2011-11-01 12:25:00,0.0009205301650452833,99.63908177849288
16517,162.7,1,96,2011-03-07 13:50:00,2011-03-07 13:50:00,0.0009199647288259679,99.6400017432217
18174,162.5,2,80,2010-04-15 12:17:00,2011-12-02 16:56:00,0.0009188338563873374,99.64092057707809
12954,162.45,1,83,2010-03-11 10:16:00,2010-03-11 10:16:00,0.0009185511382776797,99.64183912821638
15733,162.3,1,62,2011-03-02 09:05:00,2011-03-02 09:05:00,0.000917702983948707,99.64275683120033
15534,162.25,1,63,2009-12-14 12:48:00,2009-12-14 12:48:00,0.0009174202658390492,99.64367425146617
16443,162.24,1,96,2010-07-07 11:57:00,2010-07-07 11:57:00,0.0009173637222171176,99.64459161518839
18014,162.22,1,66,2011-11-11 15:28:00,2011-11-11 15:28:00,0.0009172506349732545,99.64550886582336
12661,162.0,1,216,2010-09-29 16:46:00,2010-09-29 16:46:00,0.0009160066752907609,99.64642487249866
17971,161.94,1,62,2010-06-09 14:04:00,2010-06-09 14:04:00,0.0009156674135591717,99.64734053991222
17600,161.67000000000002,1,144,2011-11-22 09:43:00,2011-11-22 09:43:00,0.0009141407357670206,99.648254680648
16113,161.38,1,176,2011-06-09 16:16:00,2011-06-09 16:16:00,0.0009125009707310061,99.64916718161872
13714,161.35,1,50,2010-08-31 13:57:00,2010-08-31 13:57:00,0.0009123313398652117,99.65007951295858
13779,161.13,1,53,2010-07-12 11:24:00,2010-07-12 11:24:00,0.0009110873801827179,99.65099060033877
13701,161.0,1,80,2010-09-19 12:39:00,2010-09-19 12:39:00,0.0009103523130976081,99.65190095265187
13229,160.95,1,63,2011-04-28 12:07:00,2011-04-28 12:07:00,0.0009100695949879503,99.65281102224687
17605,160.75,1,71,2010-04-28 14:45:00,2010-04-28 14:45:00,0.0009089387225493198,99.65371996096941
17202,160.65,1,55,2010-10-15 11:25:00,2010-10-15 11:25:00,0.0009083732863300046,99.65462833425575
17487,160.55,1,37,2009-12-11 15:06:00,2009-12-11 15:06:00,0.0009078078501106894,99.65553614210586
15229,160.5,1,114,2010-05-02 13:50:00,2010-05-02 13:50:00,0.0009075251320010317,99.65644366723787
16645,160.39,1,117,2009-12-04 09:49:00,2009-12-04 09:49:00,0.0009069031521597848,99.65735057039002
18146,160.35000000000002,2,153,2011-05-03 16:35:00,2011-07-22 12:08:00,0.0009066769776720589,99.6582572473677
12966,160.18,1,75,2011-11-30 12:38:00,2011-11-30 12:38:00,0.0009057157360992228,99.6591629631038
14571,160.0,1,56,2010-10-10 15:06:00,2010-10-10 15:06:00,0.0009046979509044552,99.6600676610547
13420,159.85,2,101,2011-06-22 11:35:00,2011-07-13 08:48:00,0.0009038497965754823,99.66097151085127
13302,159.2,2,12,2010-07-01 12:32:00,2011-07-07 17:56:00,0.0009001744611499328,99.66187168531242
17953,159.17000000000002,1,98,2010-06-17 15:08:00,2010-06-17 15:08:00,0.0009000048302841386,99.6627716901427
16213,159.0,1,48,2011-09-22 10:03:00,2011-09-22 10:03:00,0.0008990435887113023,99.66367073373142
18224,158.95000000000002,1,69,2011-03-21 10:30:00,2011-03-21 10:30:00,0.0008987608706016448,99.66456949460202
14089,158.75,1,133,2011-10-14 10:38:00,2011-10-14 10:38:00,0.0008976299981630141,99.66546712460018
15499,158.65,1,59,2009-12-16 12:17:00,2009-12-16 12:17:00,0.000897064561943699,99.66636418916212
15548,158.09,1,64,2010-04-23 12:20:00,2010-04-23 12:20:00,0.0008938981191155333,99.66725808728124
15348,158.04,1,84,2011-09-28 13:17:00,2011-09-28 13:17:00,0.0008936154010058757,99.66815170268225
14318,158.02,1,152,2010-09-05 15:32:00,2010-09-05 15:32:00,0.0008935023137620126,99.66904520499601
18004,157.92,1,75,2010-12-12 13:47:00,2010-12-12 13:47:00,0.0008929368775426972,99.66993814187356
17751,157.85999999999999,1,147,2010-10-14 13:57:00,2010-10-14 13:57:00,0.0008925976158111081,99.67083073948938
14207,157.8,1,36,2010-01-21 09:33:00,2010-01-21 09:33:00,0.000892258354079519,99.67172299784346
14822,157.70000000000002,1,94,2010-08-11 12:52:00,2010-08-11 12:52:00,0.0008916929178602039,99.67261469076132
16687,157.63,1,141,2010-11-14 11:46:00,2010-11-14 11:46:00,0.000891297112506683,99.67350598787382
12894,157.35,1,33,2010-05-13 14:47:00,2010-05-13 14:47:00,0.0008897138910926002,99.67439570176492
17318,157.32999999999998,1,59,2009-12-14 13:11:00,2009-12-14 13:11:00,0.0008896008038487371,99.67528530256877
16371,157.2,1,108,2010-09-17 12:09:00,2010-09-17 12:09:00,0.0008888657367636273,99.67617416830554
17128,157.09,1,76,2011-01-09 12:02:00,2011-01-09 12:02:00,0.0008882437569223806,99.67706241206245
17118,157.02,1,154,2011-01-26 12:19:00,2011-01-26 12:19:00,0.0008878479515688599,99.67795026001403
15007,156.91,1,69,2011-07-03 16:00:00,2011-07-03 16:00:00,0.0008872259717276128,99.67883748598575
15742,156.87,1,51,2010-03-30 15:25:00,2010-03-30 15:25:00,0.0008869997972398868,99.679724485783
13830,156.85000000000002,1,47,2010-05-07 12:24:00,2010-05-07 12:24:00,0.0008868867099960239,99.68061137249299
14406,156.75,1,77,2011-08-12 16:54:00,2011-08-12 16:54:00,0.0008863212737767086,99.68149769376677
16578,156.6,1,108,2010-03-23 15:11:00,2010-03-23 15:11:00,0.0008854731194477355,99.68238316688623
15438,156.57999999999998,1,59,2011-07-31 14:19:00,2011-07-31 14:19:00,0.0008853600322038725,99.68326852691843
15263,156.51,1,89,2011-08-25 10:26:00,2011-08-25 10:26:00,0.0008849642268503518,99.68415349114528
17885,156.34,1,110,2011-11-27 14:40:00,2011-11-27 14:40:00,0.0008840029852775159,99.68503749413055
13051,155.8,2,72,2010-03-30 11:11:00,2010-05-10 09:14:00,0.0008809496296932133,99.68591844376024
17832,155.37,1,208,2011-10-21 11:43:00,2011-10-21 11:43:00,0.0008785182539501576,99.6867969620142
14368,155.0,1,36,2011-01-24 09:52:00,2011-01-24 09:52:00,0.0008764261399386911,99.68767338815414
14046,154.99,1,460,2011-02-28 14:48:00,2011-02-28 14:48:00,0.0008763695963167595,99.68854975775045
17698,154.95,1,93,2011-03-24 11:34:00,2011-03-24 11:34:00,0.0008761434218290333,99.68942590117229
15740,154.88,1,152,2011-10-21 14:29:00,2011-10-21 14:29:00,0.0008757476164755126,99.69030164878876
17899,154.55,1,170,2011-07-03 14:58:00,2011-07-03 14:58:00,0.0008738816769517724,99.69117553046571
15226,154.41,1,71,2011-02-02 11:41:00,2011-02-02 11:41:00,0.0008730900662447308,99.69204862053196
13490,154.25,1,25,2010-02-23 14:48:00,2010-02-23 14:48:00,0.0008721853682938264,99.69292080590026
14814,154.21,1,93,2010-05-07 14:10:00,2010-05-07 14:10:00,0.0008719591938061004,99.69379276509406
17517,153.94,1,102,2011-02-04 11:48:00,2011-02-04 11:48:00,0.0008704325160139491,99.69466319761007
15560,153.52,2,72,2010-11-07 10:14:00,2010-11-07 10:15:00,0.0008680576838928248,99.69553125529396
15431,153.24,1,84,2010-07-25 12:44:00,2010-07-25 12:44:00,0.000866474462478742,99.69639772975644
12602,153.12,1,162,2011-10-12 11:22:00,2011-10-12 11:22:00,0.0008657959390155637,99.69726352569546
16248,152.94,1,78,2011-10-09 11:32:00,2011-10-09 11:32:00,0.0008647781538207962,99.69812830384929
18138,152.65,1,38,2011-02-17 14:51:00,2011-02-17 14:51:00,0.0008631383887847818,99.69899144223807
18113,152.64000000000001,1,144,2010-12-06 12:31:00,2010-12-06 12:31:00,0.0008630818451628504,99.69985452408324
14066,152.55,1,45,2011-03-18 12:21:00,2011-03-18 12:21:00,0.0008625729525654666,99.7007170970358
15509,152.41,1,58,2010-11-24 14:48:00,2010-11-24 14:48:00,0.0008617813418584251,99.70157887837766
17327,152.35,2,59,2010-05-26 11:20:00,2010-10-26 09:54:00,0.000861442080126836,99.70244032045778
13653,152.2,1,72,2010-08-09 08:19:00,2010-08-09 08:19:00,0.000860593925797863,99.70330091438358
16617,151.85,1,91,2011-04-18 10:35:00,2011-04-18 10:35:00,0.0008586148990302596,99.7041595292826
14362,151.5,1,96,2011-11-17 15:08:00,2011-11-17 15:08:00,0.000856635872262656,99.70501616515487
18076,151.49,1,164,2010-11-24 14:02:00,2010-11-24 14:02:00,0.0008565793286407247,99.70587274448351
13697,151.29999999999998,1,177,2011-11-01 09:14:00,2011-11-01 09:14:00,0.0008555049998240254,99.70672824948333
14516,151.17,1,63,2010-07-11 14:07:00,2010-07-11 14:07:00,0.0008547699327389156,99.70758301941608
16337,151.05,1,87,2011-11-03 10:03:00,2011-11-03 10:03:00,0.0008540914092757373,99.70843711082536
16662,151.05,1,35,2010-11-10 16:56:00,2010-11-10 16:56:00,0.0008540914092757373,99.70929120223464
14073,151.04,1,130,2011-11-07 15:49:00,2011-11-07 15:49:00,0.0008540348656538058,99.71014523710029
12959,150.95,1,109,2010-08-12 17:20:00,2010-08-12 17:20:00,0.0008535259730564221,99.71099876307335
14980,150.68,1,79,2009-12-02 14:09:00,2009-12-02 14:09:00,0.0008519992952642707,99.71185076236861
15991,150.55,1,41,2010-06-23 15:50:00,2010-06-23 15:50:00,0.0008512642281791609,99.71270202659679
14084,150.5,1,306,2010-07-15 14:36:00,2010-07-15 14:36:00,0.0008509815100695031,99.71355300810686
15775,150.5,2,260,2010-03-18 07:32:00,2011-04-08 12:56:00,0.0008509815100695031,99.71440398961693
15474,150.35,1,55,2010-04-23 11:14:00,2010-04-23 11:14:00,0.0008501333557405302,99.71525412297267
18200,150.35,1,104,2011-08-25 18:45:00,2011-08-25 18:45:00,0.0008501333557405302,99.7161042563284
14845,150.0,1,600,2010-04-19 10:19:00,2010-04-19 10:19:00,0.0008481543289729268,99.71695241065738
17234,149.89000000000001,1,55,2011-06-10 11:20:00,2011-06-10 11:20:00,0.0008475323491316801,99.71779994300651
13257,149.75,1,33,2010-09-29 14:58:00,2010-09-29 14:58:00,0.0008467407384246385,99.71864668374494
17946,149.57999999999998,2,75,2011-03-25 14:34:00,2011-04-20 17:00:00,0.0008457794968518025,99.71949246324179
17390,149.3,1,49,2010-10-15 11:29:00,2010-10-15 11:29:00,0.0008441962754377198,99.72033665951723
15435,149.29,1,54,2011-11-17 16:39:00,2011-11-17 16:39:00,0.0008441397318157882,99.72118079924904
13003,149.05,3,103,2011-05-09 08:23:00,2011-08-26 10:50:00,0.0008427826848894316,99.72202358193393
17549,148.86,2,210,2011-10-19 10:05:00,2011-11-16 09:59:00,0.0008417083560727326,99.72286529029
13125,148.62,1,53,2010-07-04 11:58:00,2010-07-04 11:58:00,0.0008403513091463758,99.72370564159915
15526,148.44,2,24,2011-11-06 15:01:00,2011-11-06 15:04:00,0.0008393335239516083,99.72454497512311
15283,148.33,3,27,2010-07-09 15:46:00,2010-11-14 14:54:00,0.0008387115441103616,99.72538368666721
17592,148.3,1,38,2009-12-01 10:49:00,2009-12-01 10:49:00,0.0008385419132445669,99.72622222858045
13457,148.22,2,96,2009-12-02 12:46:00,2010-01-20 08:48:00,0.0008380895642691147,99.72706031814472
13578,147.66,1,127,2010-10-26 13:44:00,2010-10-26 13:44:00,0.0008349231214409492,99.72789524126617
15479,147.4,1,38,2009-12-06 15:08:00,2009-12-06 15:08:00,0.0008334529872707294,99.72872869425343
14098,147.35,1,104,2011-11-03 10:13:00,2011-11-03 10:13:00,0.0008331702691610716,99.7295618645226
16724,147.35,1,69,2010-10-31 11:40:00,2010-10-31 11:40:00,0.0008331702691610716,99.73039503479175
17794,147.3,2,46,2010-01-20 12:17:00,2010-01-22 10:18:00,0.0008328875510514143,99.73122792234281
12858,147.27,1,51,2010-11-21 12:55:00,2010-11-21 12:55:00,0.0008327179201856196,99.732060640263
17030,146.87,1,146,2011-10-07 08:49:00,2011-10-07 08:49:00,0.0008304561753083585,99.73289109643831
14683,146.56,1,386,2010-04-30 17:18:00,2010-04-30 17:18:00,0.000828703323028481,99.73371979976133
15496,146.14000000000001,1,98,2010-03-18 13:16:00,2010-03-18 13:16:00,0.000826328490907357,99.73454612825223
18137,145.99,2,59,2010-06-06 13:45:00,2010-06-06 14:18:00,0.0008254803365783838,99.7353716085888
12565,145.92,1,80,2011-02-24 10:34:00,2011-02-24 10:34:00,0.000825084531224863,99.73619669312004
13866,145.67000000000002,1,57,2011-09-26 14:54:00,2011-09-26 14:54:00,0.000823670940676575,99.73702036406071
15937,145.35,1,73,2011-10-06 15:48:00,2011-10-06 15:48:00,0.0008218615447747661,99.73784222560549
14972,145.07,2,40,2010-11-23 16:17:00,2011-08-03 14:54:00,0.0008202783233606832,99.73866250392885
16598,145.04999999999998,1,73,2011-02-27 11:42:00,2011-02-27 11:42:00,0.0008201652361168201,99.73948266916497
15902,145.01,1,124,2010-11-24 16:57:00,2010-11-24 16:57:00,0.0008199390616290941,99.7403026082266
16852,144.91000000000003,2,56,2011-06-16 15:49:00,2011-11-29 13:22:00,0.000819373625409779,99.741121981852
17938,144.29,1,53,2010-10-15 14:27:00,2010-10-15 14:27:00,0.0008158679208500239,99.74193784977285
14109,144.2,1,88,2011-09-28 10:18:00,2011-09-28 10:18:00,0.0008153590282526401,99.7427532088011
15816,144.14999999999998,2,54,2010-06-15 12:54:00,2010-06-15 13:36:00,0.0008150763101429826,99.74356828511125
12587,144.0,1,51,2011-12-02 12:47:00,2011-12-02 12:47:00,0.0008142281558140097,99.74438251326707
17186,144.0,2,200,2011-10-10 12:52:00,2011-10-24 10:20:00,0.0008142281558140097,99.74519674142289
12387,143.94,1,134,2010-10-20 16:27:00,2010-10-20 16:27:00,0.0008138888940824205,99.74601063031697
14604,143.85999999999999,1,88,2010-03-16 13:00:00,2010-03-16 13:00:00,0.0008134365451069682,99.74682406686208
14574,143.70000000000002,1,63,2009-12-07 12:42:00,2009-12-07 12:42:00,0.0008125318471560638,99.74763659870924
17149,143.10000000000002,1,18,2010-09-14 14:56:00,2010-09-14 14:56:00,0.0008091392298401723,99.74844573793908
15705,143.1,1,62,2011-05-22 15:37:00,2011-05-22 15:37:00,0.0008091392298401721,99.74925487716892
15761,143.05,1,31,2010-09-23 09:33:00,2010-09-23 09:33:00,0.0008088565117305146,99.75006373368065
16507,142.71,1,111,2010-05-16 12:56:00,2010-05-16 12:56:00,0.0008069340285848425,99.75087066770924
14386,142.4,1,54,2011-02-16 09:45:00,2011-02-16 09:45:00,0.0008051811763049653,99.75167584888554
17859,141.92000000000002,1,102,2011-02-08 10:32:00,2011-02-08 10:32:00,0.0008024670824522519,99.75247831596799
18038,141.48,1,80,2010-06-01 15:59:00,2010-06-01 15:59:00,0.0007999791630872644,99.75327829513108
14041,141.41,1,94,2011-03-18 13:25:00,2011-03-18 13:25:00,0.0007995833577337438,99.75407787848881
17273,141.12,1,133,2010-10-11 15:57:00,2010-10-11 15:57:00,0.0007979435926977295,99.75487582208152
12636,141.0,1,1,2009-12-01 09:55:00,2009-12-01 09:55:00,0.0007972650692345513,99.75567308715075
17959,140.75,1,49,2010-04-26 14:12:00,2010-04-26 14:12:00,0.000795851478686263,99.75646893862944
14773,140.55,1,53,2010-04-26 10:29:00,2010-04-26 10:29:00,0.0007947206062476325,99.75726365923569
15388,140.54,1,88,2011-03-14 13:53:00,2011-03-14 13:53:00,0.0007946640626257009,99.75805832329831
15702,140.39000000000001,2,103,2010-01-26 17:23:00,2010-08-20 14:50:00,0.000793815908296728,99.75885213920661
13483,140.34,1,160,2011-10-05 11:53:00,2011-10-05 11:53:00,0.0007935331901870704,99.7596456723968
15324,140.22000000000003,1,74,2010-01-07 14:37:00,2010-01-07 14:37:00,0.0007928546667238921,99.76043852706353
13839,139.95000000000002,1,25,2010-08-10 13:52:00,2010-08-10 13:52:00,0.0007913279889317408,99.76122985505246
16840,139.85,2,117,2010-02-03 12:42:00,2010-04-15 15:48:00,0.0007907625527124253,99.76202061760517
16483,139.35,1,44,2011-05-31 13:08:00,2011-05-31 13:08:00,0.0007879353716158489,99.7628085529768
14772,139.26,1,82,2011-08-19 15:04:00,2011-08-19 15:04:00,0.0007874264790184651,99.76359597945581
14707,139.2,2,96,2010-05-12 11:07:00,2010-09-30 11:37:00,0.000787087217286876,99.7643830666731
18209,139.10000000000002,1,58,2011-11-11 12:07:00,2011-11-11 12:07:00,0.0007865217810675609,99.76516958845417
13273,138.98,1,153,2011-08-18 14:02:00,2011-08-18 14:02:00,0.0007858432576043824,99.76595543171177
12902,138.68,1,66,2011-03-20 12:06:00,2011-03-20 12:06:00,0.0007841469489464366,99.76673957866072
13716,138.28,1,138,2011-03-15 13:49:00,2011-03-15 13:49:00,0.0007818852040691755,99.76752146386478
17982,138.18,1,117,2010-01-28 09:38:00,2010-01-28 09:38:00,0.0007813197678498602,99.76830278363263
15663,138.14,1,106,2011-08-25 15:50:00,2011-08-25 15:50:00,0.000781093593362134,99.769083877226
15848,137.99,1,45,2010-03-28 10:54:00,2010-03-28 10:54:00,0.0007802454390331611,99.76986412266503
16396,137.8,1,80,2010-08-20 14:17:00,2010-08-20 14:17:00,0.0007791711102164622,99.77064329377524
13279,137.75,1,73,2011-09-22 17:24:00,2011-09-22 17:24:00,0.0007788883921068044,99.77142218216734
15836,137.37,1,26,2011-10-20 17:13:00,2011-10-20 17:13:00,0.0007767397344734064,99.77219892190182
13907,136.8,1,68,2010-01-17 12:22:00,2010-01-17 12:22:00,0.0007735167480233093,99.77297243864984
13195,136.73,1,70,2010-10-21 13:07:00,2010-10-21 13:07:00,0.0007731209426697884,99.77374555959251
16237,136.65,1,57,2010-09-28 17:02:00,2010-09-28 17:02:00,0.0007726685936943364,99.77451822818621
16289,136.31,1,97,2010-09-03 14:02:00,2010-09-03 14:02:00,0.0007707461105486644,99.77528897429676
16651,136.2,1,60,2010-05-02 11:46:00,2010-05-02 11:46:00,0.0007701241307074174,99.77605909842747
16876,136.01,1,181,2010-11-01 11:59:00,2010-11-01 11:59:00,0.0007690498018907185,99.77682814822936
14366,136.0,1,16,2010-07-02 17:23:00,2010-07-02 17:23:00,0.0007689932582687869,99.77759714148762
16462,136.0,3,16,2011-03-01 08:58:00,2011-09-27 10:24:00,0.0007689932582687869,99.77836613474588
12968,135.95,1,73,2011-08-19 15:44:00,2011-08-19 15:44:00,0.0007687105401591292,99.77913484528604
17583,135.95,1,55,2010-05-28 14:24:00,2010-05-28 14:24:00,0.0007687105401591292,99.7799035558262
14889,135.9,1,90,2011-01-07 15:19:00,2011-01-07 15:19:00,0.0007684278220494718,99.78067198364825
15419,135.86,1,230,2011-11-15 09:23:00,2011-11-15 09:23:00,0.0007682016475617456,99.7814401852958
16114,135.75000000000003,1,43,2011-06-22 10:13:00,2011-06-22 10:13:00,0.0007675796677204989,99.78220776496353
14391,135.6,1,168,2010-05-12 09:42:00,2010-05-12 09:42:00,0.0007667315133915258,99.78297449647692
13076,135.4,1,44,2010-09-08 10:27:00,2010-09-08 10:27:00,0.0007656006409528953,99.78374009711787
16665,135.39999999999998,1,59,2010-12-12 14:03:00,2010-12-12 14:03:00,0.0007656006409528952,99.78450569775882
14588,135.39,1,62,2010-05-10 15:08:00,2010-05-10 15:08:00,0.0007655440973309637,99.78527124185615
13144,135.35,2,29,2010-10-04 14:14:00,2011-01-11 11:15:00,0.0007653179228432375,99.78603655977899
17972,135.19,1,36,2011-04-12 12:16:00,2011-04-12 12:16:00,0.0007644132248923332,99.78680097300388
13702,135.18,1,74,2010-09-20 11:40:00,2010-09-20 11:40:00,0.0007643566812704016,99.78756532968515
17960,135.08,3,60,2010-03-08 12:22:00,2011-06-21 14:15:00,0.0007637912450510864,99.7883291209302
17199,135.04000000000002,1,232,2010-05-06 13:53:00,2010-05-06 13:53:00,0.0007635650705633604,99.78909268600076
13364,134.95999999999998,1,71,2011-09-29 18:13:00,2011-09-29 18:13:00,0.0007631127215879078,99.78985579872234
13119,134.9,1,110,2010-02-09 08:38:00,2010-02-09 08:38:00,0.0007627734598563189,99.7906185721822
16055,134.8,1,22,2011-05-03 09:26:00,2011-05-03 09:26:00,0.0007622080236370036,99.79138078020583
14340,134.7,1,58,2011-05-05 09:44:00,2011-05-05 09:44:00,0.0007616425874176882,99.79214242279325
14174,134.46,1,94,2011-11-06 13:17:00,2011-11-06 13:17:00,0.0007602855404913316,99.79290270833374
15926,134.44,1,155,2010-06-15 15:23:00,2010-06-15 15:23:00,0.0007601724532474685,99.79366288078698
16486,134.36,1,24,2010-06-20 12:16:00,2010-06-20 12:16:00,0.0007597201042720163,99.79442260089125
14280,134.04,1,52,2011-05-27 10:37:00,2011-05-27 10:37:00,0.0007579107083702073,99.79518051159963
16886,134.0,1,48,2010-09-09 15:08:00,2010-09-09 15:08:00,0.0007576845338824813,99.7959381961335
14349,133.5,1,86,2011-11-29 15:39:00,2011-11-29 15:39:00,0.0007548573527859048,99.7966930534863
17881,133.35000000000002,1,32,2011-02-08 17:16:00,2011-02-08 17:16:00,0.000754009198456932,99.79744706268475
17826,133.34,1,84,2010-11-30 13:23:00,2010-11-30 13:23:00,0.0007539526548350004,99.79820101533959
12467,132.8,1,129,2010-10-12 15:41:00,2010-10-12 15:41:00,0.000750899299250698,99.79895191463883
12964,132.24,1,56,2010-09-28 17:47:00,2010-09-28 17:47:00,0.0007477328564225323,99.79969964749526
12512,132.18,2,96,2011-10-04 14:53:00,2011-10-04 14:55:00,0.0007473935946909431,99.80044704108995
14438,131.9,1,82,2011-02-06 14:56:00,2011-02-06 14:56:00,0.0007458103732768603,99.80119285146323
17565,131.83,1,67,2010-05-02 11:54:00,2010-05-02 11:54:00,0.0007454145679233397,99.80193826603116
17455,131.7,1,66,2011-05-20 12:31:00,2011-05-20 12:31:00,0.0007446795008382297,99.802682945532
14795,131.45000000000002,1,17,2011-06-26 13:04:00,2011-06-26 13:04:00,0.0007432659102899416,99.80342621144229
14378,131.25,1,57,2010-03-28 12:22:00,2010-03-28 12:22:00,0.000742135037851311,99.80416834648014
15409,131.25,1,59,2009-12-18 15:35:00,2009-12-18 15:35:00,0.000742135037851311,99.804910481518
17225,131.15,1,36,2010-05-07 11:38:00,2010-05-07 11:38:00,0.0007415696016319957,99.80565205111962
16865,130.95,1,157,2010-11-03 11:34:00,2010-11-03 11:34:00,0.000740438729193365,99.80639248984882
15844,130.73999999999998,1,134,2011-10-24 15:19:00,2011-10-24 15:19:00,0.0007392513131328029,99.80713174116195
17240,130.6,1,108,2010-04-22 15:44:00,2010-04-22 15:44:00,0.0007384597024257616,99.80787020086439
16410,130.32,1,348,2009-12-05 14:51:00,2009-12-05 14:51:00,0.0007368764810116788,99.8086070773454
16288,129.85,1,19,2010-08-26 14:45:00,2010-08-26 14:45:00,0.0007342189307808969,99.80934129627619
17762,129.75,1,129,2010-09-09 17:40:00,2010-09-09 17:40:00,0.0007336534945615817,99.81007494977075
15317,129.75,1,45,2010-01-31 15:55:00,2010-01-31 15:55:00,0.0007336534945615817,99.81080860326531
14865,129.72,4,300,2009-12-01 16:05:00,2011-12-02 16:25:00,0.0007334838636957871,99.81154208712901
17847,129.69,2,29,2010-03-04 12:57:00,2010-07-12 10:00:00,0.0007333142328299925,99.81227540136184
14999,129.48000000000002,1,88,2010-04-26 10:47:00,2010-04-26 10:47:00,0.0007321268167694306,99.81300752817862
12555,129.23,1,1,2010-01-26 16:26:00,2010-01-26 16:26:00,0.0007307132262211421,99.81373824140483
13071,129.22,1,30,2010-04-06 13:37:00,2010-04-06 13:37:00,0.0007306566825992107,99.81446889808744
17056,128.60000000000002,1,26,2009-12-01 12:55:00,2009-12-01 12:55:00,0.000727150978039456,99.81519604906548
16828,128.5,2,59,2011-08-19 13:24:00,2011-09-07 15:10:00,0.0007265855418201406,99.8159226346073
17089,128.45,1,35,2010-11-18 15:33:00,2010-11-18 15:33:00,0.0007263028237104829,99.81664893743101
16251,128.31,1,44,2010-07-15 14:55:00,2010-07-15 14:55:00,0.0007255112130034416,99.81737444864402
15892,128.2,1,46,2010-02-08 16:23:00,2010-02-08 16:23:00,0.0007248892331621947,99.81809933787719
17297,128.18,1,65,2011-11-22 14:43:00,2011-11-22 14:43:00,0.0007247761459183318,99.8188241140231
13666,127.89999999999999,5,54,2009-12-04 10:48:00,2011-10-10 15:39:00,0.0007231929245042489,99.81954730694761
13053,127.65,1,47,2010-03-28 11:28:00,2010-03-28 11:28:00,0.0007217793339559607,99.82026908628157
13586,127.28,1,38,2010-06-16 13:47:00,2010-06-16 13:47:00,0.0007196872199444941,99.82098877350151
15578,127.1,1,52,2011-06-30 13:03:00,2011-06-30 13:03:00,0.0007186694347497266,99.82170744293626
16973,127.0,1,60,2010-11-18 13:56:00,2010-11-18 13:56:00,0.0007181039985304113,99.8224255469348
14751,126.45,2,65,2009-12-13 14:08:00,2010-01-24 13:37:00,0.0007149940993241773,99.82314054103412
15463,126.14,1,106,2011-11-10 12:57:00,2011-11-10 12:57:00,0.0007132412470442999,99.82385378228116
16294,126.05000000000001,1,54,2010-08-20 12:01:00,2010-08-20 12:01:00,0.0007127323544469163,99.8245665146356
13794,126.03,1,63,2010-06-11 12:30:00,2010-06-11 12:30:00,0.000712619267203053,99.82527913390281
17657,126.0,1,60,2010-10-05 14:52:00,2010-10-05 14:52:00,0.0007124496363372585,99.82599158353915
12814,125.92,1,49,2011-08-30 12:11:00,2011-08-30 12:11:00,0.0007119972873618062,99.82670358082652
13522,125.80000000000001,1,44,2011-11-09 15:11:00,2011-11-09 15:11:00,0.000711318763898628,99.82741489959042
16925,125.65,1,123,2010-06-17 15:03:00,2010-06-17 15:03:00,0.000710470609569655,99.8281253702
15017,125.58,1,63,2011-11-06 10:33:00,2011-11-06 10:33:00,0.0007100748042161343,99.82883544500422
15731,125.3,1,122,2010-06-04 10:10:00,2010-06-04 10:10:00,0.0007084915828020515,99.82954393658702
13912,124.95,1,29,2010-10-12 08:43:00,2010-10-12 08:43:00,0.000706512556034448,99.83025044914305
17148,124.88,1,82,2011-10-19 09:59:00,2011-10-19 09:59:00,0.0007061167506809273,99.83095656589373
17818,124.78,1,86,2009-12-02 11:34:00,2009-12-02 11:34:00,0.000705551314461612,99.8316621172082
13312,124.75,1,41,2010-09-14 14:36:00,2010-09-14 14:36:00,0.0007053816835958174,99.8323674988918
16849,124.57,1,33,2011-06-06 09:16:00,2011-06-06 09:16:00,0.0007043638984010499,99.8330718627902
17316,124.45,1,44,2010-10-15 14:35:00,2010-10-15 14:35:00,0.0007036853749378717,99.83377554816515
18000,124.25,1,109,2010-05-24 17:34:00,2010-05-24 17:34:00,0.0007025545024992411,99.83447810266765
12773,124.25,1,109,2010-05-24 17:30:00,2010-05-24 17:30:00,0.0007025545024992411,99.83518065717014
15779,124.08000000000001,2,20,2010-06-25 15:55:00,2010-09-02 16:40:00,0.0007015932609264052,99.83588225043107
13968,123.66,1,174,2010-10-12 13:22:00,2010-10-12 13:22:00,0.0006992184288052808,99.83658146885988
14187,123.5,1,50,2010-08-23 12:06:00,2010-08-23 12:06:00,0.0006983137308543765,99.83727978259073
16397,123.13,1,43,2010-03-21 15:36:00,2010-03-21 15:36:00,0.0006962216168429098,99.83797600420758
13876,122.7,1,36,2011-10-07 10:22:00,2011-10-07 10:22:00,0.0006937902410998541,99.83866979444868
13638,122.64,1,93,2011-11-24 10:38:00,2011-11-24 10:38:00,0.000693450979368265,99.83936324542805
12969,122.45,1,55,2010-04-16 10:50:00,2010-04-16 10:50:00,0.0006923766505515659,99.8400556220786
13084,122.39999999999999,1,144,2010-08-05 08:49:00,2010-08-05 08:49:00,0.0006920939324419083,99.84074771601104
16073,122.39999999999999,1,48,2011-02-15 15:41:00,2011-02-15 15:41:00,0.0006920939324419083,99.84143980994348
13244,121.74000000000001,1,38,2011-09-08 11:46:00,2011-09-08 11:46:00,0.0006883620533944274,99.84212817199688
13182,121.18,1,201,2011-10-25 13:46:00,2011-10-25 13:46:00,0.0006851956105662618,99.84281336760745
15049,121.17000000000002,1,63,2011-03-11 12:13:00,2011-03-11 12:13:00,0.0006851390669443304,99.8434985066744
17260,120.95,1,23,2010-10-24 13:21:00,2010-10-24 13:21:00,0.0006838951072618367,99.84418240178165
17446,120.9,2,198,2011-02-02 14:40:00,2011-06-16 10:42:00,0.000683612389152179,99.8448660141708
14884,120.6,1,72,2010-02-08 12:56:00,2010-02-08 12:56:00,0.0006819160804942331,99.8455479302513
14165,120.44,1,53,2011-03-09 12:39:00,2011-03-09 12:39:00,0.0006810113825433286,99.84622894163384
14444,120.44,1,172,2010-09-09 18:56:00,2010-09-09 18:56:00,0.0006810113825433286,99.84690995301638
17543,120.05,1,62,2010-06-08 12:41:00,2010-06-08 12:41:00,0.000678806181287999,99.84758875919766
18015,120.03,1,157,2011-12-05 14:49:00,2011-12-05 14:49:00,0.000678693094044136,99.84826745229171
14259,120.0,1,68,2011-07-21 10:44:00,2011-07-21 10:44:00,0.0006785234631783415,99.84894597575489
14453,119.93,1,49,2011-06-02 14:15:00,2011-06-02 14:15:00,0.0006781276578248208,99.84962410341271
15161,119.92,1,144,2010-11-16 16:08:00,2010-11-16 16:08:00,0.0006780711142028893,99.85030217452692
17541,119.86,1,44,2010-07-18 11:36:00,2010-07-18 11:36:00,0.0006777318524713,99.8509799063794
17177,119.5,1,40,2010-07-22 14:53:00,2010-07-22 14:53:00,0.000675696282081765,99.85165560266148
15843,118.95000000000002,1,27,2011-02-09 10:19:00,2011-02-09 10:19:00,0.0006725863828755311,99.85232818904436
17280,118.85999999999999,1,74,2010-09-27 16:46:00,2010-09-27 16:46:00,0.0006720774902781471,99.85300026653464
17079,118.80000000000001,1,24,2011-09-22 15:34:00,2011-09-22 15:34:00,0.0006717382285465582,99.85367200476318
14155,118.75,1,25,2011-03-18 14:13:00,2011-03-18 14:13:00,0.0006714555104369004,99.85434346027363
14076,118.67,1,79,2011-08-02 15:19:00,2011-08-02 15:19:00,0.0006710031614614481,99.85501446343508
12929,117.85,1,37,2011-02-01 12:08:00,2011-02-01 12:08:00,0.0006663665844630627,99.85568083001955
16291,117.72,1,1,2010-01-26 16:26:00,2010-01-26 16:26:00,0.000665631517377953,99.85634646153693
17654,117.55,1,41,2011-03-07 13:17:00,2011-03-07 13:17:00,0.0006646702758051169,99.85701113181274
16959,117.35000000000001,1,49,2011-09-13 15:03:00,2011-09-13 15:03:00,0.0006635394033664865,99.8576746712161
14726,116.5,1,82,2010-02-23 12:35:00,2010-02-23 12:35:00,0.0006587331955023065,99.85833340441161
17117,116.19999999999999,1,68,2011-02-24 13:54:00,2011-02-24 13:54:00,0.0006570368868443606,99.85899044129846
14874,116.18,1,148,2010-06-22 14:58:00,2010-06-22 14:58:00,0.0006569237996004976,99.85964736509806
14143,115.8,1,30,2011-07-29 09:48:00,2011-07-29 09:48:00,0.0006547751419670994,99.86030214024002
16068,115.73,1,48,2010-04-25 11:52:00,2010-04-25 11:52:00,0.0006543793366135789,99.86095651957663
18027,115.31,1,78,2011-09-02 10:38:00,2011-09-02 10:38:00,0.0006520045044924546,99.86160852408112
18012,115.3,1,63,2009-12-16 13:16:00,2009-12-16 13:16:00,0.000651947960870523,99.862260472042
17401,114.85,1,34,2010-06-16 16:54:00,2010-06-16 16:54:00,0.0006494034978836042,99.86290987553988
17933,114.69,1,63,2010-03-17 15:11:00,2010-03-17 15:11:00,0.0006484987999326998,99.86355837433982
15905,114.69,1,82,2010-06-14 16:00:00,2010-06-14 16:00:00,0.0006484987999326998,99.86420687313975
13188,114.60000000000001,1,25,2011-11-28 15:28:00,2011-11-28 15:28:00,0.0006479899073353161,99.86485486304709
16247,114.56,1,182,2011-06-22 14:23:00,2011-06-22 14:23:00,0.00064776373284759,99.86550262677993
14632,114.56,1,96,2011-03-22 08:49:00,2011-03-22 08:49:00,0.00064776373284759,99.86615039051277
14652,114.18,1,53,2011-09-23 14:21:00,2011-09-23 14:21:00,0.0006456150752141919,99.86679600558799
12938,114.14,1,140,2011-11-14 11:21:00,2011-11-14 11:21:00,0.0006453889007264657,99.86744139448871
14582,114.11,1,73,2011-10-30 11:56:00,2011-10-30 11:56:00,0.0006452192698606712,99.86808661375856
17275,114.1,1,71,2010-11-21 13:26:00,2010-11-21 13:26:00,0.0006451627262387396,99.86873177648481
15056,113.64999999999999,1,69,2010-07-07 15:58:00,2010-07-07 15:58:00,0.0006426182632518208,99.86937439474806
14457,113.64,1,88,2011-02-02 09:39:00,2011-02-02 09:39:00,0.0006425617196298894,99.8700169564677
18105,113.48000000000002,1,46,2011-11-02 12:04:00,2011-11-02 12:04:00,0.000641657021678985,99.87065861348937
16821,113.35,1,13,2010-11-23 10:04:00,2010-11-23 10:04:00,0.000640921954593875,99.87129953544397
17784,112.86,1,72,2010-06-07 16:08:00,2010-06-07 16:08:00,0.0006381513171192302,99.87193768676109
18148,112.85000000000001,1,63,2010-03-03 11:40:00,2010-03-03 11:40:00,0.0006380947734972986,99.87257578153458
14689,112.8,1,76,2011-05-15 11:22:00,2011-05-15 11:22:00,0.000637812055387641,99.87321359358997
16697,112.75,1,27,2011-04-12 17:12:00,2011-04-12 17:12:00,0.0006375293372779834,99.87385112292725
18129,112.55000000000001,1,48,2011-04-10 14:16:00,2011-04-10 14:16:00,0.0006363984648393528,99.87448752139208
13241,112.53,1,46,2010-10-24 11:17:00,2010-10-24 11:17:00,0.0006362853775954897,99.87512380676968
15899,112.5,1,78,2010-12-06 10:36:00,2010-12-06 10:36:00,0.0006361157467296951,99.87575992251641
15610,112.46000000000001,1,66,2011-10-19 10:36:00,2011-10-19 10:36:00,0.000635889572241969,99.87639581208865
13620,112.34,1,74,2010-06-29 15:02:00,2010-06-29 15:02:00,0.0006352110487787907,99.87703102313742
17816,112.32,6,96,2009-12-15 15:27:00,2011-11-03 11:34:00,0.0006350979615349276,99.87766612109895
17900,112.19999999999999,2,73,2011-06-02 14:28:00,2011-06-02 14:38:00,0.0006344194380717491,99.87830054053703
13193,112.08,1,46,2011-10-09 14:30:00,2011-10-09 14:30:00,0.0006337409146085709,99.87893428145163
12756,112.07999999999998,1,144,2011-09-14 09:31:00,2011-09-14 09:31:00,0.0006337409146085708,99.87956802236624
14750,112.03,1,65,2009-12-03 17:57:00,2009-12-03 17:57:00,0.0006334581964989132,99.88020148056275
17957,111.68,1,287,2011-10-04 14:58:00,2011-10-04 14:58:00,0.0006314791697313098,99.88083295973247
14668,111.63,1,49,2010-09-20 15:03:00,2010-09-20 15:03:00,0.0006311964516216521,99.8814641561841
17304,111.5,1,73,2010-06-23 16:23:00,2010-06-23 16:23:00,0.0006304613845365423,99.88209461756863
17887,111.35,1,30,2011-08-02 17:29:00,2011-08-02 17:29:00,0.0006296132302075693,99.88272423079883
17208,111.15,1,101,2010-11-09 12:50:00,2010-11-09 12:50:00,0.0006284823577689388,99.8833527131566
15352,111.15,1,40,2010-06-09 11:28:00,2010-06-09 11:28:00,0.0006284823577689388,99.88398119551437
18120,111.15,1,31,2011-05-09 13:45:00,2011-05-09 13:45:00,0.0006284823577689388,99.88460967787213
14464,111.0,2,62,2010-03-22 15:20:00,2010-05-20 18:00:00,0.0006276342034399658,99.88523731207557
12692,110.95,1,36,2010-03-12 14:02:00,2010-03-12 14:02:00,0.0006273514853303081,99.88586466356091
14509,110.95,1,38,2010-06-23 13:21:00,2010-06-23 13:21:00,0.0006273514853303081,99.88649201504624
15537,110.92,1,29,2011-06-29 13:10:00,2011-06-29 13:10:00,0.0006271818544645136,99.88711919690071
15853,110.8,1,135,2011-10-19 10:38:00,2011-10-19 10:38:00,0.0006265033310013353,99.88774570023172
18256,110.7,1,180,2010-11-17 08:53:00,2010-11-17 08:53:00,0.00062593789478202,99.8883716381265
14787,110.65,1,59,2010-08-25 14:38:00,2010-08-25 14:38:00,0.0006256551766723624,99.88899729330318
16963,110.55000000000001,1,35,2011-06-05 13:48:00,2011-06-05 13:48:00,0.0006250897404530472,99.88962238304363
14641,110.46,1,90,2011-11-18 10:42:00,2011-11-18 10:42:00,0.0006245808478556633,99.89024696389149
17836,110.21000000000001,1,88,2011-10-23 16:13:00,2011-10-23 16:13:00,0.0006231672573073752,99.89087013114879
17909,110.05,1,35,2009-12-02 13:10:00,2009-12-02 13:10:00,0.0006222625593564706,99.89149239370815
15851,109.73,1,67,2010-07-01 12:34:00,2010-07-01 12:34:00,0.0006204531634546617,99.8921128468716
14033,109.44,1,576,2010-06-02 15:10:00,2010-06-02 15:10:00,0.0006188133984186474,99.89273166027002
16363,109.36000000000001,1,52,2011-10-17 14:14:00,2011-10-17 14:14:00,0.0006183610494431953,99.89335002131946
16064,109.31,1,55,2009-12-14 16:11:00,2009-12-14 16:11:00,0.0006180783313335375,99.89396809965079
16664,109.2,1,24,2010-05-19 17:11:00,2010-05-19 17:11:00,0.0006174563514922907,99.89458555600228
14721,109.07,1,57,2010-11-25 13:08:00,2010-11-25 13:08:00,0.0006167212844071807,99.89520227728669
14345,108.97999999999999,1,50,2011-11-01 09:51:00,2011-11-01 09:51:00,0.0006162123918097969,99.89581848967849
13170,108.81,1,141,2011-11-13 12:19:00,2011-11-13 12:19:00,0.000615251150236961,99.89643374082873
15875,108.52,1,74,2010-03-03 16:51:00,2010-03-03 16:51:00,0.0006136113852009468,99.89704735221393
16106,108.38,1,74,2011-10-05 10:37:00,2011-10-05 10:37:00,0.0006128197744939053,99.89766017198842
14374,108.0,1,20,2010-06-16 14:25:00,2010-06-16 14:25:00,0.0006106711168605073,99.89827084310528
14661,107.95,1,35,2011-11-13 11:51:00,2011-11-13 11:51:00,0.0006103883987508496,99.89888123150403
13580,107.75,1,45,2010-10-29 15:01:00,2010-10-29 15:01:00,0.000609257526312219,99.89949048903034
14943,107.62,1,46,2010-02-14 16:04:00,2010-02-14 16:04:00,0.0006085224592271093,99.90009901148957
15395,107.45,1,17,2011-01-18 12:40:00,2011-01-18 12:40:00,0.0006075612176542732,99.90070657270722
16301,107.33,1,41,2009-12-03 10:20:00,2009-12-03 10:20:00,0.0006068826941910949,99.90131345540141
15328,107.24,1,88,2010-10-28 09:05:00,2010-10-28 09:05:00,0.0006063738015937111,99.901919829203
17893,107.21,1,149,2011-04-28 13:50:00,2011-04-28 13:50:00,0.0006062041707279166,99.90252603337372
16047,107.14,1,1,2010-01-26 16:34:00,2010-01-26 16:34:00,0.0006058083653743959,99.9031318417391
15846,107.01,1,79,2010-11-19 14:40:00,2010-11-19 14:40:00,0.000605073298289286,99.90373691503738
16630,106.80000000000001,1,72,2010-10-28 14:30:00,2010-10-28 14:30:00,0.000603885882228724,99.90434080091961
16082,106.75,1,39,2010-02-07 15:16:00,2010-02-07 15:16:00,0.0006036031641190662,99.90494440408374
14637,106.67999999999999,1,100,2010-01-31 15:52:00,2010-01-31 15:52:00,0.0006032073587655455,99.9055476114425
15168,106.56,1,52,2011-11-14 11:26:00,2011-11-14 11:26:00,0.0006025288353023672,99.9061501402778
15927,106.54,1,66,2010-03-02 13:25:00,2010-03-02 13:25:00,0.0006024157480585042,99.90675255602586
17791,106.1,1,46,2011-11-10 12:09:00,2011-11-10 12:09:00,0.0005999278286935169,99.90735248385455
16581,105.84,1,134,2011-06-10 10:05:00,2011-06-10 10:05:00,0.0005984576945232971,99.90795094154907
18103,105.8,1,23,2010-06-08 13:36:00,2010-06-08 13:36:00,0.000598231520035571,99.9085491730691
15642,105.78000000000002,1,270,2009-12-10 11:51:00,2009-12-10 11:51:00,0.0005981184327917081,99.9091472915019
14579,105.56,1,56,2010-10-03 14:36:00,2010-10-03 14:36:00,0.0005968744731092143,99.909744165975
15340,105.5,1,76,2010-05-27 10:27:00,2010-05-27 10:27:00,0.0005965352113776252,99.91034070118637
14027,104.82,1,62,2011-10-10 09:01:00,2011-10-10 09:01:00,0.0005926902450862811,99.91093339143146
17328,104.7,1,86,2010-02-04 17:11:00,2010-02-04 17:11:00,0.0005920117216231029,99.91152540315308
16547,104.25999999999999,1,108,2010-06-11 13:02:00,2010-06-11 13:02:00,0.0005895238022581156,99.91211492695534
16375,104.0,2,74,2010-08-26 14:12:00,2010-08-26 14:25:00,0.0005880536680878959,99.91270298062342
16896,103.95,1,18,2010-06-02 15:40:00,2010-06-02 15:40:00,0.0005877709499782383,99.9132907515734
14542,103.25,1,19,2011-06-07 08:19:00,2011-06-07 08:19:00,0.0005838128964430313,99.91387456446984
15924,102.82,1,103,2009-12-08 15:00:00,2009-12-08 15:00:00,0.0005813815206999755,99.91445594599054
18124,102.65,1,47,2010-08-24 17:21:00,2010-08-24 17:21:00,0.0005804202791271396,99.91503636626966
17467,102.6,1,20,2010-11-09 12:58:00,2010-11-09 12:58:00,0.0005801375610174818,99.91561650383068
14836,102.44999999999999,3,45,2011-11-09 13:26:00,2011-11-29 16:45:00,0.000579289406688509,99.91619579323736
13829,102.0,1,12,2010-10-14 18:19:00,2010-10-14 18:19:00,0.0005767449437015902,99.91677253818106
15486,102.0,1,40,2010-06-30 13:15:00,2010-06-30 13:15:00,0.0005767449437015902,99.91734928312476
18068,101.69999999999999,1,6,2011-02-23 14:50:00,2011-02-23 14:50:00,0.0005750486350436443,99.9179243317598
16516,101.69999999999999,1,58,2011-11-09 14:59:00,2011-11-09 14:59:00,0.0005750486350436443,99.91849938039485
16944,101.36,1,27,2010-04-09 11:03:00,2010-04-09 11:03:00,0.0005731261518979724,99.91907250654674
18086,101.34,1,106,2011-03-10 13:34:00,2011-03-10 13:34:00,0.0005730130646541094,99.9196455196114
18195,101.16,1,60,2010-11-17 15:03:00,2010-11-17 15:03:00,0.0005719952794593419,99.92021751489085
13011,101.10000000000001,1,26,2010-12-02 17:22:00,2010-12-02 17:22:00,0.0005716560177277527,99.92078917090858
17741,101.1,2,114,2010-05-28 12:11:00,2010-10-29 11:59:00,0.0005716560177277527,99.9213608269263
16498,100.97,2,45,2011-06-30 19:52:00,2011-07-01 15:07:00,0.0005709209506426428,99.92193174787694
17493,100.91000000000001,1,62,2010-11-19 16:57:00,2010-11-19 16:57:00,0.0005705816889110538,99.92250232956584
14946,100.9,1,22,2011-11-25 13:33:00,2011-11-25 13:33:00,0.0005705251452891221,99.92307285471114
17224,100.86,1,65,2010-07-26 13:30:00,2010-07-26 13:30:00,0.000570298970801396,99.92364315368194
17427,100.8,1,34,2011-09-29 11:29:00,2011-09-29 11:29:00,0.0005699597090698068,99.924213113391
14371,100.5,1,34,2011-02-17 16:35:00,2011-02-17 16:35:00,0.000568263400411861,99.92478137679142
15635,100.35,1,5,2010-11-09 08:58:00,2010-11-09 08:58:00,0.0005674152460828879,99.9253487920375
17570,100.0,1,1,2010-11-23 11:56:00,2010-11-23 11:56:00,0.0005654362193152846,99.92591422825681
17939,99.14,1,40,2011-07-03 12:27:00,2011-07-03 12:27:00,0.000560573467829173,99.92647480172464
12774,98.7,1,53,2010-06-22 10:38:00,2010-06-22 10:38:00,0.0005580855484641859,99.9270328872731
17538,98.42,1,134,2011-11-14 12:12:00,2011-11-14 12:12:00,0.000556502327050103,99.92758938960014
16694,98.30000000000001,1,26,2009-12-16 15:45:00,2009-12-16 15:45:00,0.0005558238035869248,99.92814521340372
12984,97.5,1,26,2011-11-21 12:37:00,2011-11-21 12:37:00,0.0005513003138324025,99.92869651371755
17395,97.5,1,66,2010-07-19 15:34:00,2010-07-19 15:34:00,0.0005513003138324025,99.92924781403138
14642,96.12,1,76,2011-10-12 11:08:00,2011-10-12 11:08:00,0.0005434972940058514,99.92979131132539
13793,96.0,1,52,2010-03-03 08:25:00,2010-03-03 08:25:00,0.0005428187705426731,99.93033413009593
15583,95.96,1,56,2010-11-28 15:04:00,2010-11-28 15:04:00,0.000542592596054947,99.93087672269198
17024,95.85,3,69,2011-07-05 09:31:00,2011-10-25 13:47:00,0.0005419706162137002,99.93141869330819
17895,95.45,1,127,2011-10-26 17:00:00,2011-10-26 17:00:00,0.000539708871336439,99.93195840217952
18249,95.34,1,128,2011-11-22 15:07:00,2011-11-22 15:07:00,0.0005390868914951923,99.93249748907101
12548,95.19999999999999,1,49,2011-06-26 15:35:00,2011-06-26 15:35:00,0.0005382952807881508,99.9330357843518
15285,94.92,1,120,2010-10-28 09:46:00,2010-10-28 09:46:00,0.0005367120593740681,99.93357249641117
14833,94.8,1,58,2010-07-29 10:06:00,2010-07-29 10:06:00,0.0005360335359108898,99.93410852994708
15868,94.53,1,57,2010-05-05 14:11:00,2010-05-05 14:11:00,0.0005345068581187385,99.9346430368052
16339,94.05,1,21,2011-02-28 13:41:00,2011-02-28 13:41:00,0.000531792764266025,99.93517482956946
15397,94.0,1,20,2011-02-23 09:25:00,2011-02-23 09:25:00,0.0005315100461563674,99.93570633961562
18033,93.82000000000001,1,252,2011-10-05 17:28:00,2011-10-05 17:28:00,0.0005304922609616,99.93623683187658
14394,93.8,1,58,2010-05-24 10:43:00,2010-05-24 10:43:00,0.0005303791737177369,99.93676721105031
15305,93.6,1,40,2010-06-02 13:50:00,2010-06-02 13:50:00,0.0005292483012791063,99.93729645935159
12992,93.35000000000001,1,21,2009-12-14 16:46:00,2009-12-14 16:46:00,0.0005278347107308182,99.93782429406232
15082,93.35000000000001,1,43,2010-02-09 10:23:00,2010-02-09 10:23:00,0.0005278347107308182,99.93835212877306
16196,93.3,1,26,2010-08-08 11:40:00,2010-08-08 11:40:00,0.0005275519926211604,99.93887968076568
14054,92.46,1,62,2011-10-05 15:49:00,2011-10-05 15:49:00,0.000522802328378912,99.93940248309406
13160,91.8,1,56,2011-11-17 13:07:00,2011-11-17 13:07:00,0.0005190704493314312,99.93992155354339
16831,91.8,1,48,2010-05-24 09:08:00,2010-05-24 09:08:00,0.0005190704493314312,99.94044062399271
12659,91.68,1,105,2011-11-10 11:53:00,2011-11-10 11:53:00,0.0005183919258682529,99.94095901591858
13392,91.14,1,82,2010-01-31 13:34:00,2010-01-31 13:34:00,0.0005153385702839503,99.94147435448886
14786,90.96,1,112,2010-06-07 13:42:00,2010-06-07 13:42:00,0.0005143207850891828,99.94198867527395
13947,90.6,1,44,2011-10-05 14:42:00,2011-10-05 14:42:00,0.0005122852146996478,99.94250096048864
14435,90.42,1,282,2010-07-26 12:33:00,2010-07-26 12:33:00,0.0005112674295048803,99.94301222791815
16506,90.30000000000001,2,42,2011-10-30 15:50:00,2011-11-20 12:17:00,0.000510588906041702,99.94352281682418
16597,90.04,1,184,2011-12-05 15:44:00,2011-12-05 15:44:00,0.0005091187718714822,99.94403193559606
14117,90.0,1,72,2011-07-19 09:49:00,2011-07-19 09:49:00,0.000508892597383756,99.94454082819344
15686,90.0,1,72,2010-10-15 13:50:00,2010-10-15 13:50:00,0.000508892597383756,99.94504972079082
14974,89.94,1,37,2011-11-02 13:01:00,2011-11-02 13:01:00,0.0005085533356521669,99.94555827412647
16061,89.65,1,19,2010-10-04 15:29:00,2010-10-04 15:29:00,0.0005069135706161525,99.94606518769709
13535,89.5,1,10,2010-11-02 11:49:00,2010-11-02 11:49:00,0.0005060654162871797,99.94657125311338
14760,89.2,1,40,2011-02-15 16:27:00,2011-02-15 16:27:00,0.0005043691076292338,99.947075622221
13222,88.5,1,30,2010-05-11 13:54:00,2010-05-11 13:54:00,0.0005004110540940269,99.9475760332751
15603,88.48,2,128,2010-03-01 16:02:00,2011-09-22 10:04:00,0.0005002979668501638,99.94807633124195
15083,88.2,1,38,2011-03-28 12:18:00,2011-03-28 12:18:00,0.000498714745436081,99.94857504598738
16564,87.8,1,40,2010-05-19 14:41:00,2010-05-19 14:41:00,0.0004964530005588198,99.94907149898795
17606,87.30000000000001,1,42,2009-12-02 13:32:00,2009-12-02 13:32:00,0.0004936258194622434,99.9495651248074
17763,86.15,4,41,2010-02-18 14:32:00,2011-03-21 14:25:00,0.00048712330294011766,99.95005224811035
13180,86.10000000000001,1,42,2010-04-11 13:37:00,2010-04-11 13:37:00,0.00048684058483046004,99.95053908869518
15541,85.13000000000001,1,49,2011-08-17 14:58:00,2011-08-17 14:58:00,0.00048135585350310173,99.95102044454869
13841,85.0,1,100,2011-04-01 12:10:00,2011-04-01 12:10:00,0.0004806207864179919,99.95150106533511
12401,84.3,1,11,2011-02-09 13:50:00,2011-02-09 13:50:00,0.0004766627328827849,99.95197772806799
15094,83.0,2,28,2010-03-05 12:56:00,2010-09-02 16:55:00,0.00046931206203168615,99.95244704013002
14347,82.6,1,48,2009-12-03 10:49:00,2009-12-03 10:49:00,0.000467050317154425,99.95291409044718
13469,82.4,1,52,2010-02-24 15:03:00,2010-02-24 15:03:00,0.0004659194447157945,99.9533800098919
16028,82.2,1,18,2010-04-23 11:45:00,2010-04-23 11:45:00,0.0004647885722771639,99.95384479846417
13215,81.6,1,96,2010-11-02 18:26:00,2010-11-02 18:26:00,0.00046139595496127214,99.95430619441913
13006,81.57,1,55,2011-10-14 13:49:00,2011-10-14 13:49:00,0.0004612263240954776,99.95476742074322
17620,81.44,1,60,2011-10-11 12:08:00,2011-10-11 12:08:00,0.0004604912570103677,99.95522791200024
17008,81.36,1,24,2010-10-06 15:19:00,2010-10-06 15:19:00,0.0004600389080349155,99.95568795090827
14717,81.3,1,32,2009-12-06 13:05:00,2009-12-06 13:05:00,0.0004596996463033263,99.95614765055457
15170,81.15,1,33,2010-10-29 10:34:00,2010-10-29 10:34:00,0.0004588514919743535,99.95660650204654
17336,81.12,1,48,2010-08-24 15:37:00,2010-08-24 15:37:00,0.0004586818611085588,99.95706518390764
16789,80.8,1,32,2011-12-01 15:12:00,2011-12-01 15:12:00,0.00045687246520674995,99.95752205637285
17752,80.64,1,192,2010-12-15 16:19:00,2010-12-15 16:19:00,0.0004559677672558455,99.9579780241401
15833,80.4,1,24,2009-12-02 11:59:00,2009-12-02 11:59:00,0.0004546107203294888,99.95843263486043
15131,80.28,1,88,2010-11-10 12:07:00,2010-11-10 12:07:00,0.0004539321968663104,99.95888656705729
14190,79.9,1,2,2010-02-11 14:27:00,2010-02-11 14:27:00,0.00045178353923291237,99.95933835059652
16165,79.9,1,2,2010-07-22 14:17:00,2010-07-22 14:17:00,0.00045178353923291237,99.95979013413576
14589,79.5,1,10,2010-12-03 11:42:00,2010-12-03 11:42:00,0.00044952179435565117,99.96023965593011
14007,79.48,1,16,2010-07-15 09:06:00,2010-07-15 09:06:00,0.00044940870711178817,99.96068906463722
15753,79.2,1,144,2011-02-08 12:41:00,2011-02-08 12:41:00,0.00044782548569770536,99.96113689012292
12570,77.52,1,1,2010-01-26 17:28:00,2010-01-26 17:28:00,0.00043832615721320855,99.96157521628012
17942,77.50000000000001,1,38,2011-12-02 10:45:00,2011-12-02 10:45:00,0.0004382130699693456,99.9620134293501
14785,77.4,2,84,2011-11-24 13:40:00,2011-11-29 13:21:00,0.0004376476337500303,99.96245107698384
13132,77.3,1,20,2011-03-23 12:44:00,2011-03-23 12:44:00,0.00043708219753071486,99.96288815918138
16867,76.74000000000001,1,58,2010-01-19 09:11:00,2010-01-19 09:11:00,0.0004339157547025494,99.96332207493607
14373,76.55,1,17,2010-12-16 15:40:00,2010-12-16 15:40:00,0.00043284142588585035,99.96375491636196
14090,76.32000000000001,1,72,2011-01-19 10:51:00,2011-01-19 10:51:00,0.0004315409225814252,99.96418645728454
15668,76.32000000000001,1,72,2011-05-06 10:39:00,2011-05-06 10:39:00,0.0004315409225814252,99.96461799820712
14613,76.32000000000001,1,72,2010-01-28 13:02:00,2010-01-28 13:02:00,0.0004315409225814252,99.9650495391297
13219,76.23,1,11,2010-03-31 14:18:00,2010-03-31 14:18:00,0.00043103202998404143,99.96548057115967
17628,75.75,1,79,2011-09-19 15:21:00,2011-09-19 15:21:00,0.000428317936131328,99.9659088890958
16610,75.66,1,66,2011-05-04 13:13:00,2011-05-04 13:13:00,0.00042780904353394427,99.96633669813933
14559,75.6,1,72,2010-11-14 16:05:00,2010-11-14 16:05:00,0.00042746978180235504,99.96676416792113
17192,75.28,1,45,2010-06-21 16:07:00,2010-06-21 16:07:00,0.00042566038590054623,99.96718982830703
16420,75.0,1,120,2010-11-08 15:15:00,2010-11-08 15:15:00,0.0004240771644864634,99.96761390547151
17944,74.99,1,84,2010-10-12 16:25:00,2010-10-12 16:25:00,0.0004240206208645318,99.96803792609238
13095,74.39999999999999,1,144,2011-09-30 12:03:00,2011-09-30 12:03:00,0.0004206845471705716,99.96845861063954
12506,73.5,1,23,2011-04-21 08:54:00,2011-04-21 08:54:00,0.00041559562119673413,99.96887420626074
18032,73.5,1,42,2011-01-09 15:32:00,2011-01-09 15:32:00,0.00041559562119673413,99.96928980188193
16171,73.2,1,24,2011-10-11 14:51:00,2011-10-11 14:51:00,0.00041389931253878827,99.96970370119446
17906,72.9,1,26,2011-04-06 17:25:00,2011-04-06 17:25:00,0.00041220300388084246,99.97011590419834
13105,72.0,1,100,2010-09-29 13:41:00,2010-09-29 13:41:00,0.00040711407790700483,99.97052301827624
16459,71.78999999999999,1,59,2009-12-10 12:42:00,2009-12-10 12:42:00,0.00040592666184644275,99.97092894493808
13938,71.66,1,70,2011-11-04 14:37:00,2011-11-04 14:37:00,0.00040519159476133285,99.97133413653285
16970,71.4,1,12,2010-03-23 13:50:00,2010-03-23 13:50:00,0.00040372146059111316,99.97173785799343
13185,71.4,1,12,2011-03-17 11:56:00,2011-03-17 11:56:00,0.00040372146059111316,99.97214157945402
17747,71.4,1,12,2011-08-19 08:13:00,2011-08-19 08:13:00,0.00040372146059111316,99.9725453009146
13915,70.80000000000001,1,24,2010-11-10 15:17:00,2010-11-10 15:17:00,0.0004003288432752215,99.97294562975787
14576,70.80000000000001,1,24,2010-12-02 17:51:00,2010-12-02 17:51:00,0.0004003288432752215,99.97334595860114
15564,70.74000000000001,2,42,2010-02-01 15:58:00,2010-09-02 15:52:00,0.00039998958154363227,99.97374594818268
12568,70.0,1,48,2010-03-05 09:15:00,2010-03-05 09:15:00,0.0003958053535206992,99.9741417535362
13172,69.6,1,48,2010-11-04 15:10:00,2010-11-04 15:10:00,0.000393543608643438,99.97453529714484
14906,68.44,1,1,2010-09-20 16:30:00,2010-09-20 16:30:00,0.0003869845484993807,99.97492228169334
12861,68.25,1,27,2010-03-30 11:39:00,2010-03-30 11:39:00,0.00038591021968268166,99.97530819191302
17249,68.03,1,79,2010-10-07 11:33:00,2010-10-07 11:33:00,0.00038466626000018813,99.97569285817302
14393,67.95,1,13,2011-05-05 18:16:00,2011-05-05 18:16:00,0.0003842139110247359,99.97607707208404
17532,65.34,1,30,2010-11-19 08:13:00,2010-11-19 08:13:00,0.00036945602570060695,99.97644652810973
13022,65.3,1,35,2010-10-06 10:50:00,2010-10-06 10:50:00,0.0003692298512128808,99.97681575796095
13130,64.0,1,32,2011-09-06 15:30:00,2011-09-06 15:30:00,0.0003618791803617821,99.97717763714131
16238,63.66,1,85,2010-10-13 12:36:00,2010-10-13 12:36:00,0.00035995669721611013,99.97753759383852
17216,63.6,1,21,2010-06-03 13:03:00,2010-06-03 13:03:00,0.00035961743548452096,99.977897211274
17263,63.440000000000005,1,36,2011-05-15 14:32:00,2011-05-15 14:32:00,0.0003587127375336165,99.97825592401153
15470,63.419999999999995,1,232,2010-05-13 09:35:00,2010-05-13 09:35:00,0.00035859965028975344,99.97861452366182
12404,63.24,1,1,2010-01-26 16:25:00,2010-01-26 16:25:00,0.000357581865094986,99.9789721055269
16058,62.7,1,18,2010-10-29 16:48:00,2010-10-29 16:48:00,0.00035452850951068343,99.97932663403641
13218,62.63999999999999,1,88,2011-08-04 16:59:00,2011-08-04 16:59:00,0.0003541892477790942,99.97968082328418
14650,62.5,1,22,2010-04-29 20:27:00,2010-04-29 20:27:00,0.0003533976370720528,99.98003422092125
15516,62.43,3,27,2011-10-24 11:33:00,2011-10-26 10:51:00,0.00035300183171853213,99.98038722275297
13380,62.4,1,48,2010-10-03 10:18:00,2010-10-03 10:18:00,0.0003528322008527375,99.98074005495381
13303,61.72,1,26,2010-11-04 14:55:00,2010-11-04 14:55:00,0.0003489872345613936,99.98108904218837
13818,61.28,1,60,2010-10-06 12:35:00,2010-10-06 12:35:00,0.00034649931519640636,99.98143554150357
15375,60.959999999999994,1,84,2010-01-18 15:38:00,2010-01-18 15:38:00,0.0003446899192945974,99.98178023142286
16605,60.48,1,144,2009-12-15 19:03:00,2009-12-15 19:03:00,0.00034197582544188407,99.9821222072483
15250,60.0,1,48,2010-03-09 07:35:00,2010-03-09 07:35:00,0.00033926173158917074,99.98246146897988
17174,59.9,1,41,2011-05-06 11:47:00,2011-05-06 11:47:00,0.0003386962953698554,99.98280016527525
13391,59.8,1,4,2011-05-20 10:50:00,2011-05-20 10:50:00,0.0003381308591505401,99.9831382961344
13682,59.5,1,10,2011-06-05 14:06:00,2011-06-05 14:06:00,0.0003364345504925943,99.98347473068489
15371,59.400000000000006,1,12,2010-02-15 13:14:00,2010-02-15 13:14:00,0.0003358691142732791,99.98381059979916
15233,59.400000000000006,1,12,2010-11-03 13:36:00,2010-11-03 13:36:00,0.0003358691142732791,99.98414646891342
14384,58.5,1,30,2010-07-27 09:53:00,2010-07-27 09:53:00,0.00033078018829944144,99.98447724910172
12466,56.73,1,1,2010-01-26 16:26:00,2010-01-26 16:26:00,0.0003207719672175609,99.98479802106893
17775,56.4,1,72,2011-03-30 10:50:00,2011-03-30 10:50:00,0.0003189060276938205,99.98511692709663
13366,56.160000000000004,1,144,2011-10-20 13:37:00,2011-10-20 13:37:00,0.0003175489807674638,99.9854344760774
15685,55.980000000000004,1,36,2010-09-15 13:43:00,2010-09-15 13:43:00,0.00031653119557269627,99.98575100727298
12776,55.5,1,46,2010-02-10 12:11:00,2010-02-10 12:11:00,0.0003138171017199829,99.98606482437471
17494,54.699999999999996,1,26,2010-07-26 10:06:00,2010-07-26 10:06:00,0.0003092936119654606,99.98637411798667
12860,54.22,1,26,2010-01-15 15:22:00,2010-01-15 15:22:00,0.0003065795181127473,99.98668069750478
13306,53.65,1,74,2010-10-05 14:55:00,2010-10-05 14:55:00,0.00030335653166265017,99.98698405403644
16349,53.5,1,9,2011-02-22 12:40:00,2011-02-22 12:40:00,0.0003025083773336772,99.98728656241377
17599,52.05,1,11,2010-08-19 12:50:00,2010-08-19 12:50:00,0.0002943095521536056,99.98758087196593
15313,52.0,1,25,2011-08-21 16:02:00,2011-08-21 16:02:00,0.00029402683404394797,99.98787489879997
16786,51.839999999999996,1,72,2010-11-11 08:25:00,2010-11-11 08:25:00,0.00029312213609304345,99.98816802093607
17844,51.559999999999995,1,52,2011-08-25 11:27:00,2011-08-25 11:27:00,0.0002915389146789607,99.98845955985075
13254,51.410000000000004,1,43,2010-11-28 15:42:00,2010-11-28 15:42:00,0.0002906907603499878,99.9887502506111
14351,51.0,1,12,2011-06-28 11:56:00,2011-06-28 11:56:00,0.0002883724718507951,99.98903862308296
14743,50.48,1,40,2010-04-26 10:26:00,2010-04-26 10:26:00,0.0002854322035103556,99.98932405528647
18184,49.8,1,60,2011-11-24 15:28:00,2011-11-24 15:28:00,0.00028158723721901166,99.9896056425237
14380,48.96,1,1,2010-01-26 17:11:00,2010-01-26 17:11:00,0.0002768375729767633,99.98988248009668
16530,48.349999999999994,1,17,2010-02-09 15:30:00,2010-02-09 15:30:00,0.00027338841203894003,99.99015586850872
16257,46.95,1,2,2011-06-16 10:11:00,2011-06-16 10:11:00,0.00026547230496852607,99.9904213408137
13438,46.5,1,10,2010-06-10 18:46:00,2010-06-10 18:46:00,0.0002629278419816073,99.99068426865568
15698,46.2,1,60,2010-03-25 17:38:00,2010-03-25 17:38:00,0.0002612315333236615,99.99094550018901
12496,45.34,2,30,2010-03-29 13:57:00,2010-03-29 14:06:00,0.00025636878183755,99.99120186897085
15672,45.300000000000004,1,10,2009-12-14 16:52:00,2009-12-14 16:52:00,0.0002561426073498239,99.9914580115782
17916,43.87,2,90,2009-12-06 14:10:00,2010-03-21 12:26:00,0.0002480568694136153,99.99170606844761
14300,43.2,1,32,2011-11-21 08:57:00,2011-11-21 08:57:00,0.0002442684467442029,99.99195033689436
13913,42.22,1,10,2010-07-21 10:11:00,2010-07-21 10:11:00,0.00023872717179491311,99.99218906406615
13906,42.0,1,100,2010-10-26 15:00:00,2010-10-26 15:00:00,0.0002374832121124195,99.99242654727827
16219,40.8,1,48,2010-07-27 11:44:00,2010-07-27 11:44:00,0.00023069797748063607,99.99265724525576
14266,40.56,1,24,2010-10-07 13:32:00,2010-10-07 13:32:00,0.0002293409305542794,99.99288658618632
15178,40.5,1,30,2011-03-24 15:12:00,2011-03-24 15:12:00,0.00022900166882269024,99.99311558785514
14086,39.95,1,1,2010-09-03 10:52:00,2010-09-03 10:52:00,0.00022589176961645619,99.99334147962476
16659,39.12,1,72,2011-06-03 15:03:00,2011-06-03 15:03:00,0.00022119864899613928,99.99356267827376
17246,38.92,2,36,2009-12-01 17:45:00,2010-06-11 12:36:00,0.00022006777655750876,99.99378274605031
18019,38.45,1,7,2011-10-19 12:10:00,2011-10-19 12:10:00,0.00021741022632672694,99.99400015627664
15455,38.25,1,3,2010-04-21 12:43:00,2010-04-21 12:43:00,0.00021627935388809634,99.99421643563053
15693,37.5,1,30,2010-02-18 14:37:00,2010-02-18 14:37:00,0.0002120385822432317,99.99442847421278
16162,37.4,1,4,2011-04-01 15:03:00,2011-04-01 15:03:00,0.0002114731460239164,99.9946399473588
17352,36.25,1,15,2010-01-12 16:13:00,2010-01-12 16:13:00,0.00020497062950179063,99.9948449179883
14993,36.13,1,21,2010-05-25 12:47:00,2010-05-25 12:47:00,0.00020429210603861231,99.99504921009434
15940,35.8,1,4,2011-02-01 16:18:00,2011-02-01 16:18:00,0.00020242616651487187,99.99525163626085
16417,35.7,1,6,2010-08-04 09:08:00,2010-08-04 09:08:00,0.00020186073029555658,99.99545349699115
17831,35.400000000000006,1,12,2011-11-06 15:09:00,2011-11-06 15:09:00,0.00020016442163761075,99.99565366141279
15744,34.8,1,120,2011-09-23 09:52:00,2011-09-23 09:52:00,0.000196771804321719,99.99585043321711
17533,34.8,1,24,2010-10-01 09:14:00,2010-10-01 09:14:00,0.000196771804321719,99.99604720502144
15871,33.099999999999994,1,5,2010-09-28 14:16:00,2010-09-28 14:16:00,0.00018715938859335915,99.99623436441003
16941,33.0,1,12,2010-04-07 11:13:00,2010-04-07 11:13:00,0.0001865939523740439,99.9964209583624
14977,31.929999999999996,1,17,2009-12-14 10:37:00,2009-12-14 10:37:00,0.00018054378482737032,99.99660150214723
17129,31.85,1,5,2010-07-07 13:46:00,2010-07-07 13:46:00,0.00018009143585191815,99.99678159358308
16454,30.950000000000003,4,9,2010-04-07 15:54:00,2011-10-26 11:40:00,0.00017500250987808057,99.99695659609296
14144,30.599999999999998,1,12,2010-08-10 15:17:00,2010-08-10 15:17:00,0.00017302348311047707,99.99712961957607
13120,30.599999999999998,1,12,2011-04-15 10:19:00,2011-04-15 10:19:00,0.00017302348311047707,99.99730264305919
16548,30.15,1,6,2010-04-19 16:15:00,2010-04-19 16:15:00,0.00017047902012355827,99.99747312207931
15575,30.1,1,6,2010-03-30 12:50:00,2010-03-30 12:50:00,0.00017019630201390063,99.99764331838132
15657,30.0,1,24,2011-11-17 12:19:00,2011-11-17 12:19:00,0.00016963086579458537,99.99781294924712
17319,29.1,1,14,2010-02-08 15:47:00,2010-02-08 15:47:00,0.0001645419398207478,99.99797749118694
17102,25.5,1,2,2011-03-23 10:08:00,2011-03-23 10:08:00,0.00014418623592539755,99.99812167742287
15284,24.75,1,5,2010-07-27 13:25:00,2010-07-27 13:25:00,0.00013994546428053293,99.99826162288716
14610,24.35,2,15,2010-07-13 16:06:00,2010-11-09 10:58:00,0.00013768371940327178,99.99839930660656
16537,23.35,1,59,2010-03-08 13:41:00,2010-03-08 13:41:00,0.00013202935721011894,99.99853133596376
12606,21.0,1,1,2010-01-26 16:23:00,2010-01-26 16:23:00,0.00011874160605620975,99.99865007756982
17986,20.8,1,10,2011-10-14 14:22:00,2011-10-14 14:22:00,0.0001176107336175792,99.99876768830343
16953,20.8,1,10,2011-11-09 15:54:00,2011-11-09 15:54:00,0.0001176107336175792,99.99888529903704
13112,20.6,1,11,2010-06-16 17:03:00,2010-06-16 17:03:00,0.00011647986117894862,99.99900177889822
15999,20.4,1,24,2009-12-04 12:31:00,2009-12-04 12:31:00,0.00011534898874031803,99.99911712788696
13163,17.65,1,3,2010-04-08 16:21:00,2010-04-08 16:21:00,9.979949270914772e-05,99.99921692737968
16093,17.0,1,20,2011-08-25 11:09:00,2011-08-25 11:09:00,9.612415728359837e-05,99.99931305153696
12846,15.58,1,1,2010-01-26 16:29:00,2010-01-26 16:29:00,8.809496296932132e-05,99.99940114649993
14580,14.850000000000001,1,3,2010-07-09 15:20:00,2010-07-09 15:20:00,8.396727856831977e-05,99.9994851137785
14900,13.919999999999998,1,48,2010-07-05 15:09:00,2010-07-05 15:09:00,7.870872172868759e-05,99.99956382250024
16878,13.3,1,12,2011-09-16 17:39:00,2011-09-16 17:39:00,7.520301716893285e-05,99.99963902551741
17956,12.75,1,1,2011-04-04 13:47:00,2011-04-04 13:47:00,7.209311796269877e-05,99.99971111863537
17378,10.95,1,1,2010-11-30 18:46:00,2010-11-30 18:46:00,6.191526601502365e-05,99.99977303390139
18115,9.700000000000001,1,3,2010-01-11 11:57:00,2010-01-11 11:57:00,5.4847313273582604e-05,99.99982788121467
15040,7.49,1,1,2010-06-16 11:40:00,2010-06-16 11:40:00,4.2351172826714814e-05,99.9998702323875
15913,6.300000000000001,1,3,2010-06-23 16:31:00,2010-06-23 16:31:00,3.562248181686293e-05,99.99990585486931
14792,6.2,1,2,2011-10-07 09:19:00,2011-10-07 09:19:00,3.505704559754764e-05,99.9999409119149
13788,3.75,1,1,2010-07-22 15:50:00,2010-07-22 15:50:00,2.120385822432317e-05,99.99996211577313
16738,3.75,1,3,2011-02-15 09:46:00,2011-02-15 09:46:00,2.120385822432317e-05,99.99998331963135
14095,2.95,1,1,2009-12-17 12:49:00,2009-12-17 12:49:00,1.6680368469800894e-05,99.99999999999983
