customer_id,recency_days,frequency,monetary,last_purchase
18102,1,145,608821.65,2011-12-09 11:50:00
14646,2,151,528602.52,2011-12-08 12:12:00
14156,10,156,313759.82,2011-11-30 10:54:00
14911,2,398,295832.39,2011-12-08 15:54:00
17450,9,51,246813.09,2011-12-01 13:29:00
13694,4,143,196482.81,2011-12-06 09:32:00
17511,3,60,175603.55,2011-12-07 10:12:00
16446,1,2,168472.5,2011-12-09 09:15:00
16684,5,55,147142.77,2011-12-05 14:06:00
12415,25,28,144458.37,2011-11-15 14:22:00
15061,4,127,137818.52,2011-12-06 12:06:00
16029,39,107,122035.14,2011-11-01 10:27:00
17949,2,118,118628.08,2011-12-08 18:46:00
13089,3,203,116647.53,2011-12-07 09:02:00
15311,1,208,116575.49,2011-12-09 12:00:00
12931,22,57,92347.34,2011-11-18 12:39:00
14298,9,82,91194.49,2011-12-01 13:12:00
15769,8,46,88704.32,2011-12-02 13:52:00
12346,326,12,77556.46,2011-01-18 10:01:00
13798,2,110,75836.87,2011-12-08 15:51:00
15838,12,34,74163.0,2011-11-28 14:00:00
17841,2,211,70081.86,2011-12-08 12:07:00
16754,373,29,67502.47,2010-12-02 17:38:00
14096,5,17,65164.79,2011-12-05 17:17:00
14088,11,16,64036.8,2011-11-29 16:16:00
16422,18,109,63589.07,2011-11-22 14:00:00
13081,12,28,59205.15,2011-11-28 10:54:00
14680,26,58,57369.38,2011-11-14 16:59:00
17389,1,61,57215.33,2011-12-09 09:38:00
16013,4,84,57140.44,2011-12-06 10:36:00
17850,373,155,56600.08,2010-12-02 15:27:00
13777,1,61,56478.42,2011-12-09 12:25:00
12748,1,336,55511.09,2011-12-09 12:20:00
13093,276,55,54943.65,2011-03-09 12:14:00
13408,2,106,51733.462,2011-12-08 09:05:00
17404,5,23,47781.12,2011-12-05 16:26:00
13881,4,43,45179.1,2011-12-06 12:50:00
15749,236,3,44534.3,2011-04-18 13:20:00
16705,1,42,43515.051,2011-12-09 12:08:00
14031,8,44,40919.58,2011-12-02 17:13:00
17381,9,38,40002.37,2011-12-01 11:59:00
12471,3,79,39918.19,2011-12-07 15:43:00
15098,183,3,39916.5,2011-06-10 15:33:00
15039,10,93,39726.89,2011-11-30 11:31:00
16210,2,35,38489.51,2011-12-08 12:36:00
17675,2,70,38259.6,2011-12-08 18:03:00
17677,2,54,36675.06,2011-12-08 09:56:00
12921,10,74,35921.04,2011-11-30 16:22:00
13767,3,73,35540.53,2011-12-07 15:00:00
12678,43,21,34281.18,2011-10-28 13:04:00
13902,633,5,34095.26,2010-03-17 13:09:00
15856,5,52,33847.27,2011-12-05 17:09:00
16779,3,53,33165.94,2011-12-07 14:54:00
14258,10,25,32051.34,2011-11-30 15:27:00
17428,1,45,31819.760000000002,2011-12-09 09:45:00
12681,15,45,30868.28,2011-11-25 11:33:00
12709,16,34,30814.46,2011-11-24 15:38:00
14606,2,192,30558.25,2011-12-08 19:28:00
17940,50,16,30306.79,2011-10-21 13:27:00
13078,4,57,29532.45,2011-12-06 15:36:00
13098,2,28,28882.44,2011-12-08 14:14:00
17857,5,24,28682.24,2011-12-05 13:13:00
14527,3,122,27764.21,2011-12-07 12:19:00
15513,34,35,27750.55,2011-11-06 14:36:00
16333,8,22,26626.8,2011-12-02 12:19:00
17865,31,46,26312.190000000002,2011-11-09 12:08:00
18251,88,9,26278.86,2011-09-13 15:03:00
13802,139,19,26259.11,2011-07-24 10:54:00
15498,3,44,25949.58,2011-12-07 12:48:00
12731,24,17,25775.71,2011-11-16 11:59:00
14062,10,24,25585.65,2011-11-30 10:04:00
12744,52,11,25317.06,2011-10-19 11:18:00
12939,65,20,25264.8,2011-10-06 14:33:00
14895,8,38,25119.54,2011-12-02 09:23:00
12621,2,35,24775.81,2011-12-08 11:25:00
16525,3,48,24562.74,2011-12-07 15:07:00
17920,5,54,24256.74,2011-12-05 14:29:00
13001,5,33,24042.65,2011-12-05 14:51:00
12682,4,52,24025.51,2011-12-06 10:00:00
15640,5,29,23828.03,2011-12-05 14:35:00
14607,16,22,23763.13,2011-11-24 10:35:00
12482,577,29,23691.4,2010-05-12 16:51:00
12409,79,7,23419.29,2011-09-22 10:38:00
16133,4,56,22992.260000000002,2011-12-06 11:24:00
14063,439,9,22710.2,2010-09-27 16:18:00
14051,1,37,22394.4,2011-12-09 10:20:00
16839,9,44,22310.49,2011-12-01 09:03:00
17340,30,18,22289.22,2011-11-10 10:45:00
12540,20,33,22254.49,2011-11-20 11:31:00
15159,2,34,22116.73,2011-12-08 12:05:00
13340,46,12,22100.56,2011-10-25 13:15:00
13319,6,58,22082.5,2011-12-04 13:34:00
14667,11,54,21593.05,2011-11-29 11:30:00
12753,23,6,21429.39,2011-11-17 10:52:00
15615,11,47,21373.97,2011-11-29 14:42:00
14866,11,19,20850.22,2011-11-29 11:45:00
17706,5,31,20749.98,2011-12-05 13:34:00
12433,1,10,20581.26,2011-12-09 10:02:00
17243,2,69,20460.48,2011-12-08 13:26:00
15251,10,21,20324.54,2011-11-30 15:02:00
12477,23,9,20276.37,2011-11-17 09:51:00
18008,71,23,19759.079999999998,2011-09-30 15:17:00
16843,43,35,19571.43,2011-10-28 09:06:00
17139,16,25,19566.76,2011-11-24 10:12:00
17581,1,43,18737.95,2011-12-09 12:21:00
12557,17,8,18716.14,2011-11-23 16:59:00
14194,5,36,18670.59,2011-12-05 10:38:00
13113,1,37,18603.04,2011-12-09 12:49:00
12357,34,3,18287.66,2011-11-06 16:07:00
17377,24,78,18232.57,2011-11-16 11:17:00
15808,307,21,18133.3,2011-02-06 14:33:00
16746,5,42,18046.75,2011-12-05 12:33:00
12647,23,36,17924.35,2011-11-17 12:56:00
12472,33,19,17880.59,2011-11-07 14:01:00
15078,8,53,17761.88,2011-12-02 15:41:00
12901,9,28,17654.54,2011-12-01 10:07:00
14952,60,32,17629.35,2011-10-11 10:33:00
16652,59,16,17550.39,2011-10-12 09:38:00
15189,2,46,17524.38,2011-12-08 13:22:00
18172,15,52,17467.24,2011-11-25 11:12:00
16019,47,27,17329.16,2011-10-24 11:51:00
17416,30,22,17298.45,2011-11-10 12:47:00
15523,85,16,17259.19,2011-09-16 16:29:00
17735,3,26,17244.93,2011-12-07 16:47:00
13027,114,19,17239.2,2011-08-18 09:39:00
14277,16,9,17197.61,2011-11-24 15:01:00
15358,5,42,17050.41,2011-12-05 09:04:00
13564,145,37,17035.02,2011-07-18 14:33:00
15125,26,24,17024.87,2011-11-14 13:57:00
16656,23,30,16833.170000000002,2011-11-17 14:43:00
12454,57,5,16679.78,2011-10-14 17:13:00
16553,164,33,16584.01,2011-06-29 15:42:00
13199,4,67,16432.89,2011-12-06 12:30:00
14961,11,22,16410.15,2011-11-29 09:42:00
13225,4,16,16260.07,2011-12-06 13:29:00
16180,101,13,16249.87,2011-08-31 16:28:00
12980,158,21,16245.78,2011-07-05 09:34:00
18092,3,18,16179.44,2011-12-07 13:14:00
14733,17,15,16165.17,2011-11-23 15:39:00
17107,34,10,16052.72,2011-11-06 14:14:00
15044,20,35,16024.15,2011-11-20 13:20:00
12971,4,116,15972.79,2011-12-06 12:20:00
17716,23,24,15956.97,2011-11-17 12:00:00
14849,22,43,15763.45,2011-11-18 10:58:00
16191,3,24,15677.82,2011-12-07 11:26:00
13488,18,23,15587.88,2011-11-22 14:41:00
12949,31,22,15526.7,2011-11-09 11:25:00
14769,3,17,15514.11,2011-12-07 10:24:00
15768,116,34,15308.89,2011-08-16 10:48:00
15601,12,30,14960.12,2011-11-28 15:15:00
18087,99,17,14761.519999999999,2011-09-02 15:12:00
16126,30,15,14644.6,2011-11-10 16:03:00
17133,16,12,14622.33,2011-11-24 12:27:00
16873,5,12,14617.39,2011-12-05 12:05:00
14543,29,39,14587.87,2011-11-11 12:45:00
16713,19,32,14529.99,2011-11-21 12:36:00
17448,498,46,14523.67,2010-07-30 14:07:00
14299,9,27,14499.49,2011-12-01 16:05:00
12583,3,27,14447.44,2011-12-07 08:07:00
15482,16,19,14417.36,2011-11-24 10:46:00
15093,19,23,14326.11,2011-11-21 13:09:00
17017,3,29,14110.61,2011-12-07 09:32:00
13090,9,24,14100.14,2011-12-01 12:39:00
12714,10,12,14093.71,2011-11-30 15:43:00
12476,16,23,14083.91,2011-11-24 12:40:00
13178,27,21,14059.19,2011-11-13 16:14:00
18223,5,26,14000.85,2011-12-05 09:11:00
15005,16,56,13977.08,2011-11-24 12:25:00
15502,16,14,13933.27,2011-11-24 12:48:00
12435,80,6,13925.93,2011-09-21 09:06:00
15760,631,2,13916.34,2010-03-19 11:45:00
16558,1,38,13873.51,2011-12-09 10:20:00
15291,26,40,13846.56,2011-11-14 11:02:00
17589,61,18,13837.94,2011-10-10 16:58:00
15032,257,8,13780.65,2011-03-28 15:03:00
15382,15,12,13733.550000000001,2011-11-25 10:58:00
12567,23,15,13709.86,2011-11-17 11:02:00
12989,4,33,13551.75,2011-12-06 15:28:00
13468,2,72,13375.51,2011-12-08 10:39:00
15738,19,41,13372.970000000001,2011-11-21 08:26:00
13629,24,19,13370.86,2011-11-16 13:21:00
13097,33,28,13324.1,2011-11-07 10:43:00
13969,8,35,13291.05,2011-12-02 15:11:00
16923,13,32,13157.130000000001,2011-11-27 13:00:00
18225,4,26,13044.8,2011-12-06 13:27:00
14049,17,13,13023.4,2011-11-23 12:20:00
14110,4,33,12987.95,2011-12-06 12:26:00
13668,3,35,12948.48,2011-12-07 12:11:00
13316,38,10,12940.82,2011-11-02 13:40:00
13952,218,14,12823.521,2011-05-06 09:00:00
16549,11,34,12781.8,2011-11-29 15:06:00
17858,6,30,12754.9,2011-12-04 11:56:00
16161,2,43,12744.26,2011-12-08 12:10:00
12683,5,21,12696.78,2011-12-05 16:31:00
12437,2,39,12683.4,2011-12-08 11:35:00
12451,11,8,12669.88,2011-11-29 08:40:00
15465,20,32,12636.15,2011-11-20 10:11:00
13013,2,29,12625.77,2011-12-08 15:01:00
12536,44,3,12601.830000000002,2011-10-27 14:20:00
14040,41,35,12523.81,2011-10-30 12:42:00
15194,4,28,12427.69,2011-12-06 15:10:00
14936,34,12,12410.81,2011-11-06 10:30:00
16000,3,3,12393.7,2011-12-07 12:17:00
12474,18,31,12372.75,2011-11-22 14:39:00
12481,23,15,12344.89,2011-11-17 08:29:00
13050,15,35,12314.53,2011-11-25 09:18:00
14739,5,25,12287.5,2011-12-05 16:54:00
13854,9,39,12253.96,2011-12-01 09:06:00
14735,4,56,12240.16,2011-12-06 12:09:00
16814,15,36,12198.14,2011-11-25 13:27:00
13418,12,31,12182.9,2011-11-28 10:23:00
15144,9,29,12160.31,2011-12-01 15:12:00
15555,13,36,12062.69,2011-11-27 16:19:00
15023,4,20,12008.05,2011-12-06 17:23:00
14415,2,23,11980.09,2011-12-08 14:38:00
17364,1,28,11972.92,2011-12-09 09:00:00
17044,26,12,11962.3,2011-11-14 14:28:00
13458,8,16,11959.27,2011-12-02 15:29:00
16258,46,15,11942.52,2011-10-25 13:30:00
16523,2,28,11916.33,2011-12-08 09:06:00
17338,18,17,11889.33,2011-11-22 14:23:00
13687,439,1,11880.84,2010-09-27 16:30:00
14505,18,19,11879.08,2011-11-22 15:45:00
18226,45,26,11878.88,2011-10-26 13:36:00
12705,16,14,11762.1,2011-11-24 13:17:00
14426,24,17,11727.94,2011-11-16 12:25:00
13102,2,37,11696.92,2011-12-08 12:52:00
13004,12,36,11650.85,2011-11-28 11:27:00
13576,11,28,11551.74,2011-11-29 15:34:00
15218,11,22,11468.83,2011-11-29 11:48:00
13680,2,12,11419.67,2011-12-08 13:47:00
14016,162,11,11403.41,2011-07-01 11:29:00
12668,12,10,11383.03,2011-11-28 10:56:00
17809,17,20,11337.39,2011-11-23 12:59:00
14045,110,16,11313.029999999999,2011-08-22 15:27:00
15874,64,21,11284.76,2011-10-07 12:31:00
12539,23,7,11214.75,2011-11-17 13:30:00
18055,8,14,11143.12,2011-12-02 14:25:00
12524,10,17,11126.11,2011-11-30 15:31:00
14134,383,15,11123.35,2010-11-22 12:26:00
13941,22,15,11122.300000000001,2011-11-18 09:43:00
12918,627,1,10953.5,2010-03-23 15:22:00
16985,18,23,10923.16,2011-11-22 13:33:00
18052,565,1,10877.18,2010-05-24 11:11:00
14796,2,27,10840.54,2011-12-08 15:31:00
15694,1,24,10810.81,2011-12-09 09:44:00
18229,12,28,10803.710000000001,2011-11-28 09:48:00
12431,36,27,10790.47,2011-11-04 11:55:00
16033,6,27,10764.45,2011-12-04 12:44:00
16327,15,16,10695.24,2011-11-25 13:23:00
16168,11,66,10636.47,2011-11-29 12:45:00
13324,37,18,10513.47,2011-11-03 16:28:00
15290,5,26,10496.28,2011-12-05 11:39:00
14028,551,3,10396.5,2010-06-07 13:33:00
16984,89,9,10350.53,2011-09-12 13:43:00
15296,51,12,10323.03,2011-10-20 11:47:00
14422,1,19,10271.52,2011-12-09 11:26:00
17160,32,17,10209.16,2011-11-08 14:05:00
15719,33,31,10195.97,2011-11-07 12:29:00
13599,2,33,10163.880000000001,2011-12-08 16:10:00
15805,24,30,10148.93,2011-11-16 16:32:00
12839,3,26,10071.73,2011-12-07 12:33:00
12766,4,9,10068.28,2011-12-06 08:46:00
15547,8,26,10057.05,2011-12-02 12:52:00
14085,3,33,10028.72,2011-12-07 13:46:00
13985,5,22,10020.86,2011-12-05 17:06:00
16782,11,38,10000.32,2011-11-29 13:20:00
16353,4,38,9999.460000000001,2011-12-06 12:23:00
14755,10,25,9972.550000000001,2011-11-30 11:24:00
16182,73,9,9971.65,2011-09-28 13:23:00
14101,74,13,9961.93,2011-09-27 12:28:00
16131,52,12,9957.42,2011-10-19 11:53:00
18260,173,23,9947.26,2011-06-20 12:37:00
17049,3,19,9942.53,2011-12-07 10:48:00
16701,9,26,9916.73,2011-12-01 11:10:00
12758,117,7,9903.24,2011-08-15 10:22:00
14329,18,15,9887.62,2011-11-22 15:50:00
13327,39,20,9879.48,2011-11-01 10:21:00
12590,212,2,9864.26,2011-05-12 14:52:00
14828,197,13,9839.460000000001,2011-05-27 10:16:00
18109,2,38,9833.16,2011-12-08 11:36:00
12490,6,21,9823.64,2011-12-04 16:07:00
14944,30,19,9784.67,2011-11-10 09:10:00
17306,11,21,9782.35,2011-11-29 12:14:00
13018,17,35,9763.16,2011-11-23 13:28:00
13735,25,13,9762.77,2011-11-15 11:14:00
13267,3,36,9758.26,2011-12-07 11:12:00
12380,22,11,9676.300000000001,2011-11-18 11:27:00
14135,2,24,9643.92,2011-12-08 11:38:00
13069,1,38,9616.95,2011-12-09 08:39:00
17315,2,43,9599.58,2011-12-08 12:15:00
14091,655,2,9530.08,2010-02-23 15:17:00
17811,5,47,9519.8,2011-12-05 13:46:00
14060,5,30,9519.08,2011-12-05 12:29:00
13999,11,29,9502.26,2011-11-29 13:40:00
17504,207,18,9490.17,2011-05-17 12:59:00
15298,3,23,9459.37,2011-12-07 17:17:00
14146,9,12,9450.3,2011-12-01 10:18:00
14439,320,5,9443.04,2011-01-24 11:39:00
13758,12,15,9416.98,2011-11-28 11:11:00
17230,265,18,9388.49,2011-03-20 16:12:00
15727,17,15,9371.71,2011-11-23 12:36:00
16550,109,18,9368.24,2011-08-23 11:12:00
17757,2,56,9366.5,2011-12-08 15:31:00
13174,17,12,9364.42,2011-11-23 14:35:00
15981,25,21,9362.77,2011-11-15 08:00:00
13162,123,16,9275.49,2011-08-09 15:59:00
15249,32,18,9266.0,2011-11-08 11:45:00
12747,3,26,9257.039999999999,2011-12-07 14:34:00
15570,8,25,9254.14,2011-12-02 14:47:00
14367,9,16,9227.82,2011-12-01 13:19:00
14292,8,16,9226.25,2011-12-02 11:50:00
13448,17,13,9189.89,2011-11-23 12:33:00
13756,3,23,9188.75,2011-12-07 16:44:00
15260,101,25,9188.23,2011-08-31 13:55:00
16700,9,25,9167.710000000001,2011-12-01 11:00:00
17068,13,47,9153.83,2011-11-27 13:14:00
15939,90,16,9060.39,2011-09-11 11:30:00
16709,85,14,9056.01,2011-09-16 10:56:00
15867,6,31,9034.95,2011-12-04 13:32:00
12755,281,11,9030.66,2011-03-04 12:42:00
16186,23,26,9026.11,2011-11-17 12:43:00
16722,18,22,8989.08,2011-11-22 13:28:00
15150,18,13,8977.94,2011-11-22 12:52:00
15903,10,12,8939.84,2011-11-30 08:08:00
13555,74,13,8891.84,2011-09-27 12:36:00
13269,2,28,8888.75,2011-12-08 14:53:00
14709,16,25,8886.33,2011-11-24 15:41:00
12359,58,10,8873.39,2011-10-13 12:47:00
17576,9,41,8831.6,2011-12-01 17:56:00
17396,40,14,8807.1,2011-10-31 14:12:00
13047,32,24,8795.16,2011-11-08 12:06:00
16532,18,5,8756.64,2011-11-22 11:08:00
12957,10,13,8706.97,2011-11-30 09:53:00
13263,2,39,8676.2,2011-12-08 13:59:00
15955,25,22,8658.36,2011-11-15 14:15:00
15497,18,9,8657.39,2011-11-22 11:51:00
18041,12,38,8633.66,2011-11-28 11:39:00
16945,22,33,8548.16,2011-11-18 11:39:00
15281,59,16,8543.57,2011-10-12 09:10:00
15270,16,21,8524.86,2011-11-24 09:24:00
15984,3,30,8515.72,2011-12-07 12:16:00
12798,11,4,8510.93,2011-11-29 15:52:00
13209,31,13,8509.51,2011-11-09 13:54:00
15786,47,5,8501.62,2011-10-24 14:13:00
13148,30,26,8497.82,2011-11-10 15:23:00
14286,24,7,8479.76,2011-11-16 10:34:00
18139,18,6,8438.34,2011-11-22 10:44:00
13715,282,17,8425.69,2011-03-03 19:21:00
14160,611,7,8421.47,2010-04-08 14:30:00
14676,32,12,8356.79,2011-11-08 13:29:00
14057,24,22,8346.66,2011-11-16 10:32:00
17611,8,28,8337.53,2011-12-02 13:29:00
13206,401,13,8308.19,2010-11-04 16:50:00
12643,129,12,8304.82,2011-08-03 12:56:00
17686,8,9,8296.81,2011-12-02 15:39:00
12637,68,12,8283.81,2011-10-03 13:46:00
15998,37,16,8274.14,2011-11-03 12:45:00
12720,3,30,8260.67,2011-12-07 08:03:00
15034,16,14,8231.2,2011-11-24 12:11:00
13381,32,12,8224.37,2011-11-08 11:58:00
13139,17,8,8202.98,2011-11-23 13:54:00
14030,19,20,8198.3,2011-11-21 16:48:00
17365,13,15,8184.49,2011-11-27 12:13:00
13426,1,22,8167.38,2011-12-09 08:59:00
15544,10,20,8162.43,2011-11-30 16:43:00
14056,2,23,8152.71,2011-12-08 13:36:00
16672,3,20,8134.9400000000005,2011-12-07 16:29:00
14395,3,20,8110.610000000001,2011-12-07 14:34:00
17593,4,11,8092.32,2011-12-06 10:30:00
17426,9,13,8077.77,2011-12-01 18:07:00
16767,31,15,8056.76,2011-11-09 09:42:00
16670,17,20,8030.150000000001,2011-11-23 09:34:00
14525,20,17,8026.54,2011-11-20 11:37:00
16556,67,17,8012.58,2011-10-04 11:36:00
13869,124,10,7996.87,2011-08-08 13:53:00
15299,68,10,7991.54,2011-10-03 14:19:00
12428,26,9,7956.46,2011-11-14 08:22:00
16303,26,7,7928.27,2011-11-14 10:49:00
14291,2,23,7904.1,2011-12-08 10:26:00
13871,23,17,7885.85,2011-11-17 10:49:00
14159,20,20,7860.8,2011-11-20 12:36:00
15622,44,17,7852.61,2011-10-27 16:44:00
17085,124,28,7847.67,2011-08-08 14:15:00
12757,16,13,7834.650000000001,2011-11-24 12:30:00
12867,27,13,7829.26,2011-11-13 15:30:00
14282,4,25,7821.76,2011-12-06 17:04:00
16592,5,28,7807.91,2011-12-05 13:49:00
17409,185,10,7793.51,2011-06-08 10:36:00
17091,3,19,7789.2,2011-12-07 10:43:00
17730,4,20,7773.8,2011-12-06 15:43:00
15581,121,38,7752.74,2011-08-11 09:38:00
14800,48,17,7747.17,2011-10-23 12:46:00
17739,12,18,7730.59,2011-11-28 09:12:00
13534,3,35,7720.9,2011-12-07 14:52:00
17238,3,32,7701.76,2011-12-07 11:35:00
17696,39,27,7679.59,2011-11-01 13:43:00
14175,60,8,7678.88,2011-10-11 11:55:00
13141,85,17,7656.08,2011-09-16 09:54:00
14688,8,28,7635.4,2011-12-02 12:26:00
15046,10,25,7623.79,2011-11-30 15:50:00
14145,47,7,7600.05,2011-10-24 12:10:00
13373,61,6,7587.1900000000005,2011-10-10 10:51:00
13137,11,16,7586.94,2011-11-29 12:09:00
15301,51,17,7583.04,2011-10-20 09:57:00
13709,4,18,7571.35,2011-12-06 10:28:00
15179,19,13,7491.92,2011-11-21 12:53:00
12429,10,8,7485.91,2011-11-30 17:22:00
13815,23,8,7475.74,2011-11-17 14:19:00
12841,5,40,7464.19,2011-12-05 11:13:00
16570,16,20,7434.31,2011-11-24 17:02:00
14243,9,17,7431.05,2011-12-01 11:12:00
17690,31,20,7412.0,2011-11-09 15:17:00
16242,9,14,7404.65,2011-12-01 15:12:00
17602,3,14,7354.43,2011-12-07 13:53:00
13082,127,21,7335.75,2011-08-05 16:16:00
16253,67,7,7272.2,2011-10-04 09:09:00
14092,8,24,7229.45,2011-12-02 12:13:00
16729,39,21,7205.33,2011-11-01 14:29:00
12712,29,21,7193.66,2011-11-11 08:19:00
16745,87,17,7180.7,2011-09-14 11:58:00
14841,54,14,7163.0,2011-10-17 15:03:00
17965,38,29,7157.2,2011-11-02 09:31:00
15950,32,10,7120.91,2011-11-08 11:09:00
15521,41,16,7098.24,2011-10-30 13:42:00
14113,4,16,7092.610000000001,2011-12-06 12:18:00
13451,27,11,7090.06,2011-11-13 15:58:00
13983,30,21,7083.25,2011-11-10 11:06:00
17231,13,25,7064.8,2011-11-27 15:18:00
17769,13,17,7053.38,2011-11-27 11:18:00
13183,8,15,7036.18,2011-12-02 10:30:00
17975,16,24,7010.43,2011-11-24 13:27:00
16938,9,9,6995.360000000001,2011-12-01 10:20:00
13831,17,18,6993.54,2011-11-23 15:41:00
12662,1,20,6988.02,2011-12-09 11:59:00
16717,24,14,6970.93,2011-11-16 12:16:00
13552,67,22,6948.92,2011-10-04 15:19:00
15674,74,13,6948.2300000000005,2011-09-27 15:17:00
16265,10,12,6935.17,2011-11-30 16:41:00
16187,32,15,6911.4400000000005,2011-11-08 09:50:00
13520,59,11,6909.4,2011-10-12 10:20:00
12749,4,9,6897.36,2011-12-06 09:56:00
16170,51,20,6869.0,2011-10-20 08:21:00
15129,51,23,6860.18,2011-10-20 14:40:00
18231,193,28,6854.17,2011-05-31 14:18:00
16401,2,23,6849.15,2011-12-08 18:15:00
12613,58,10,6817.37,2011-10-13 14:59:00
12830,38,6,6814.64,2011-11-02 11:54:00
16145,9,19,6805.4400000000005,2011-12-01 10:33:00
15413,692,5,6798.72,2010-01-17 11:33:00
12417,4,20,6797.41,2011-12-06 14:52:00
14401,5,22,6795.9,2011-12-05 13:30:00
15750,3,18,6793.511,2011-12-07 12:34:00
16456,100,13,6788.34,2011-09-01 13:50:00
13993,43,19,6775.71,2011-10-28 09:06:00
12779,38,14,6722.2699999999995,2011-11-02 11:43:00
15321,71,12,6709.7300000000005,2011-09-30 09:40:00
14844,64,10,6702.43,2011-10-07 10:41:00
14388,11,16,6701.0,2011-11-29 13:32:00
12913,5,13,6700.860000000001,2011-12-05 12:11:00
13734,509,4,6695.6900000000005,2010-07-19 12:04:00
16497,50,23,6695.28,2011-10-21 10:55:00
18118,11,29,6693.13,2011-11-29 11:32:00
13384,31,11,6680.83,2011-11-09 11:04:00
17700,17,14,6679.97,2011-11-23 11:51:00
14702,2,29,6679.2300000000005,2011-12-08 19:29:00
14461,149,13,6676.91,2011-07-14 17:11:00
17001,1,19,6640.8,2011-12-09 09:38:00
13953,8,12,6640.68,2011-12-02 16:04:00
14440,9,13,6638.7300000000005,2011-12-01 15:42:00
14562,4,26,6638.150000000001,2011-12-06 11:05:00
13394,2,19,6621.7,2011-12-08 11:36:00
12626,24,9,6620.48,2011-11-16 16:06:00
17819,72,12,6612.5199999999995,2011-09-29 10:52:00
12843,66,30,6583.36,2011-10-05 12:09:00
13015,54,11,6579.78,2011-10-17 13:19:00
13883,11,15,6560.02,2011-11-29 10:45:00
12836,60,15,6559.7300000000005,2011-10-11 15:10:00
14766,9,11,6556.13,2011-12-01 16:05:00
15332,367,6,6553.74,2010-12-08 14:43:00
15980,89,7,6543.68,2011-09-12 09:41:00
14855,120,7,6520.3,2011-08-12 14:02:00
14221,43,17,6517.49,2011-10-28 13:42:00
17838,27,13,6507.5,2011-11-13 11:20:00
12823,75,18,6501.5,2011-09-26 07:35:00
17419,12,18,6500.52,2011-11-28 13:47:00
18061,22,28,6488.97,2011-11-18 11:20:00
13317,67,19,6486.091,2011-10-04 13:35:00
17873,81,18,6470.280000000001,2011-09-20 16:41:00
14154,240,8,6460.7,2011-04-14 16:26:00
16940,53,8,6427.66,2011-10-18 13:15:00
16655,18,13,6423.26,2011-11-22 11:25:00
12656,18,8,6407.83,2011-11-22 13:42:00
15514,13,18,6392.06,2011-11-27 14:40:00
18094,82,13,6391.52,2011-09-19 09:28:00
12406,23,5,6390.36,2011-11-17 19:22:00
14390,11,13,6373.7300000000005,2011-11-29 13:49:00
12356,23,6,6371.73,2011-11-17 08:40:00
14227,27,15,6368.71,2011-11-13 15:48:00
12484,33,12,6354.1,2011-11-07 11:37:00
13590,12,18,6336.04,2011-11-28 12:54:00
18245,8,20,6324.9800000000005,2011-12-02 14:48:00
14180,11,33,6319.25,2011-11-29 10:56:00
13654,44,11,6308.0,2011-10-27 16:24:00
16710,20,22,6291.77,2011-11-20 14:50:00
15480,117,5,6279.0,2011-08-15 14:32:00
13136,57,13,6274.56,2011-10-14 13:41:00
13615,319,8,6272.53,2011-01-25 08:21:00
14004,44,11,6258.45,2011-10-27 14:40:00
15369,493,11,6251.26,2010-08-04 13:54:00
12497,82,3,6248.5,2011-09-19 12:29:00
17799,23,20,6246.93,2011-11-17 15:16:00
16735,79,14,6217.41,2011-09-22 11:49:00
13230,5,30,6213.46,2011-12-05 16:03:00
15673,89,9,6204.32,2011-09-12 16:12:00
13334,83,5,6201.8,2011-09-18 15:21:00
16103,8,22,6191.71,2011-12-02 14:16:00
16156,9,20,6188.18,2011-12-01 12:42:00
14534,3,26,6187.66,2011-12-07 12:19:00
14907,4,16,6165.79,2011-12-06 14:14:00
17669,43,10,6142.35,2011-10-28 08:53:00
13266,12,19,6135.04,2011-11-28 14:39:00
14852,59,18,6132.43,2011-10-12 13:20:00
13935,597,3,6116.92,2010-04-22 11:21:00
14560,8,44,6114.03,2011-12-02 15:22:00
18178,129,11,6103.74,2011-08-03 09:30:00
14530,26,16,6088.87,2011-11-14 10:38:00
17509,58,8,6083.64,2011-10-13 10:26:00
16954,1,20,6081.88,2011-12-09 09:46:00
12664,9,11,6070.04,2011-12-01 17:07:00
17644,2,20,6028.6,2011-12-08 13:43:00
13658,10,9,6025.5,2011-11-30 10:13:00
15372,138,8,6017.06,2011-07-25 16:39:00
15202,421,3,6001.49,2010-10-15 13:05:00
12835,428,41,5996.83,2010-10-08 10:59:00
15755,11,17,5993.12,2011-11-29 14:57:00
14105,240,5,5988.83,2011-04-14 17:58:00
17457,127,14,5984.8099999999995,2011-08-05 12:48:00
17491,2,17,5981.07,2011-12-08 16:18:00
17625,19,8,5978.9,2011-11-21 13:36:00
14535,61,9,5973.2300000000005,2011-10-10 15:39:00
15785,33,16,5969.93,2011-11-07 11:33:00
14918,116,9,5955.81,2011-08-16 11:50:00
12500,24,19,5955.21,2011-11-16 16:20:00
14257,65,9,5954.45,2011-10-06 16:54:00
17685,17,12,5907.47,2011-11-23 11:36:00
15971,18,18,5902.83,2011-11-22 12:50:00
12455,74,10,5879.95,2011-09-27 15:31:00
18065,6,29,5866.63,2011-12-04 10:30:00
14210,106,16,5861.52,2011-08-26 12:36:00
17146,106,13,5852.64,2011-08-26 12:44:00
16011,9,29,5838.96,2011-12-01 16:31:00
14112,23,13,5834.59,2011-11-17 12:30:00
14189,3,16,5814.39,2011-12-07 15:55:00
13769,3,20,5800.42,2011-12-07 15:08:00
12910,24,13,5796.52,2011-11-16 14:28:00
17069,29,14,5794.28,2011-11-11 17:13:00
18075,24,20,5783.29,2011-11-16 15:21:00
17672,51,7,5778.63,2011-10-20 14:18:00
14099,17,20,5750.91,2011-11-23 13:53:00
15485,31,7,5750.51,2011-11-09 14:31:00
17863,60,12,5745.2,2011-10-11 13:45:00
16316,65,13,5744.91,2011-10-06 13:48:00
12615,3,8,5740.98,2011-12-07 15:02:00
13771,65,9,5728.82,2011-10-06 14:18:00
13870,3,15,5712.08,2011-12-07 13:23:00
16607,18,25,5706.87,2011-11-22 10:24:00
17651,12,16,5703.52,2011-11-28 10:29:00
16279,22,9,5698.28,2011-11-18 15:00:00
16458,3,30,5690.89,2011-12-07 09:34:00
13157,50,9,5687.36,2011-10-21 13:50:00
12727,11,10,5679.53,2011-11-29 11:46:00
12633,59,7,5678.16,2011-10-12 11:40:00
13901,73,15,5676.34,2011-09-28 14:48:00
16409,37,12,5652.74,2011-11-03 16:45:00
15628,5,17,5652.26,2011-12-05 10:24:00
13722,132,10,5635.41,2011-07-31 12:44:00
12347,3,8,5633.32,2011-12-07 15:52:00
13842,59,18,5629.91,2011-10-12 10:51:00
16320,173,6,5628.99,2011-06-20 15:25:00
16003,30,10,5613.83,2011-11-10 09:57:00
18145,13,11,5609.74,2011-11-27 11:22:00
16200,5,12,5608.1,2011-12-05 14:40:00
16546,291,5,5606.47,2011-02-22 11:20:00
17059,30,9,5586.93,2011-11-10 12:27:00
15228,67,6,5580.2699999999995,2011-10-04 13:56:00
15854,5,21,5578.28,2011-12-05 13:39:00
17203,36,10,5564.09,2011-11-04 12:27:00
15527,19,23,5554.89,2011-11-21 12:17:00
14572,4,11,5526.88,2011-12-06 14:40:00
14732,9,19,5517.07,2011-12-01 14:34:00
15898,2,25,5513.09,2011-12-08 15:23:00
17092,51,11,5511.41,2011-10-20 19:51:00
17204,176,9,5504.6900000000005,2011-06-17 14:46:00
13115,12,10,5494.7,2011-11-28 12:38:00
16609,16,7,5493.46,2011-11-24 13:32:00
13593,109,14,5493.29,2011-08-23 13:35:00
16393,3,23,5482.57,2011-12-07 12:51:00
16992,11,13,5476.5,2011-11-29 11:50:00
17512,29,18,5467.820000000001,2011-11-11 12:11:00
12480,29,7,5464.85,2011-11-11 14:52:00
18198,5,17,5425.56,2011-12-05 14:49:00
12378,130,2,5416.32,2011-08-02 10:34:00
14713,10,21,5414.71,2011-11-30 16:26:00
14626,24,11,5410.92,2011-11-16 10:37:00
14249,411,12,5400.461,2010-10-25 12:34:00
17719,38,15,5396.04,2011-11-02 10:36:00
17612,54,18,5394.86,2011-10-17 14:59:00
13362,10,7,5394.07,2011-11-30 14:41:00
13014,11,11,5381.08,2011-11-29 12:27:00
14459,156,2,5375.741,2011-07-07 13:35:00
13495,8,10,5374.26,2011-12-02 11:21:00
14442,205,7,5367.0199999999995,2011-05-19 11:36:00
12362,4,11,5356.23,2011-12-06 15:40:00
17567,8,9,5356.03,2011-12-02 15:48:00
15641,106,12,5345.55,2011-08-26 14:04:00
16008,24,15,5339.13,2011-11-16 10:32:00
12708,30,18,5314.1,2011-11-10 09:52:00
17584,8,6,5309.42,2011-12-02 17:12:00
14081,303,10,5291.09,2011-02-10 16:17:00
15394,10,11,5286.8,2011-11-30 11:49:00
15152,10,14,5263.83,2011-11-30 12:32:00
13931,96,11,5257.38,2011-09-05 10:12:00
13975,32,12,5256.4,2011-11-08 13:19:00
13107,45,9,5253.07,2011-10-26 14:52:00
14930,109,6,5236.7300000000005,2011-08-23 10:31:00
15722,36,11,5234.0,2011-11-04 11:43:00
17061,74,11,5232.2300000000005,2011-09-27 11:24:00
12422,96,17,5231.8,2011-09-05 09:48:00
15606,62,17,5230.99,2011-10-09 15:47:00
13763,64,3,5217.4400000000005,2011-10-07 15:13:00
15812,108,12,5201.47,2011-08-24 14:19:00
14546,6,11,5184.84,2011-12-04 13:00:00
16931,6,23,5184.27,2011-12-04 13:15:00
17213,41,13,5182.3,2011-10-30 14:53:00
12510,143,9,5178.02,2011-07-20 10:15:00
17663,26,17,5175.83,2011-11-14 08:56:00
15796,2,17,5171.63,2011-12-08 19:55:00
12625,212,4,5164.88,2011-05-12 09:54:00
17157,8,19,5151.9,2011-12-02 09:10:00
16153,50,11,5133.49,2011-10-21 10:50:00
17346,4,26,5132.72,2011-12-06 12:18:00
16308,38,7,5120.0,2011-11-02 11:24:00
15443,2,14,5114.23,2011-12-08 10:40:00
13329,32,8,5112.97,2011-11-08 10:29:00
17519,18,15,5109.47,2011-11-22 16:43:00
16919,157,24,5108.01,2011-07-06 13:35:00
13523,34,6,5101.52,2011-11-06 15:11:00
12483,18,19,5097.18,2011-11-22 17:02:00
17402,5,23,5095.53,2011-12-05 10:15:00
12594,38,15,5090.110000000001,2011-11-02 12:20:00
17861,4,18,5088.29,2011-12-06 16:21:00
14493,8,10,5087.86,2011-12-02 16:14:00
15367,58,11,5081.33,2011-10-13 14:13:00
15529,23,12,5079.32,2011-11-17 11:29:00
14307,89,10,5071.03,2011-09-12 09:38:00
12395,20,15,5067.27,2011-11-20 15:21:00
12432,43,5,5059.32,2011-10-28 11:43:00
18144,8,19,5058.0,2011-12-02 12:46:00
17469,17,17,5051.25,2011-11-23 13:15:00
17802,83,10,5046.42,2011-09-18 14:56:00
12600,29,21,5043.92,2011-11-11 10:29:00
13634,34,16,5033.77,2011-11-06 13:40:00
12759,53,8,5020.74,2011-10-18 14:49:00
16904,5,21,5014.06,2011-12-05 13:10:00
12444,22,5,5005.46,2011-11-18 13:23:00
17084,36,3,5001.21,2011-11-04 14:54:00
14209,11,15,4993.27,2011-11-29 10:18:00
14639,53,9,4978.96,2011-10-18 15:06:00
13198,11,8,4974.2300000000005,2011-11-29 15:17:00
12562,9,9,4966.92,2011-12-01 17:20:00
17758,20,12,4964.03,2011-11-20 14:45:00
16905,6,17,4961.17,2011-12-04 14:01:00
12700,8,4,4939.99,2011-12-02 10:47:00
14970,69,12,4919.35,2011-10-02 13:44:00
14825,4,24,4919.18,2011-12-06 11:38:00
16143,4,12,4910.83,2011-12-06 14:13:00
17314,25,17,4904.43,2011-11-15 09:41:00
16255,17,15,4904.25,2011-11-23 12:40:00
17406,334,13,4889.05,2011-01-10 15:07:00
16986,30,11,4888.75,2011-11-10 11:55:00
13021,5,17,4887.24,2011-12-05 16:37:00
13659,206,12,4884.68,2011-05-18 12:37:00
17596,24,13,4882.43,2011-11-16 14:11:00
16686,48,16,4881.07,2011-10-23 13:49:00
15379,170,8,4877.84,2011-06-23 13:13:00
14107,52,11,4877.3,2011-10-19 12:12:00
12688,114,1,4873.8099999999995,2011-08-18 08:49:00
17449,3,13,4868.15,2011-12-07 16:56:00
17652,26,12,4867.72,2011-11-14 12:55:00
14032,3,16,4850.2699999999995,2011-12-07 15:23:00
13044,292,11,4848.05,2011-02-21 15:20:00
13562,82,8,4838.18,2011-09-19 10:51:00
12449,23,6,4835.89,2011-11-17 13:46:00
17191,29,15,4820.45,2011-11-11 16:58:00
14191,2,15,4817.66,2011-12-08 09:23:00
13875,54,14,4814.37,2011-10-17 09:36:00
15187,2,16,4777.18,2011-12-08 11:56:00
15002,116,9,4769.7300000000005,2011-08-16 10:44:00
13988,20,8,4757.8,2011-11-20 10:15:00
12955,2,11,4757.16,2011-12-08 16:29:00
17829,299,5,4756.74,2011-02-14 12:46:00
17082,34,6,4732.03,2011-11-06 15:17:00
16326,6,24,4721.25,2011-12-04 10:11:00
14235,76,9,4717.99,2011-09-25 14:37:00
13958,380,8,4709.2300000000005,2010-11-25 10:11:00
12589,29,8,4695.66,2011-11-11 10:19:00
15410,85,10,4685.72,2011-09-16 14:47:00
16858,369,10,4668.28,2010-12-06 09:52:00
13971,19,14,4667.57,2011-11-21 12:06:00
16293,22,15,4657.95,2011-11-18 09:58:00
15123,8,5,4656.17,2011-12-02 13:12:00
15484,2,6,4652.1,2011-12-08 15:03:00
17050,97,11,4648.59,2011-09-04 13:48:00
14466,30,13,4646.9,2011-11-10 14:07:00
12578,22,4,4642.45,2011-11-18 13:30:00
13124,90,4,4641.66,2011-09-11 12:45:00
15271,8,24,4640.29,2011-12-02 14:11:00
18097,8,11,4627.92,2011-12-02 11:16:00
17400,127,8,4623.28,2011-08-05 15:38:00
17442,37,15,4620.3,2011-11-03 09:17:00
12782,5,11,4618.24,2011-12-05 09:16:00
14441,1,11,4611.6900000000005,2011-12-09 09:07:00
15245,135,8,4610.84,2011-07-28 18:56:00
12553,9,12,4608.75,2011-12-01 16:38:00
13851,96,8,4606.46,2011-09-05 12:36:00
18257,40,12,4600.15,2011-10-31 14:48:00
17188,12,13,4592.93,2011-11-28 13:53:00
16125,368,14,4581.7,2010-12-07 15:48:00
17508,281,8,4579.23,2011-03-04 08:10:00
15416,65,7,4572.82,2011-10-06 09:38:00
13491,52,27,4566.56,2011-10-19 08:32:00
13510,2,11,4558.29,2011-12-08 13:46:00
15365,26,13,4557.13,2011-11-14 08:29:00
17613,23,14,4544.55,2011-11-17 10:51:00
13527,34,12,4541.29,2011-11-06 12:04:00
13571,13,26,4537.26,2011-11-27 10:47:00
14685,577,8,4536.64,2010-05-12 13:08:00
12598,10,11,4534.09,2011-11-30 12:18:00
14001,46,9,4530.09,2011-10-25 10:31:00
14290,12,8,4516.56,2011-11-28 14:02:00
17308,394,2,4511.76,2010-11-11 13:19:00
15680,10,10,4507.58,2011-11-30 13:46:00
15764,89,8,4503.08,2011-09-12 17:58:00
14625,197,11,4497.88,2011-05-27 15:32:00
15122,115,11,4487.27,2011-08-17 16:48:00
14701,11,15,4487.11,2011-11-29 12:38:00
18064,134,11,4481.83,2011-07-29 16:39:00
12916,139,7,4479.73,2011-07-24 10:35:00
12627,11,7,4478.53,2011-11-29 12:07:00
14648,417,15,4466.65,2010-10-19 13:12:00
18069,27,11,4464.92,2011-11-13 16:03:00
16912,29,15,4460.51,2011-11-11 12:18:00
15240,45,12,4459.98,2011-10-26 09:50:00
17220,25,21,4457.31,2011-11-15 13:47:00
17682,11,11,4456.78,2011-11-29 15:59:00
18093,94,8,4452.71,2011-09-07 15:43:00
14341,46,18,4452.02,2011-10-25 15:48:00
17754,1,13,4451.22,2011-12-09 11:20:00
13435,6,9,4447.33,2011-12-04 14:45:00
16098,88,14,4441.3,2011-09-13 09:59:00
16218,30,13,4439.97,2011-11-10 09:59:00
16081,57,8,4436.56,2011-10-14 13:06:00
17722,97,5,4430.36,2011-09-04 15:22:00
12349,19,4,4428.69,2011-11-21 09:51:00
15845,18,11,4426.28,2011-11-22 09:42:00
17412,3,16,4417.52,2011-12-07 11:36:00
17138,276,7,4417.27,2011-03-09 11:54:00
16626,1,17,4413.1,2011-12-09 11:56:00
16563,54,6,4412.56,2011-10-17 11:51:00
14211,54,18,4402.29,2011-10-17 13:23:00
15203,26,15,4400.18,2011-11-14 08:16:00
16150,43,10,4395.59,2011-10-28 12:39:00
13505,73,4,4393.63,2011-09-28 11:56:00
13880,22,17,4391.66,2011-11-18 13:44:00
16732,32,4,4387.64,2011-11-08 09:54:00
18272,3,9,4385.9800000000005,2011-12-07 12:43:00
13982,40,9,4382.89,2011-10-31 16:24:00
14514,62,9,4380.04,2011-10-09 16:05:00
16455,64,11,4376.87,2011-10-07 12:17:00
16118,653,1,4376.25,2010-02-25 09:40:00
15861,13,12,4369.2,2011-11-27 15:59:00
13297,8,7,4368.62,2011-12-02 09:32:00
12752,82,1,4366.78,2011-09-19 13:32:00
12917,129,6,4359.2,2011-08-03 16:42:00
12523,20,23,4352.35,2011-11-20 12:55:00
16283,6,8,4350.32,2011-12-04 12:08:00
17372,41,28,4347.31,2011-10-30 11:37:00
12408,33,8,4340.7699999999995,2011-11-07 12:27:00
15633,510,13,4335.96,2010-07-18 13:54:00
16477,64,11,4320.02,2011-10-07 09:44:00
14334,17,12,4318.48,2011-11-23 10:01:00
18259,25,7,4318.200000000001,2011-11-15 12:34:00
12370,52,7,4316.56,2011-10-19 14:51:00
12967,359,3,4306.92,2010-12-16 19:10:00
14482,19,12,4306.72,2011-11-21 13:14:00
12928,36,12,4304.89,2011-11-04 14:24:00
14854,79,11,4303.06,2011-09-22 17:00:00
17937,9,7,4301.22,2011-12-01 11:45:00
18230,10,9,4291.06,2011-11-30 13:22:00
18077,9,18,4283.66,2011-12-01 13:32:00
17930,36,13,4275.22,2011-11-04 10:23:00
16241,10,16,4270.51,2011-11-30 11:08:00
14239,44,21,4263.17,2011-10-27 14:40:00
14047,9,14,4255.03,2011-12-01 11:43:00
12360,53,8,4252.89,2011-10-18 15:22:00
16571,27,10,4248.74,2011-11-13 11:46:00
12935,3,15,4243.86,2011-12-07 17:25:00
17728,4,5,4238.76,2011-12-06 08:52:00
13911,58,20,4234.99,2011-10-13 15:43:00
16875,68,11,4234.53,2011-10-03 13:39:00
16712,10,13,4232.87,2011-11-30 13:48:00
16743,30,14,4212.15,2011-11-10 13:13:00
15804,1,13,4206.39,2011-12-09 12:31:00
15708,41,9,4204.4400000000005,2011-10-30 10:54:00
18079,46,5,4203.93,2011-10-25 15:27:00
15518,65,15,4189.99,2011-10-06 13:05:00
15752,40,9,4184.56,2011-10-31 11:37:00
14868,4,12,4184.01,2011-12-06 14:49:00
17738,20,13,4183.56,2011-11-20 15:05:00
18287,43,7,4182.99,2011-10-28 09:29:00
16072,289,4,4180.09,2011-02-24 14:32:00
17218,5,18,4178.93,2011-12-05 13:52:00
17673,2,13,4173.88,2011-12-08 12:50:00
17526,5,12,4166.04,2011-12-05 11:05:00
18194,83,6,4162.04,2011-09-18 13:29:00
14740,198,11,4161.06,2011-05-26 18:17:00
12653,149,3,4160.83,2011-07-14 10:41:00
13461,39,6,4160.0,2011-11-01 09:01:00
16749,592,2,4157.88,2010-04-27 13:06:00
17646,220,12,4149.79,2011-05-04 13:17:00
16209,89,9,4146.78,2011-09-12 11:58:00
12569,3,32,4124.69,2011-12-07 16:24:00
15493,33,9,4121.68,2011-11-07 12:04:00
13450,27,13,4120.04,2011-11-13 11:54:00
14408,11,11,4102.27,2011-11-29 11:41:00
14566,111,4,4092.0,2011-08-21 11:05:00
15050,26,5,4087.19,2011-11-14 16:17:00
12876,58,4,4081.79,2011-10-13 12:26:00
14878,13,25,4076.5,2011-11-27 11:15:00
14913,36,8,4073.13,2011-11-04 08:29:00
12371,45,5,4067.38,2011-10-26 10:16:00
13421,41,8,4058.75,2011-10-30 14:21:00
14025,465,8,4057.9,2010-09-01 10:11:00
15024,10,16,4050.61,2011-11-30 12:06:00
17083,110,9,4049.79,2011-08-22 15:43:00
17287,27,21,4049.56,2011-11-13 13:27:00
13048,15,9,4049.13,2011-11-25 13:23:00
17211,27,13,4046.65,2011-11-13 12:03:00
12840,144,7,4041.97,2011-07-19 09:29:00
14824,11,10,4022.9100000000003,2011-11-29 14:20:00
12726,29,11,4014.6,2011-11-11 13:35:00
15782,10,4,4014.1,2011-11-30 10:49:00
16928,81,29,4013.7799999999997,2011-09-20 15:10:00
12721,32,8,4013.08,2011-11-08 12:13:00
13895,29,6,4008.52,2011-11-11 16:57:00
16841,37,12,4006.06,2011-11-03 11:51:00
17618,6,11,4001.64,2011-12-04 11:50:00
17307,396,11,3999.8900000000003,2010-11-09 13:40:00
13126,5,13,3998.25,2011-12-05 10:00:00
15665,169,5,3987.07,2011-06-24 14:57:00
14547,4,8,3974.75,2011-12-06 11:06:00
15572,5,10,3965.2,2011-12-05 10:09:00
17019,12,11,3961.11,2011-11-28 13:06:00
14817,201,7,3959.86,2011-05-23 13:35:00
13542,377,17,3959.4900000000002,2010-11-28 11:24:00
16791,30,15,3957.63,2011-11-10 19:12:00
17667,67,9,3950.7,2011-10-04 14:32:00
16771,34,10,3949.6,2011-11-06 13:28:00
16719,15,14,3944.35,2011-11-25 09:27:00
15858,16,13,3936.34,2011-11-24 12:48:00
15819,50,10,3934.79,2011-10-21 14:50:00
17954,6,19,3933.06,2011-12-04 14:15:00
12473,30,5,3928.0499999999997,2011-11-10 13:46:00
15051,24,9,3926.91,2011-11-16 15:38:00
14465,247,11,3925.85,2011-04-07 12:38:00
15983,23,8,3924.02,2011-11-17 17:34:00
13037,139,12,3914.9500000000003,2011-07-24 15:46:00
12853,135,11,3907.5,2011-07-28 11:29:00
13995,16,14,3902.01,2011-11-24 14:22:00
12388,16,8,3901.11,2011-11-24 12:30:00
14498,43,10,3900.83,2011-10-28 12:09:00
15823,373,3,3897.17,2010-12-02 15:08:00
15571,12,14,3892.35,2011-11-28 10:02:00
12358,2,5,3887.07,2011-12-08 10:26:00
14744,17,14,3885.08,2011-11-23 12:51:00
13446,431,11,3881.89,2010-10-05 18:51:00
15696,34,13,3881.2200000000003,2011-11-06 14:02:00
15288,44,10,3881.03,2011-10-27 16:58:00
14655,9,7,3878.51,2011-12-01 16:28:00
15067,79,5,3862.88,2011-09-22 13:20:00
15195,3,1,3861.0,2011-12-07 12:20:00
18073,115,12,3859.82,2011-08-17 14:02:00
14565,96,5,3859.2200000000003,2011-09-05 09:07:00
16440,8,6,3856.9700000000003,2011-12-02 12:02:00
16057,17,10,3854.85,2011-11-23 15:23:00
13213,57,11,3851.52,2011-10-14 11:42:00
16341,25,7,3850.79,2011-11-15 09:12:00
14532,237,11,3845.78,2011-04-17 13:05:00
17659,18,14,3834.79,2011-11-22 13:29:00
13481,46,11,3830.84,2011-10-25 09:07:00
12597,20,4,3811.22,2011-11-20 13:33:00
13357,258,5,3805.5099999999998,2011-03-27 13:56:00
15421,59,10,3805.34,2011-10-12 09:20:00
16636,439,4,3802.04,2010-09-27 13:13:00
16128,18,11,3801.05,2011-11-22 11:14:00
15827,74,28,3794.07,2011-09-27 15:35:00
17071,29,13,3793.71,2011-11-11 16:31:00
12619,17,10,3781.38,2011-11-23 14:52:00
14309,9,11,3780.81,2011-12-01 13:33:00
15811,23,7,3776.0,2011-11-17 15:31:00
15079,213,11,3767.35,2011-05-11 12:45:00
16466,34,15,3767.09,2011-11-06 11:35:00
17173,6,8,3766.6,2011-12-04 14:40:00
15834,71,7,3764.39,2011-09-30 14:41:00
12670,11,7,3760.29,2011-11-29 15:23:00
12530,60,9,3759.26,2011-10-11 12:34:00
17553,130,4,3757.6,2011-08-02 10:00:00
14409,72,9,3756.09,2011-09-29 18:18:00
13305,5,16,3752.61,2011-12-05 15:15:00
17293,9,17,3750.63,2011-12-01 14:37:00
12623,277,7,3747.84,2011-03-08 13:50:00
15370,41,8,3739.01,2011-10-30 10:58:00
15532,26,10,3738.85,2011-11-14 14:51:00
15704,141,6,3734.6600000000003,2011-07-22 13:35:00
16539,3,10,3732.01,2011-12-07 08:41:00
14515,18,12,3724.06,2011-11-22 11:37:00
12502,96,5,3723.87,2011-09-05 11:52:00
16240,25,2,3718.8,2011-11-15 14:30:00
14364,109,8,3717.35,2011-08-23 11:01:00
16950,57,10,3713.77,2011-10-14 09:06:00
12737,499,2,3710.5,2010-07-29 12:29:00
14540,10,11,3709.64,2011-11-30 10:15:00
14776,52,15,3708.3,2011-10-19 15:34:00
15255,67,9,3706.02,2011-10-04 12:43:00
15351,13,10,3704.89,2011-11-27 12:52:00
15494,22,5,3702.6,2011-11-18 14:51:00
18168,177,16,3698.8,2011-06-16 19:21:00
16772,424,3,3698.0499999999997,2010-10-12 13:19:00
17096,16,11,3697.93,2011-11-24 15:01:00
16094,12,11,3695.56,2011-11-28 12:45:00
12857,211,6,3688.0,2011-05-13 10:20:00
12468,188,5,3670.74,2011-06-05 11:36:00
14593,22,12,3665.5299999999997,2011-11-18 12:48:00
12872,327,12,3662.4900000000002,2011-01-17 10:52:00
16983,13,11,3654.02,2011-11-27 12:10:00
17655,11,9,3652.48,2011-11-29 11:34:00
14857,60,7,3651.851,2011-10-11 09:23:00
14649,5,9,3651.19,2011-12-05 12:30:00
14640,25,10,3649.36,2011-11-15 13:07:00
15953,16,18,3648.08,2011-11-24 15:32:00
13632,25,8,3645.81,2011-11-15 10:51:00
17063,22,13,3638.53,2011-11-18 16:19:00
14770,233,8,3637.64,2011-04-21 14:21:00
16748,18,14,3637.33,2011-11-22 10:17:00
16053,33,6,3634.84,2011-11-07 11:21:00
17528,2,8,3628.5,2011-12-08 13:27:00
16444,47,17,3625.88,2011-10-24 13:50:00
16503,107,11,3614.34,2011-08-25 11:46:00
16718,370,5,3612.13,2010-12-05 13:03:00
15505,53,5,3610.96,2011-10-18 07:56:00
15791,44,5,3608.34,2011-10-27 10:14:00
18242,73,8,3605.21,2011-09-28 13:43:00
13750,54,11,3602.1800000000003,2011-10-17 12:16:00
12963,9,12,3601.59,2011-12-01 12:55:00
16325,47,12,3597.5,2011-10-24 08:48:00
17422,17,11,3594.76,2011-11-23 13:27:00
14653,2,12,3593.06,2011-12-08 13:45:00
14132,3,11,3586.0299999999997,2011-12-07 13:35:00
15569,104,10,3583.45,2011-08-28 10:15:00
17679,53,7,3577.61,2011-10-18 07:43:00
17311,79,6,3566.56,2011-09-22 14:11:00
18219,3,17,3562.89,2011-12-07 11:43:00
17848,82,30,3559.11,2011-09-19 16:49:00
14737,4,4,3554.17,2011-12-06 10:16:00
15222,319,11,3550.91,2011-01-25 08:03:00
14882,27,14,3546.65,2011-11-13 12:47:00
14503,4,6,3543.26,2011-12-06 13:30:00
12645,34,8,3539.3,2011-11-06 12:38:00
17924,12,8,3536.7000000000003,2011-11-28 09:11:00
16395,61,14,3518.41,2011-10-10 12:50:00
16336,421,4,3517.69,2010-10-15 12:32:00
15113,10,3,3509.43,2011-11-30 08:23:00
18044,5,18,3505.61,2011-12-05 14:26:00
14934,82,5,3503.5,2011-09-19 10:10:00
13929,170,11,3494.1,2011-06-23 15:26:00
15059,41,19,3491.2,2011-10-30 11:35:00
13577,26,11,3489.28,2011-11-14 15:19:00
15306,65,9,3484.73,2011-10-06 12:56:00
17597,214,5,3484.09,2011-05-10 11:54:00
12631,58,6,3481.57,2011-10-13 13:53:00
15380,9,11,3479.0600000000004,2011-12-01 12:13:00
15712,10,12,3472.4100000000003,2011-11-30 14:09:00
13849,52,5,3469.3,2011-10-19 10:59:00
14533,25,11,3466.37,2011-11-15 12:05:00
14898,24,14,3464.45,2011-11-16 14:54:00
14837,90,9,3460.32,2011-09-11 10:58:00
16360,5,6,3450.41,2011-12-05 12:16:00
13313,23,12,3445.32,2011-11-17 16:48:00
13536,2,7,3444.39,2011-12-08 16:38:00
16347,12,11,3442.96,2011-11-28 13:14:00
15974,40,7,3442.15,2011-10-31 13:13:00
16208,45,10,3440.45,2011-10-26 11:36:00
17725,17,11,3439.08,2011-11-23 16:34:00
12609,79,9,3435.86,2011-09-22 16:34:00
15676,19,3,3435.76,2011-11-21 12:40:00
16045,120,8,3434.9300000000003,2011-08-12 12:41:00
17913,59,14,3429.29,2011-10-12 10:45:00
12377,316,4,3426.32,2011-01-28 15:45:00
17876,400,3,3424.02,2010-11-05 10:52:00
16281,73,3,3424.02,2011-09-28 14:57:00
15373,9,17,3418.84,2011-12-01 15:05:00
14217,2,23,3416.89,2011-12-08 11:53:00
14215,12,9,3416.33,2011-11-28 12:19:00
14673,4,7,3410.81,2011-12-06 14:31:00
13437,15,7,3408.06,2011-11-25 14:00:00
13823,19,7,3403.4500000000003,2011-11-21 10:22:00
17931,135,14,3402.24,2011-07-28 18:33:00
15114,31,12,3400.12,2011-11-09 15:05:00
16271,3,10,3397.82,2011-12-07 12:45:00
13425,109,5,3390.4300000000003,2011-08-23 17:13:00
15058,26,16,3387.58,2011-11-14 14:57:00
15356,32,13,3382.69,2011-11-08 13:11:00
13979,74,7,3379.93,2011-09-27 13:32:00
17723,128,7,3378.4000000000005,2011-08-04 18:37:00
15916,17,13,3377.69,2011-11-23 13:46:00
13135,197,2,3371.45,2011-05-27 10:52:00
12838,34,10,3366.7,2011-11-06 12:20:00
13707,268,5,3365.86,2011-03-17 18:03:00
13285,24,6,3364.59,2011-11-16 13:19:00
15538,538,6,3358.3999999999996,2010-06-20 10:49:00
13786,368,6,3358.39,2010-12-07 13:53:00
14608,5,11,3352.94,2011-12-05 16:52:00
13246,19,11,3351.75,2011-11-21 16:50:00
16818,11,11,3349.57,2011-11-29 10:41:00
17183,8,6,3347.31,2011-12-02 10:07:00
15265,152,4,3345.64,2011-07-11 14:46:00
12424,163,4,3340.03,2011-06-30 12:06:00
13848,93,8,3335.0,2011-09-08 12:58:00
14344,128,20,3333.7000000000003,2011-08-04 13:51:00
16351,333,13,3330.0299999999997,2011-01-11 10:26:00
15065,38,5,3326.86,2011-11-02 09:45:00
12865,27,4,3323.47,2011-11-13 14:31:00
13431,68,8,3316.24,2011-10-03 13:49:00
13824,33,12,3314.76,2011-11-07 12:41:00
13131,24,7,3313.77,2011-11-16 13:21:00
16365,18,15,3307.2,2011-11-22 11:24:00
13611,90,10,3297.9300000000003,2011-09-11 14:51:00
13031,408,5,3292.84,2010-10-28 15:34:00
17768,9,7,3292.73,2011-12-01 13:22:00
13650,17,10,3288.0,2011-11-23 12:22:00
15632,16,8,3285.31,2011-11-24 09:51:00
14285,22,8,3284.42,2011-11-18 14:50:00
18188,16,6,3280.59,2011-11-24 16:46:00
14161,216,7,3280.08,2011-05-08 11:41:00
15978,78,3,3279.42,2011-09-23 15:21:00
17774,97,9,3273.83,2011-09-04 12:49:00
13291,156,11,3270.79,2011-07-07 10:36:00
16067,563,3,3269.11,2010-05-26 12:33:00
14293,4,9,3267.9300000000003,2011-12-06 15:17:00
13214,418,7,3264.23,2010-10-18 10:00:00
14064,30,15,3260.24,2011-11-10 13:14:00
14451,61,12,3258.68,2011-10-10 13:38:00
15057,276,5,3255.96,2011-03-09 15:17:00
12770,211,2,3246.45,2011-05-13 09:33:00
16612,33,9,3245.43,2011-11-07 07:38:00
15140,53,8,3243.69,2011-10-18 14:07:00
17353,130,4,3242.0,2011-08-02 17:19:00
15625,104,9,3236.4,2011-08-28 10:21:00
15602,9,16,3230.51,2011-12-01 14:14:00
16101,71,4,3229.16,2011-09-30 10:18:00
14506,18,7,3217.25,2011-11-22 13:02:00
14669,242,7,3216.78,2011-04-12 11:43:00
14507,24,11,3216.7400000000002,2011-11-16 12:21:00
12951,9,15,3213.7200000000003,2011-12-01 12:14:00
16918,50,16,3206.54,2011-10-21 12:50:00
16107,18,7,3204.1600000000003,2011-11-22 09:40:00
17147,23,9,3199.95,2011-11-17 12:32:00
14315,45,8,3197.82,2011-10-26 12:06:00
15027,31,10,3195.6,2011-11-09 10:16:00
13868,8,2,3192.54,2011-12-02 16:32:00
13397,73,10,3191.87,2011-09-28 10:56:00
12456,45,3,3181.04,2011-10-26 14:41:00
16515,53,10,3179.06,2011-10-18 13:10:00
17228,16,13,3175.98,2011-11-24 10:24:00
17621,22,6,3175.12,2011-11-18 17:11:00
13268,18,11,3174.75,2011-11-22 11:51:00
16059,66,12,3171.82,2011-10-05 09:56:00
16837,32,11,3170.98,2011-11-08 14:27:00
17640,87,6,3168.94,2011-09-14 09:13:00
16041,31,3,3166.4,2011-11-09 12:25:00
13804,31,9,3161.12,2011-11-09 12:32:00
12976,212,8,3156.38,2011-05-12 09:55:00
16584,81,5,3156.17,2011-09-20 13:45:00
14748,30,10,3152.32,2011-11-10 18:33:00
14306,52,6,3151.4,2011-10-19 13:23:00
15614,438,4,3147.36,2010-09-28 10:46:00
17702,31,6,3144.04,2011-11-09 16:03:00
15095,104,10,3141.64,2011-08-28 12:01:00
14897,8,8,3140.54,2011-12-02 10:32:00
17354,51,4,3133.96,2011-10-20 10:34:00
15596,101,9,3130.04,2011-08-31 10:55:00
14963,10,12,3123.57,2011-11-30 12:16:00
15199,60,10,3122.4,2011-10-11 15:12:00
17145,513,4,3120.91,2010-07-15 09:02:00
13685,3,7,3119.44,2011-12-07 11:41:00
13052,213,7,3119.33,2011-05-11 14:12:00
13692,25,5,3114.4,2011-11-15 11:17:00
14978,73,10,3112.19,2011-09-28 13:07:00
16678,3,12,3109.99,2011-12-07 12:17:00
13742,17,12,3107.87,2011-11-23 11:07:00
15353,255,7,3106.12,2011-03-30 12:15:00
12909,40,8,3103.19,2011-10-31 12:43:00
13538,44,12,3103.13,2011-10-27 16:34:00
15031,5,14,3102.94,2011-12-05 14:19:00
15491,96,6,3100.09,2011-09-05 15:56:00
13772,34,8,3100.02,2011-11-06 11:43:00
16933,2,9,3099.3,2011-12-08 12:54:00
13464,59,6,3097.64,2011-10-12 15:01:00
12937,16,9,3097.61,2011-11-24 15:05:00
15105,19,9,3094.91,2011-11-21 16:54:00
17530,2,12,3092.33,2011-12-08 18:42:00
14312,47,11,3090.29,2011-10-24 09:46:00
17552,61,12,3085.29,2011-10-10 17:00:00
12511,429,1,3084.02,2010-10-07 10:39:00
17929,12,12,3082.1,2011-11-28 16:01:00
17090,5,13,3080.1800000000003,2011-12-05 13:44:00
17870,3,13,3079.69,2011-12-07 15:07:00
14044,27,10,3077.7,2011-11-13 12:05:00
14700,33,5,3076.06,2011-11-07 14:40:00
12469,523,2,3070.54,2010-07-05 12:40:00
13631,100,11,3070.42,2011-09-01 09:57:00
14038,79,5,3069.88,2011-09-22 13:37:00
13196,12,7,3068.84,2011-11-28 13:54:00
16400,95,9,3059.85,2011-09-06 12:27:00
13077,2,11,3054.37,2011-12-08 19:24:00
16007,48,7,3053.06,2011-10-23 11:05:00
16775,11,16,3052.7400000000002,2011-11-29 15:22:00
15241,67,11,3050.16,2011-10-04 09:05:00
16560,27,8,3048.38,2011-11-13 10:35:00
14916,71,8,3042.95,2011-09-30 09:20:00
12849,32,6,3042.47,2011-11-08 13:41:00
13647,10,8,3041.68,2011-11-30 12:00:00
15754,52,9,3037.61,2011-10-19 14:40:00
13557,29,13,3032.26,2011-11-11 15:24:00
17884,4,20,3020.99,2011-12-06 11:33:00
13485,234,11,3019.2200000000003,2011-04-20 13:58:00
14456,6,9,3017.28,2011-12-04 13:59:00
15716,146,11,3014.66,2011-07-17 11:59:00
13963,309,17,3011.87,2011-02-04 14:43:00
12754,236,3,3010.74,2011-04-18 09:00:00
14621,2,9,3000.57,2011-12-08 16:22:00
13635,68,4,2999.16,2011-10-03 10:55:00
15810,79,8,2999.04,2011-09-22 09:38:00
15182,155,11,2998.952,2011-07-08 13:37:00
15611,10,26,2997.28,2011-11-30 12:36:00
12457,67,8,2995.91,2011-10-04 13:13:00
17961,22,100,2994.29,2011-11-18 16:55:00
14590,425,20,2993.37,2010-10-11 12:06:00
15687,9,9,2993.1,2011-12-01 08:33:00
15681,26,14,2989.7,2011-11-14 16:30:00
12374,26,4,2989.2200000000003,2011-11-14 15:37:00
18241,10,21,2986.9900000000002,2011-11-30 12:10:00
14226,29,6,2985.13,2011-11-11 11:34:00
17032,548,8,2984.32,2010-06-10 12:16:00
16012,36,5,2978.59,2011-11-04 13:25:00
17692,128,12,2975.8,2011-08-04 14:01:00
12854,79,7,2970.9700000000003,2011-09-22 12:15:00
16120,60,6,2967.51,2011-10-11 14:22:00
15967,24,12,2966.0,2011-11-16 15:41:00
15329,40,11,2958.83,2011-10-31 15:36:00
16416,27,9,2957.88,2011-11-13 12:50:00
13012,10,11,2957.83,2011-11-30 13:05:00
13110,32,12,2957.4700000000003,2011-11-08 14:30:00
16736,506,5,2956.56,2010-07-22 10:09:00
12826,3,12,2955.75,2011-12-07 10:25:00
14867,186,16,2952.06,2011-06-07 11:39:00
13253,157,4,2951.11,2011-07-06 10:09:00
12877,4,20,2942.14,2011-12-06 10:30:00
15757,66,6,2940.36,2011-10-05 12:14:00
17444,148,3,2940.04,2011-07-15 12:05:00
17588,101,7,2939.55,2011-08-31 13:37:00
14544,25,3,2938.53,2011-11-15 15:06:00
15235,218,16,2937.81,2011-05-06 09:44:00
12635,90,4,2930.41,2011-09-11 11:04:00
15312,76,12,2930.19,2011-09-25 13:10:00
15965,18,13,2928.13,2011-11-22 16:44:00
13890,2,14,2927.38,2011-12-08 15:36:00
12906,12,5,2919.81,2011-11-28 09:55:00
16358,2,5,2919.65,2011-12-08 15:09:00
13764,71,6,2919.62,2011-09-30 12:03:00
15392,5,7,2911.62,2011-12-05 11:01:00
13784,10,14,2910.23,2011-11-30 09:33:00
14524,32,13,2909.86,2011-11-08 12:29:00
12438,15,2,2906.85,2011-11-25 13:28:00
13455,25,6,2905.93,2011-11-15 11:21:00
14233,50,7,2904.27,2011-10-21 15:54:00
16383,75,7,2896.69,2011-09-26 12:45:00
17320,101,6,2895.77,2011-08-31 13:31:00
15100,334,7,2894.7,2011-01-10 10:35:00
17242,109,5,2889.28,2011-08-23 14:55:00
13501,289,3,2885.11,2011-02-24 18:59:00
16633,18,6,2883.1,2011-11-22 13:41:00
14251,2,5,2879.7000000000003,2011-12-08 08:32:00
12806,436,4,2878.96,2010-09-30 13:34:00
18170,34,9,2878.0,2011-11-06 14:35:00
14005,10,5,2874.72,2011-11-30 12:41:00
15043,32,6,2870.3199999999997,2011-11-08 14:26:00
16467,509,7,2869.16,2010-07-19 11:49:00
16711,4,9,2868.48,2011-12-06 16:32:00
16229,88,6,2867.86,2011-09-13 17:16:00
15862,9,13,2866.52,2011-12-01 13:28:00
16086,60,10,2864.9900000000002,2011-10-11 13:09:00
14758,145,7,2864.97,2011-07-18 08:21:00
16755,115,7,2864.68,2011-08-17 13:21:00
16062,10,8,2863.45,2011-11-30 12:15:00
12685,29,6,2863.08,2011-11-11 13:46:00
14875,108,3,2862.4,2011-08-24 12:20:00
16979,4,9,2859.74,2011-12-06 12:21:00
15563,23,7,2859.46,2011-11-17 14:50:00
16225,45,15,2859.31,2011-10-26 08:30:00
13728,37,16,2855.17,2011-11-03 10:49:00
14404,34,13,2853.36,2011-11-06 12:30:00
12352,37,10,2849.84,2011-11-03 14:37:00
14935,298,2,2849.83,2011-02-15 14:44:00
16163,233,6,2849.58,2011-04-21 15:15:00
12676,25,11,2843.09,2011-11-15 12:25:00
16554,43,8,2841.72,2011-10-28 14:51:00
14711,11,11,2839.62,2011-11-29 14:58:00
14842,44,4,2824.69,2011-10-27 12:37:00
15797,114,6,2821.08,2011-08-18 17:04:00
13477,38,11,2819.17,2011-11-02 12:04:00
13032,53,9,2815.96,2011-10-18 15:54:00
15660,26,15,2812.99,2011-11-14 16:58:00
17386,8,7,2812.77,2011-12-02 11:28:00
16871,23,6,2812.34,2011-11-17 19:27:00
16817,3,13,2804.9,2011-12-07 11:03:00
17470,45,11,2804.87,2011-10-26 12:42:00
13799,117,9,2803.57,2011-08-15 12:07:00
13205,444,1,2803.2,2010-09-22 16:26:00
16742,47,14,2799.87,2011-10-24 12:02:00
13330,93,6,2796.1,2011-09-08 12:27:00
14903,22,5,2795.33,2011-11-18 16:07:00
14035,29,9,2794.75,2011-11-11 10:03:00
12863,53,6,2792.5499999999997,2011-10-18 14:15:00
16764,4,13,2790.9500000000003,2011-12-06 11:41:00
17284,61,8,2788.06,2011-10-10 14:38:00
15073,10,8,2788.02,2011-11-30 10:44:00
13719,16,11,2783.08,2011-11-24 15:26:00
14121,4,4,2780.15,2011-12-06 12:19:00
17790,27,20,2779.41,2011-11-13 11:30:00
14869,9,6,2778.14,2011-12-01 12:36:00
15993,9,7,2777.67,2011-12-01 10:45:00
16104,62,9,2774.46,2011-10-09 10:23:00
17031,12,6,2773.85,2011-11-28 10:23:00
13695,32,16,2770.73,2011-11-08 14:26:00
17720,27,10,2768.91,2011-11-13 15:04:00
18210,2,7,2768.83,2011-12-08 11:02:00
14696,5,8,2767.9,2011-12-05 13:43:00
15817,421,3,2766.4,2010-10-15 11:07:00
13813,40,8,2765.47,2011-10-31 10:38:00
16407,13,14,2761.65,2011-11-27 11:05:00
17115,9,7,2761.4900000000002,2011-12-01 14:30:00
17368,24,14,2758.29,2011-11-16 15:26:00
17262,53,11,2757.62,2011-10-18 12:56:00
16335,552,7,2753.52,2010-06-06 11:35:00
13736,6,7,2752.47,2011-12-04 15:19:00
17490,1,9,2750.5,2011-12-09 09:08:00
14665,61,7,2749.65,2011-10-10 09:14:00
17676,5,10,2749.34,2011-12-05 15:16:00
12982,243,8,2744.81,2011-04-11 11:51:00
12669,151,3,2744.0299999999997,2011-07-12 09:54:00
15841,73,9,2742.41,2011-09-28 12:15:00
17241,386,12,2736.64,2010-11-19 13:01:00
15389,173,5,2733.8,2011-06-20 16:18:00
15111,30,5,2730.87,2011-11-10 16:58:00
12986,429,10,2729.84,2010-10-07 11:57:00
12739,79,4,2726.73,2011-09-22 13:00:00
12391,22,6,2724.84,2011-11-18 12:07:00
17591,74,8,2723.62,2011-09-27 13:42:00
16190,41,8,2723.55,2011-10-30 15:59:00
14125,11,3,2720.63,2011-11-29 12:47:00
14808,40,8,2718.6,2011-10-31 12:21:00
15985,124,7,2715.28,2011-08-08 16:31:00
16232,44,7,2712.97,2011-10-27 12:16:00
15021,9,12,2698.68,2011-12-01 11:53:00
16359,8,16,2697.75,2011-12-02 17:04:00
18173,87,5,2696.36,2011-09-14 11:26:00
12725,372,4,2694.56,2010-12-03 15:45:00
12820,4,11,2689.52,2011-12-06 15:12:00
17388,78,11,2675.37,2011-09-23 10:31:00
16434,30,12,2673.69,2011-11-10 14:28:00
14496,312,7,2668.23,2011-02-01 09:01:00
18283,4,22,2664.9,2011-12-06 12:02:00
15910,1,15,2661.17,2011-12-09 10:51:00
13473,61,8,2657.7599999999998,2011-10-10 11:20:00
15671,19,7,2657.13,2011-11-21 12:43:00
16369,19,7,2656.56,2011-11-21 16:25:00
15157,4,5,2654.11,2011-12-06 11:28:00
14756,16,3,2653.76,2011-11-24 18:13:00
17744,4,7,2649.14,2011-12-06 12:11:00
12516,78,4,2648.62,2011-09-23 09:13:00
13203,10,10,2648.25,2011-11-30 10:45:00
16618,32,5,2647.59,2011-11-08 13:52:00
13117,22,18,2643.81,2011-11-18 12:02:00
13819,302,6,2642.35,2011-02-11 10:38:00
15814,17,6,2634.44,2011-11-23 08:17:00
12520,80,5,2634.26,2011-09-21 15:23:00
14410,93,11,2631.9,2011-09-08 15:08:00
16276,177,3,2629.3900000000003,2011-06-16 09:34:00
13422,65,1,2626.3,2011-10-06 13:42:00
13644,17,4,2624.26,2011-11-23 14:07:00
12671,607,1,2622.481,2010-04-12 16:30:00
12423,1,10,2622.39,2011-12-09 10:10:00
15142,47,6,2619.92,2011-10-24 12:51:00
13211,11,10,2618.77,2011-11-29 14:43:00
14262,9,8,2618.23,2011-12-01 14:17:00
14195,202,6,2615.6,2011-05-22 10:29:00
14431,303,4,2614.2,2011-02-10 10:40:00
14397,3,19,2612.96,2011-12-07 09:22:00
14564,435,2,2605.62,2010-10-01 09:02:00
17317,47,3,2600.34,2011-10-24 17:19:00
15826,57,4,2598.28,2011-10-14 16:05:00
13700,27,13,2596.9700000000003,2011-11-13 13:00:00
12412,75,6,2596.93,2011-09-26 10:16:00
14163,88,5,2594.62,2011-09-13 15:18:00
14229,52,7,2594.04,2011-10-19 10:04:00
17043,33,8,2593.65,2011-11-07 15:33:00
14129,2,9,2591.34,2011-12-08 11:02:00
14147,79,9,2590.2,2011-09-22 18:10:00
16206,55,13,2589.87,2011-10-16 10:41:00
15062,72,8,2585.62,2011-09-29 16:51:00
12592,93,5,2582.66,2011-09-08 15:04:00
16244,212,2,2579.38,2011-05-12 10:18:00
16499,361,8,2578.34,2010-12-14 13:31:00
17095,23,7,2572.25,2011-11-17 12:21:00
17002,86,7,2571.55,2011-09-15 12:40:00
13652,46,5,2570.85,2011-10-25 08:51:00
15434,9,11,2567.06,2011-12-01 13:33:00
13173,5,11,2565.76,2011-12-05 15:51:00
14573,180,13,2565.12,2011-06-13 11:15:00
13192,96,6,2558.58,2011-09-05 14:13:00
15033,5,10,2557.18,2011-12-05 12:40:00
16036,88,4,2556.84,2011-09-13 14:53:00
13862,19,9,2556.09,2011-11-21 16:24:00
17787,153,4,2553.82,2011-07-10 11:24:00
16115,10,12,2553.8,2011-11-30 11:32:00
14745,113,12,2551.41,2011-08-19 10:05:00
18179,10,8,2547.55,2011-11-30 16:23:00
17465,426,7,2542.79,2010-10-10 11:56:00
14548,151,9,2541.29,2011-07-12 12:19:00
15426,20,9,2538.92,2011-11-20 15:36:00
17463,17,7,2535.26,2011-11-23 13:40:00
13623,31,10,2533.06,2011-11-09 12:00:00
14810,41,13,2531.92,2011-10-30 11:19:00
15906,20,10,2530.19,2011-11-20 12:24:00
14659,9,9,2529.93,2011-12-01 12:17:00
16889,195,6,2526.65,2011-05-29 11:05:00
14790,17,10,2526.62,2011-11-23 09:28:00
16987,4,11,2521.4,2011-12-06 17:26:00
13344,68,3,2511.69,2011-10-03 09:45:00
17897,173,9,2510.56,2011-06-20 11:23:00
17101,11,7,2507.05,2011-11-29 13:57:00
17550,198,9,2506.64,2011-05-26 14:09:00
12978,386,5,2502.82,2010-11-19 14:29:00
16202,361,9,2501.9900000000002,2010-12-14 10:43:00
13471,2,4,2501.84,2011-12-08 15:44:00
15747,13,9,2499.81,2011-11-27 12:26:00
17594,86,4,2497.88,2011-09-15 16:34:00
15932,5,8,2495.87,2011-12-05 17:13:00
13414,134,6,2494.14,2011-07-29 11:45:00
14541,59,14,2491.38,2011-10-12 10:08:00
15227,37,9,2488.4900000000002,2011-11-03 11:59:00
15117,15,8,2485.9700000000003,2011-11-25 08:12:00
12517,29,5,2481.6,2011-11-11 14:04:00
13507,4,4,2479.16,2011-12-06 13:13:00
13588,16,9,2478.95,2011-11-24 10:42:00
16795,366,3,2477.29,2010-12-09 14:08:00
13134,86,6,2475.23,2011-09-15 10:35:00
16520,187,6,2474.14,2011-06-06 13:24:00
13762,219,5,2472.48,2011-05-05 09:15:00
17732,373,8,2470.39,2010-12-02 09:29:00
12924,89,12,2469.4,2011-09-12 13:55:00
14421,58,6,2469.37,2011-10-13 13:24:00
17288,10,11,2468.43,2011-11-30 16:09:00
17164,33,7,2467.35,2011-11-07 09:14:00
15221,367,4,2465.4500000000003,2010-12-08 13:08:00
13151,296,3,2465.21,2011-02-17 12:29:00
15860,41,17,2463.96,2011-10-30 11:25:00
17131,6,5,2463.17,2011-12-04 12:52:00
14256,261,5,2460.79,2011-03-24 13:17:00
17629,6,10,2455.52,2011-12-04 10:56:00
16016,4,11,2446.42,2011-12-06 14:35:00
12701,80,6,2446.41,2011-09-21 10:47:00
13338,158,4,2445.62,2011-07-05 09:06:00
17348,15,9,2442.29,2011-11-25 11:25:00
14449,19,8,2441.2,2011-11-21 12:06:00
18171,59,9,2437.31,2011-10-12 09:13:00
15623,142,8,2437.05,2011-07-21 17:26:00
17505,162,5,2435.48,2011-07-01 12:50:00
13085,158,8,2433.28,2011-07-05 12:11:00
13094,22,13,2433.1200000000003,2011-11-18 14:07:00
16638,23,15,2430.53,2011-11-17 11:09:00
14502,20,11,2429.83,2011-11-20 11:50:00
15077,495,2,2428.08,2010-08-02 11:13:00
13949,3,6,2427.32,2011-12-07 09:35:00
12733,235,4,2424.87,2011-04-19 16:19:00
15658,191,8,2423.4700000000003,2011-06-02 15:22:00
15215,47,7,2422.43,2011-10-24 11:41:00
15089,11,6,2420.84,2011-11-29 16:31:00
15489,23,8,2419.61,2011-11-17 08:53:00
13878,55,4,2416.9,2011-10-16 12:19:00
16040,66,7,2416.9,2011-10-05 13:47:00
16470,52,11,2416.85,2011-10-19 12:11:00
12802,187,7,2416.42,2011-06-06 09:36:00
13118,20,9,2415.41,2011-11-20 12:46:00
14205,17,9,2414.2,2011-11-23 10:55:00
17894,72,18,2411.35,2011-09-29 09:23:00
12397,36,2,2409.9,2011-11-04 09:52:00
16833,2,6,2409.04,2011-12-08 14:39:00
17671,16,5,2403.34,2011-11-24 12:21:00
15341,81,2,2402.7200000000003,2011-09-20 09:40:00
15793,15,8,2399.57,2011-11-25 09:31:00
12393,73,6,2399.4500000000003,2011-09-28 15:41:00
14414,92,8,2399.33,2011-09-09 12:09:00
16147,134,5,2398.91,2011-07-29 09:57:00
17921,65,10,2394.36,2011-10-06 18:56:00
16812,361,4,2392.0,2010-12-14 12:35:00
15366,76,7,2389.08,2011-09-25 15:01:00
14443,54,5,2386.47,2011-10-17 10:10:00
16105,249,5,2386.19,2011-04-05 10:13:00
17905,72,13,2379.37,2011-09-29 17:33:00
17827,6,6,2376.17,2011-12-04 15:00:00
16883,188,19,2374.09,2011-06-05 12:51:00
17434,3,7,2373.82,2011-12-07 13:16:00
13908,80,4,2369.55,2011-09-21 11:49:00
17623,33,7,2365.77,2011-11-07 11:32:00
16005,13,10,2365.4900000000002,2011-11-27 13:47:00
14295,41,5,2362.91,2011-10-30 15:50:00
16676,34,6,2361.9,2011-11-06 12:01:00
16065,366,8,2359.27,2010-12-09 13:03:00
17634,37,9,2358.59,2011-11-03 13:09:00
15015,502,13,2354.97,2010-07-26 13:50:00
17969,167,20,2354.29,2011-06-26 13:00:00
16083,101,4,2351.42,2011-08-31 10:47:00
16085,24,12,2341.03,2011-11-16 13:24:00
12704,8,8,2340.84,2011-12-02 13:15:00
12584,4,9,2338.15,2011-12-06 09:35:00
15549,78,8,2334.16,2011-09-23 16:22:00
13614,25,6,2332.74,2011-11-15 14:47:00
16496,9,6,2330.77,2011-12-01 10:31:00
17313,32,1,2328.84,2011-11-08 15:45:00
17004,47,4,2324.36,2011-10-24 14:25:00
14938,563,2,2322.43,2010-05-26 13:38:00
13091,29,3,2321.82,2011-11-11 15:54:00
13055,79,4,2321.11,2011-09-22 14:26:00
16628,30,7,2318.1,2011-11-10 12:45:00
12724,6,7,2317.52,2011-12-04 16:02:00
12948,17,9,2317.43,2011-11-23 17:10:00
14346,121,5,2315.75,2011-08-11 09:47:00
17193,36,9,2310.04,2011-11-04 12:47:00
17282,131,5,2308.54,2011-08-01 14:29:00
13704,6,9,2308.06,2011-12-04 15:13:00
17113,575,6,2305.59,2010-05-14 13:59:00
15946,503,3,2304.18,2010-07-25 12:18:00
14555,58,6,2304.03,2011-10-13 16:24:00
18095,313,5,2303.09,2011-01-31 12:50:00
16077,626,1,2300.4,2010-03-24 10:42:00
16531,23,11,2298.33,2011-11-17 16:29:00
17324,18,12,2298.12,2011-11-22 10:34:00
13371,506,2,2297.66,2010-07-22 17:33:00
12599,30,13,2296.72,2011-11-10 13:34:00
12649,108,8,2294.65,2011-08-24 14:41:00
13280,123,7,2293.33,2011-08-09 13:14:00
13059,250,10,2291.77,2011-04-04 10:40:00
17047,86,6,2289.23,2011-09-15 13:27:00
17018,41,6,2287.7,2011-10-30 11:42:00
16485,78,5,2287.19,2011-09-23 15:50:00
14481,165,5,2284.69,2011-06-28 10:38:00
12684,8,7,2283.63,2011-12-02 09:53:00
18051,635,7,2282.28,2010-03-15 13:58:00
14901,12,12,2281.4,2011-11-28 17:09:00
13655,115,6,2280.51,2011-08-17 14:25:00
14554,11,4,2279.4900000000002,2011-11-29 16:44:00
13994,4,6,2274.14,2011-12-06 11:05:00
17994,122,11,2270.0299999999997,2011-08-10 11:41:00
13748,96,9,2268.35,2011-09-05 09:45:00
15638,379,6,2265.2,2010-11-26 11:52:00
15734,115,4,2263.3,2011-08-17 10:50:00
13814,93,3,2257.32,2011-09-08 13:48:00
16350,22,9,2253.89,2011-11-18 15:53:00
17414,44,6,2249.52,2011-10-27 12:13:00
14432,10,6,2248.5,2011-11-30 08:04:00
14644,68,7,2247.72,2011-10-03 08:30:00
16177,51,8,2247.31,2011-10-20 12:57:00
12868,186,8,2247.06,2011-06-07 10:42:00
16174,127,7,2246.75,2011-08-05 13:26:00
13627,60,7,2245.9,2011-10-11 14:20:00
16042,23,8,2245.32,2011-11-17 17:50:00
13407,579,3,2244.7,2010-05-10 12:41:00
16823,228,7,2243.09,2011-04-26 15:00:00
14462,67,12,2242.81,2011-10-04 15:55:00
15865,41,5,2241.42,2011-10-30 12:43:00
15629,451,4,2240.9,2010-09-15 13:46:00
16551,96,7,2237.12,2011-09-05 09:38:00
17180,57,11,2236.77,2011-10-14 15:46:00
17075,18,10,2236.63,2011-11-22 11:58:00
16108,85,4,2235.92,2011-09-16 11:48:00
16076,4,10,2234.73,2011-12-06 14:59:00
13662,86,11,2233.61,2011-09-15 12:04:00
18215,90,5,2232.4900000000002,2011-09-11 16:05:00
17460,95,16,2228.27,2011-09-06 15:04:00
12783,3,6,2225.91,2011-12-07 15:56:00
13365,34,2,2225.37,2011-11-06 12:36:00
14321,11,7,2218.06,2011-11-29 09:47:00
17648,61,5,2216.37,2011-10-10 09:41:00
18177,32,9,2216.32,2011-11-08 14:44:00
13478,470,5,2215.78,2010-08-27 13:23:00
14708,3,5,2212.2799999999997,2011-12-07 08:21:00
13320,79,6,2211.6,2011-09-22 18:07:00
15550,5,12,2211.05,2011-12-05 15:38:00
15476,381,4,2209.98,2010-11-24 15:17:00
14177,87,13,2209.69,2011-09-14 15:11:00
14834,18,7,2206.16,2011-11-22 10:30:00
14467,18,12,2203.2400000000002,2011-11-22 12:48:00
13410,25,9,2201.96,2011-11-15 15:33:00
14006,116,7,2196.67,2011-08-16 09:39:00
16317,120,5,2192.51,2011-08-12 12:46:00
15934,418,2,2190.66,2010-10-18 10:13:00
14212,90,2,2190.14,2011-09-11 12:45:00
16221,37,9,2186.66,2011-11-03 11:43:00
14597,12,6,2184.63,2011-11-28 13:13:00
15864,23,7,2180.76,2011-11-17 13:32:00
12856,8,6,2170.78,2011-12-02 10:52:00
15649,337,4,2170.35,2011-01-07 13:34:00
12501,337,1,2169.39,2011-01-07 12:28:00
14595,20,8,2164.45,2011-11-20 12:12:00
15944,277,4,2164.24,2011-03-08 10:33:00
17822,421,5,2162.93,2010-10-15 13:47:00
14407,108,6,2157.73,2011-08-24 14:02:00
16379,5,4,2157.4,2011-12-05 15:38:00
13643,32,10,2156.77,2011-11-08 15:37:00
13224,61,2,2155.95,2011-10-10 14:55:00
16966,9,7,2154.97,2011-12-01 13:40:00
16600,5,13,2153.41,2011-12-05 16:00:00
16275,197,3,2151.11,2011-05-27 12:41:00
18239,219,6,2150.36,2011-05-05 12:38:00
14216,4,5,2150.04,2011-12-06 14:56:00
16716,267,3,2149.6800000000003,2011-03-18 10:03:00
17272,43,4,2148.63,2011-10-28 16:37:00
16004,475,5,2146.39,2010-08-22 11:48:00
13152,418,7,2146.38,2010-10-18 13:44:00
16134,22,5,2145.34,2011-11-18 10:05:00
18009,236,8,2144.23,2011-04-18 13:36:00
12576,36,8,2142.72,2011-11-04 10:11:00
13092,71,12,2140.28,2011-09-30 11:18:00
12687,481,2,2138.91,2010-08-16 12:12:00
17029,111,7,2137.3,2011-08-21 11:06:00
17305,649,1,2135.46,2010-03-01 12:47:00
18116,68,13,2134.4900000000002,2011-10-03 11:00:00
12560,6,3,2134.01,2011-12-04 13:54:00
16493,80,7,2132.09,2011-09-21 11:10:00
13517,60,3,2128.42,2011-10-11 11:43:00
14634,438,4,2124.46,2010-09-28 10:40:00
16807,143,6,2123.88,2011-07-20 12:00:00
16996,31,9,2123.61,2011-11-09 16:43:00
14472,104,9,2118.72,2011-08-28 11:01:00
14360,32,4,2118.03,2011-11-08 09:12:00
14691,31,5,2114.33,2011-11-09 12:30:00
16201,4,5,2112.12,2011-12-06 16:02:00
16054,146,4,2111.88,2011-07-17 13:08:00
12997,23,8,2110.91,2011-11-17 15:47:00
14399,395,8,2108.21,2010-11-10 13:23:00
13755,4,9,2108.06,2011-12-06 12:26:00
13610,13,14,2103.71,2011-11-27 15:38:00
15252,37,5,2103.41,2011-11-03 13:30:00
14276,99,7,2102.68,2011-09-02 09:45:00
14499,27,7,2101.79,2011-11-13 13:01:00
15815,64,5,2100.6,2011-10-07 12:42:00
12975,437,6,2100.09,2010-09-29 09:46:00
17159,22,5,2099.59,2011-11-18 10:52:00
12610,23,5,2099.54,2011-11-17 09:34:00
17742,114,11,2098.48,2011-08-18 15:28:00
13753,288,4,2094.57,2011-02-25 12:48:00
13591,65,7,2093.94,2011-10-06 12:26:00
14469,417,4,2093.46,2010-10-19 14:30:00
13265,54,5,2092.66,2011-10-17 15:02:00
15456,284,10,2091.52,2011-03-01 13:51:00
15151,424,2,2085.61,2010-10-12 16:37:00
17705,4,11,2083.9,2011-12-06 13:45:00
14896,205,8,2083.2200000000003,2011-05-19 10:20:00
16934,55,6,2083.14,2011-10-16 12:40:00
14396,66,7,2079.73,2011-10-05 16:09:00
18026,501,2,2074.07,2010-07-27 10:37:00
17048,118,7,2071.68,2011-08-14 11:49:00
17585,110,7,2064.71,2011-08-22 13:30:00
16726,27,7,2063.88,2011-11-13 14:53:00
12586,18,4,2062.67,2011-11-22 16:24:00
13476,179,5,2061.4700000000003,2011-06-14 12:00:00
18258,465,6,2059.67,2010-09-01 14:20:00
17633,32,7,2057.39,2011-11-08 13:25:00
12518,1,5,2056.89,2011-12-09 10:13:00
15253,17,8,2055.09,2011-11-23 16:22:00
14188,31,6,2054.36,2011-11-09 12:45:00
16235,41,9,2053.71,2011-10-30 10:56:00
16794,2,15,2052.7,2011-12-08 17:54:00
16176,422,4,2052.69,2010-10-14 13:54:00
14723,11,11,2050.25,2011-11-29 15:23:00
17086,8,6,2050.08,2011-12-02 13:54:00
13874,359,7,2049.15,2010-12-16 18:20:00
13984,27,12,2048.6,2011-11-13 12:38:00
16027,92,15,2048.36,2011-09-09 10:47:00
14232,43,5,2048.07,2011-10-28 11:09:00
17666,4,5,2047.8,2011-12-06 09:06:00
13663,180,5,2047.51,2011-06-13 15:44:00
14000,212,5,2046.3400000000001,2011-05-12 16:50:00
15473,15,8,2046.0,2011-11-25 15:15:00
17289,32,9,2041.8,2011-11-08 12:01:00
12585,235,2,2040.1,2011-04-19 13:39:00
14988,212,7,2038.65,2011-05-12 12:05:00
16214,171,4,2038.25,2011-06-22 11:30:00
16331,433,6,2037.7,2010-10-03 13:47:00
13705,8,7,2035.33,2011-12-02 12:32:00
17846,86,1,2033.1,2011-09-15 15:20:00
13630,6,7,2031.78,2011-12-04 15:16:00
14225,435,4,2031.07,2010-10-01 10:32:00
15272,58,6,2030.95,2011-10-13 12:59:00
15506,23,6,2030.33,2011-11-17 12:11:00
15164,69,9,2028.1100000000001,2011-10-02 12:05:00
15384,170,4,2027.79,2011-06-23 10:57:00
12873,283,3,2027.3,2011-03-02 14:58:00
13989,66,5,2026.06,2011-10-05 09:47:00
14631,51,6,2025.69,2011-10-20 11:17:00
16510,373,6,2025.6,2010-12-02 13:39:00
14651,68,9,2025.52,2011-10-03 15:52:00
12418,113,4,2021.2,2011-08-19 11:08:00
17227,19,12,2021.18,2011-11-21 10:51:00
13696,422,3,2020.4,2010-10-14 09:44:00
12348,76,5,2019.4,2011-09-25 13:13:00
14623,33,10,2016.98,2011-11-07 13:56:00
16197,470,9,2016.71,2010-08-27 12:56:00
17152,195,4,2016.5,2011-05-29 12:19:00
17126,153,9,2016.43,2011-07-10 13:52:00
13693,375,9,2011.82,2010-11-30 18:21:00
13888,120,7,2001.59,2011-08-12 10:13:00
16332,29,11,2000.01,2011-11-11 14:22:00
14628,92,5,1998.0,2011-09-09 14:58:00
16698,227,2,1998.0,2011-04-27 10:52:00
15990,45,7,1997.75,2011-10-26 15:58:00
14152,76,7,1997.3400000000001,2011-09-25 12:54:00
15481,402,1,1993.34,2010-11-03 14:52:00
14301,118,4,1992.18,2011-08-14 15:33:00
13889,93,6,1991.23,2011-09-08 09:13:00
17088,29,4,1991.01,2011-11-11 14:23:00
16960,39,8,1990.88,2011-11-01 11:35:00
17351,37,12,1988.23,2011-11-03 18:45:00
16529,191,4,1986.8,2011-06-02 17:23:00
15478,41,3,1983.48,2011-10-30 14:19:00
14967,50,6,1982.6100000000001,2011-10-21 11:06:00
15192,120,5,1981.39,2011-08-12 11:41:00
17337,152,4,1981.06,2011-07-11 14:55:00
13725,50,8,1980.56,2011-10-21 10:03:00
12582,239,4,1980.4,2011-04-15 08:45:00
17158,33,5,1980.0,2011-11-07 15:15:00
15030,72,8,1979.91,2011-09-29 10:50:00
15795,150,8,1979.8700000000001,2011-07-13 10:43:00
13208,59,9,1976.3,2011-10-12 09:54:00
18204,72,3,1975.35,2011-09-29 16:44:00
15531,9,2,1972.39,2011-12-01 18:43:00
17797,23,8,1971.87,2011-11-17 13:21:00
14905,158,8,1971.39,2011-07-05 12:41:00
12674,39,4,1970.6,2011-11-01 12:12:00
14477,20,7,1969.6,2011-11-20 11:11:00
15081,23,12,1965.72,2011-11-17 17:08:00
16032,457,6,1965.72,2010-09-09 18:00:00
16233,72,9,1965.71,2011-09-29 17:27:00
17966,38,10,1963.92,2011-11-02 10:26:00
17997,75,8,1962.46,2011-09-26 16:13:00
12399,120,7,1962.3,2011-08-12 13:15:00
15789,359,6,1962.01,2010-12-16 14:35:00
16290,465,4,1957.7,2010-09-01 11:52:00
17039,605,1,1954.99,2010-04-14 12:56:00
18016,33,7,1954.56,2011-11-07 13:25:00
14794,3,10,1953.9,2011-12-07 10:11:00
17554,2,5,1952.45,2011-12-08 14:15:00
13761,51,6,1952.17,2011-10-20 14:01:00
15885,93,15,1951.82,2011-09-08 10:43:00
16993,464,2,1950.9499999999998,2010-09-02 12:16:00
14014,78,3,1948.21,2011-09-23 13:18:00
16891,2,11,1945.2,2011-12-08 11:15:00
15620,57,4,1942.36,2011-10-14 12:41:00
15425,401,4,1941.1200000000001,2010-11-04 18:13:00
12385,380,1,1938.4,2010-11-25 15:14:00
16619,264,4,1938.33,2011-03-21 08:18:00
17135,17,10,1937.76,2011-11-23 16:48:00
14418,4,3,1937.25,2011-12-06 11:39:00
15605,37,9,1936.8,2011-11-03 14:17:00
15561,12,8,1934.3899999999999,2011-11-28 11:07:00
12528,10,6,1933.48,2011-11-30 14:40:00
12531,15,2,1933.2,2011-11-25 11:12:00
16859,145,7,1932.41,2011-07-18 12:19:00
15803,52,4,1929.66,2011-10-19 14:56:00
17236,13,12,1929.26,2011-11-27 12:00:00
16788,124,5,1928.93,2011-08-08 14:53:00
13029,31,5,1927.3,2011-11-09 09:13:00
14492,431,7,1921.91,2010-10-05 13:21:00
16681,73,7,1921.84,2011-09-28 11:11:00
18220,227,6,1921.76,2011-04-27 09:03:00
13838,6,10,1920.73,2011-12-04 11:00:00
12644,130,4,1918.49,2011-08-02 10:33:00
12842,71,4,1917.99,2011-09-30 15:33:00
14332,23,5,1917.41,2011-11-17 11:54:00
16650,72,7,1916.11,2011-09-29 09:51:00
16555,36,6,1915.68,2011-11-04 14:31:00
16692,257,4,1914.6999999999998,2011-03-28 14:46:00
16770,58,9,1909.73,2011-10-13 12:21:00
12947,144,6,1908.03,2011-07-19 10:06:00
17046,158,5,1906.07,2011-07-05 14:24:00
16942,13,9,1904.99,2011-11-27 12:40:00
17235,26,8,1904.8799999999999,2011-11-14 15:51:00
14250,8,3,1904.05,2011-12-02 14:30:00
14127,123,6,1900.0800000000002,2011-08-09 10:49:00
14710,15,13,1899.79,2011-11-25 14:53:00
12762,8,2,1898.52,2011-12-02 10:23:00
14389,66,5,1898.01,2011-10-05 15:17:00
14741,12,7,1897.59,2011-11-28 08:48:00
14730,2,8,1897.57,2011-12-08 14:39:00
17560,95,8,1895.8,2011-09-06 09:18:00
14327,164,6,1894.93,2011-06-29 13:58:00
15248,412,3,1893.93,2010-10-24 13:09:00
17350,9,7,1893.701,2011-12-01 15:47:00
16631,482,7,1892.52,2010-08-15 11:20:00
13276,64,5,1891.91,2011-10-07 12:44:00
15381,214,5,1890.5700000000002,2011-05-10 11:55:00
14912,17,6,1889.25,2011-11-23 09:20:00
17609,41,11,1887.8999999999999,2011-10-30 12:28:00
16172,96,8,1884.55,2011-09-05 13:22:00
14403,131,6,1880.51,2011-08-01 12:57:00
16660,17,7,1879.55,2011-11-23 14:53:00
18151,135,6,1879.44,2011-07-28 11:35:00
15197,11,6,1877.51,2011-11-29 10:00:00
13946,80,6,1876.23,2011-09-21 13:33:00
12494,16,9,1872.8700000000001,2011-11-24 09:34:00
16426,3,10,1863.76,2011-12-07 14:01:00
14887,80,1,1862.0,2011-09-21 15:32:00
13503,72,6,1859.24,2011-09-29 13:23:00
14305,72,3,1858.96,2011-09-29 15:29:00
14130,320,4,1858.77,2011-01-24 16:05:00
16043,38,8,1856.5900000000001,2011-11-02 12:50:00
16049,41,6,1852.15,2011-10-30 13:19:00
16917,277,2,1851.88,2011-03-08 11:55:00
12383,185,5,1850.56,2011-06-08 08:02:00
12381,5,5,1845.31,2011-12-05 12:44:00
12507,135,4,1844.06,2011-07-28 17:09:00
18180,5,6,1843.75,2011-12-05 08:39:00
12694,71,3,1843.35,2011-09-30 13:06:00
12950,3,3,1843.0,2011-12-07 13:17:00
15201,88,7,1842.95,2011-09-13 14:53:00
16102,43,3,1842.14,2011-10-28 13:19:00
14224,111,9,1841.71,2011-08-21 13:24:00
13168,37,5,1840.73,2011-11-03 12:56:00
17919,89,2,1840.32,2011-09-12 13:41:00
15822,4,6,1840.06,2011-12-06 14:50:00
14870,262,6,1838.95,2011-03-23 10:51:00
13924,2,6,1838.8500000000001,2011-12-08 09:39:00
17015,29,3,1838.6100000000001,2011-11-11 10:45:00
16175,95,7,1836.44,2011-09-06 14:32:00
15402,149,6,1830.54,2011-07-14 12:17:00
16152,269,1,1829.04,2011-03-16 09:47:00
16825,39,5,1826.89,2011-11-01 11:51:00
17244,54,5,1826.04,2011-10-17 15:19:00
15678,53,3,1825.94,2011-10-18 09:25:00
14715,25,8,1825.45,2011-11-15 12:10:00
13884,8,10,1825.03,2011-12-02 16:30:00
17642,120,5,1824.49,2011-08-12 09:11:00
16169,9,4,1822.97,2011-12-01 15:28:00
14738,43,9,1821.9,2011-10-28 08:56:00
15339,67,7,1821.02,2011-10-04 12:51:00
17259,149,6,1820.34,2011-07-14 15:01:00
16205,31,7,1820.1100000000001,2011-11-09 09:32:00
17828,23,4,1820.09,2011-11-17 08:41:00
14553,20,9,1818.6,2011-11-20 13:20:00
15807,51,5,1817.52,2011-10-20 14:10:00
16634,223,6,1814.61,2011-05-01 12:09:00
16880,31,8,1813.21,2011-11-09 11:33:00
14915,92,11,1811.25,2011-09-09 13:34:00
16474,8,7,1810.65,2011-12-02 13:02:00
16725,303,14,1810.41,2011-02-10 16:52:00
14893,10,3,1809.6100000000001,2011-11-30 12:31:00
15530,22,5,1808.68,2011-11-18 12:25:00
17888,22,25,1807.44,2011-11-18 13:45:00
15133,128,5,1806.9,2011-08-04 10:44:00
13561,216,11,1803.4,2011-05-08 12:39:00
18161,16,6,1803.1000000000001,2011-11-24 16:40:00
16797,394,5,1802.02,2010-11-11 19:14:00
16249,53,5,1800.07,2011-10-18 10:07:00
18235,72,3,1796.48,2011-09-29 08:27:00
18236,30,12,1795.3500000000001,2011-11-10 08:06:00
17165,285,6,1794.32,2011-02-28 16:39:00
18122,9,6,1793.06,2011-12-01 13:08:00
13711,219,9,1792.26,2011-05-05 10:31:00
13375,89,2,1792.23,2011-09-12 10:19:00
12369,414,3,1791.15,2010-10-22 13:13:00
17603,79,4,1788.38,2011-09-22 14:18:00
13782,13,13,1786.08,2011-11-27 11:54:00
15608,29,5,1785.98,2011-11-11 13:20:00
16611,187,6,1785.13,2011-06-06 15:46:00
15452,30,6,1785.1100000000001,2011-11-10 12:13:00
15128,61,5,1783.68,2011-10-10 13:54:00
16110,46,4,1781.59,2011-10-25 14:35:00
18214,531,4,1780.34,2010-06-27 11:21:00
15220,52,6,1778.96,2011-10-19 12:39:00
12458,72,4,1777.49,2011-09-29 15:25:00
12908,177,5,1776.0,2011-06-16 15:39:00
12778,20,9,1775.68,2011-11-20 11:30:00
13920,432,4,1774.68,2010-10-04 12:37:00
16124,318,4,1772.49,2011-01-26 14:45:00
15594,16,5,1771.78,2011-11-24 08:53:00
14850,312,7,1770.96,2011-02-01 11:21:00
14933,444,4,1770.0,2010-09-22 10:47:00
15972,457,5,1769.33,2010-09-09 13:20:00
15736,436,2,1767.12,2010-09-30 14:20:00
13456,18,6,1766.72,2011-11-22 09:18:00
16751,31,1,1764.72,2011-11-09 10:48:00
13648,401,8,1764.02,2010-11-04 14:46:00
13717,33,8,1763.3,2011-11-07 14:13:00
12784,10,3,1763.15,2011-11-30 15:38:00
15777,242,7,1762.61,2011-04-12 16:43:00
16511,22,6,1760.49,2011-11-18 10:41:00
16620,4,6,1758.93,2011-12-06 12:19:00
16266,74,14,1757.95,2011-09-27 12:08:00
16595,62,5,1757.75,2011-10-09 13:15:00
12809,178,3,1755.94,2011-06-15 10:51:00
14704,12,11,1752.92,2011-11-28 12:51:00
13155,34,6,1750.18,2011-11-06 15:41:00
14522,25,8,1748.42,2011-11-15 13:24:00
16639,32,4,1747.98,2011-11-08 13:20:00
13808,6,5,1747.66,2011-12-04 12:18:00
17695,132,5,1746.04,2011-07-31 10:40:00
14236,81,5,1744.64,2011-09-20 09:13:00
16348,33,8,1744.42,2011-11-07 15:44:00
16380,62,1,1743.1499999999999,2011-10-09 15:40:00
12425,79,2,1741.41,2011-09-22 17:31:00
16087,390,5,1739.92,2010-11-15 16:44:00
17974,25,6,1739.09,2011-11-15 11:37:00
13531,206,6,1738.52,2011-05-18 16:56:00
14584,170,8,1738.16,2011-06-23 18:33:00
14075,5,6,1734.87,2011-12-05 08:38:00
17268,108,11,1733.8899999999999,2011-08-24 10:06:00
13026,2,9,1733.08,2011-12-08 16:58:00
14400,150,3,1732.47,2011-07-13 15:50:00
17432,19,9,1728.99,2011-11-21 17:33:00
14387,33,3,1727.6,2011-11-07 12:29:00
16809,24,9,1727.43,2011-11-16 15:45:00
15730,66,5,1726.58,2011-10-05 12:31:00
17190,59,7,1726.57,2011-10-12 11:33:00
14304,223,3,1725.01,2011-05-01 11:50:00
13363,18,3,1723.86,2011-11-22 12:40:00
16374,67,5,1723.4,2011-10-04 15:21:00
17451,2,7,1721.4,2011-12-08 15:02:00
16119,9,8,1720.81,2011-12-01 15:11:00
15267,23,5,1717.36,2011-11-17 15:59:00
14021,156,7,1716.58,2011-07-07 15:46:00
17162,29,10,1715.46,2011-11-11 11:34:00
14692,138,12,1715.1399999999999,2011-07-25 15:08:00
14987,16,8,1713.85,2011-11-24 09:59:00
14447,19,6,1711.73,2011-11-21 08:28:00
13665,387,3,1711.6599999999999,2010-11-18 13:06:00
16654,142,8,1711.47,2011-07-21 15:23:00
17750,6,9,1710.45,2011-12-04 14:09:00
12405,149,1,1710.39,2011-07-14 08:52:00
13104,4,9,1709.1,2011-12-06 13:10:00
17731,80,6,1708.99,2011-09-21 15:02:00
15607,337,9,1708.97,2011-01-07 12:44:00
15947,83,1,1708.24,2011-09-18 10:46:00
12407,50,5,1708.1200000000001,2011-10-21 10:11:00
16902,117,1,1706.88,2011-08-15 14:17:00
13309,8,6,1706.3700000000001,2011-12-02 16:34:00
16398,155,2,1705.8,2011-07-08 15:16:00
14859,13,5,1705.64,2011-11-27 11:18:00
12693,128,7,1703.02,2011-08-04 17:51:00
15326,334,5,1700.52,2011-01-10 11:38:00
15911,624,8,1700.24,2010-03-26 12:06:00
13240,97,8,1699.8600000000001,2011-09-04 14:08:00
15889,157,8,1699.67,2011-07-06 11:10:00
16768,48,9,1698.57,2011-10-23 10:38:00
12932,540,8,1698.56,2010-06-18 14:22:00
17813,15,5,1698.07,2011-11-25 16:13:00
17694,142,3,1695.97,2011-07-21 12:00:00
16899,8,8,1695.77,2011-12-02 12:03:00
16010,246,11,1694.86,2011-04-08 10:14:00
15976,166,6,1694.41,2011-06-27 13:00:00
12764,317,1,1693.88,2011-01-27 10:19:00
14245,220,2,1693.45,2011-05-04 08:40:00
14829,30,7,1692.84,2011-11-10 16:16:00
16671,29,3,1692.27,2011-11-11 13:40:00
14078,102,9,1689.71,2011-08-30 12:16:00
13294,190,3,1689.53,2011-06-03 08:54:00
17341,157,5,1688.82,2011-07-06 12:33:00
13566,41,5,1688.6,2011-10-30 11:59:00
12813,502,3,1687.8,2010-07-26 09:50:00
12775,18,7,1686.12,2011-11-22 16:33:00
13516,22,4,1685.26,2011-11-18 13:15:00
15732,213,10,1682.07,2011-05-11 14:24:00
14643,171,5,1679.89,2011-06-22 14:41:00
15551,37,7,1679.81,2011-11-03 12:37:00
13800,310,3,1679.56,2011-02-03 12:27:00
12870,376,3,1676.95,2010-11-29 13:42:00
14831,681,3,1676.57,2010-01-28 14:31:00
13149,15,4,1676.06,2011-11-25 13:09:00
17656,74,5,1674.69,2011-09-27 13:04:00
13587,64,4,1673.5,2011-10-07 12:31:00
13308,23,4,1670.3700000000001,2011-11-17 09:31:00
13417,5,6,1669.49,2011-12-05 08:49:00
13184,15,10,1668.95,2011-11-25 12:02:00
17534,54,5,1668.83,2011-10-17 12:47:00
13434,75,5,1666.8600000000001,2011-09-26 14:30:00
13064,13,6,1666.8400000000001,2011-11-27 12:31:00
17321,9,6,1665.21,2011-12-01 13:41:00
16329,428,4,1664.92,2010-10-08 12:44:00
12912,3,5,1662.3,2011-12-07 08:55:00
15214,2,8,1661.44,2011-12-08 12:07:00
14583,6,8,1660.29,2011-12-04 12:32:00
18096,12,6,1657.87,2011-11-28 12:44:00
18276,44,6,1656.52,2011-10-27 10:54:00
17041,27,6,1655.2,2011-11-13 11:21:00
16625,275,5,1654.03,2011-03-10 12:50:00
16813,9,10,1652.18,2011-12-01 14:03:00
12911,552,1,1651.72,2010-06-06 12:13:00
13649,257,6,1651.48,2011-03-28 11:51:00
16907,30,9,1650.81,2011-11-10 18:04:00
15996,89,7,1649.65,2011-09-12 15:14:00
15987,13,8,1649.47,2011-11-27 15:38:00
18085,331,4,1645.75,2011-01-13 15:17:00
12657,12,4,1643.18,2011-11-28 15:47:00
13506,317,5,1639.2,2011-01-27 13:53:00
14420,100,4,1639.17,2011-09-01 18:07:00
12933,25,8,1636.6299999999999,2011-11-15 16:38:00
17951,40,4,1636.0800000000002,2011-10-31 12:30:00
12398,46,1,1635.6599999999999,2011-10-25 10:27:00
17006,5,8,1635.27,2011-12-05 12:09:00
15310,479,1,1634.64,2010-08-18 11:38:00
18062,174,6,1632.67,2011-06-19 14:47:00
14164,71,2,1631.77,2011-09-30 12:24:00
18136,64,5,1631.3600000000001,2011-10-07 15:40:00
17571,51,5,1630.91,2011-10-20 15:57:00
14904,3,4,1630.49,2011-12-07 12:55:00
16256,267,3,1629.37,2011-03-18 12:18:00
13554,381,7,1629.35,2010-11-24 15:05:00
15167,321,5,1627.62,2011-01-23 12:41:00
14759,5,3,1625.97,2011-12-05 12:03:00
13154,400,3,1624.84,2010-11-05 16:00:00
15172,9,5,1624.05,2011-12-01 11:51:00
14937,57,3,1621.88,2011-10-14 12:29:00
12379,82,4,1620.22,2011-09-19 10:09:00
15422,324,7,1619.97,2011-01-20 16:17:00
12577,36,8,1617.1,2011-11-04 13:24:00
16224,58,5,1616.54,2011-10-13 17:51:00
14336,17,4,1614.91,2011-11-23 11:40:00
15013,488,10,1610.82,2010-08-09 12:05:00
16860,453,3,1610.62,2010-09-13 10:05:00
13900,184,6,1610.59,2011-06-09 19:26:00
17814,376,2,1609.37,2010-11-29 14:21:00
12847,23,2,1609.0,2011-11-17 13:16:00
13249,93,9,1608.93,2011-09-08 13:26:00
14920,213,3,1607.17,2011-05-11 10:32:00
17515,32,9,1602.51,2011-11-08 14:04:00
15325,104,8,1601.46,2011-08-28 11:55:00
14178,9,7,1600.26,2011-12-01 12:01:00
14885,132,3,1598.12,2011-07-31 12:05:00
12514,268,2,1597.76,2011-03-17 16:38:00
17853,408,3,1596.29,2010-10-28 15:29:00
15134,15,10,1596.29,2011-11-25 08:55:00
13850,130,1,1595.48,2011-08-02 14:04:00
13239,262,5,1594.69,2011-03-23 10:25:00
16801,164,4,1594.23,2011-06-29 15:33:00
17028,582,3,1593.83,2010-05-07 15:33:00
15289,30,5,1593.09,2011-11-10 13:49:00
17540,25,6,1590.6000000000001,2011-11-15 11:56:00
16092,115,6,1587.94,2011-08-17 10:46:00
17345,16,10,1586.6299999999999,2011-11-24 15:03:00
13156,386,3,1586.54,2010-11-19 13:09:00
16096,265,4,1584.97,2011-03-20 13:38:00
13740,241,5,1582.77,2011-04-13 10:32:00
17867,31,15,1582.0500000000002,2011-11-09 14:15:00
14719,2,5,1581.84,2011-12-08 12:43:00
15279,355,5,1580.54,2010-12-20 10:48:00
13202,395,7,1580.3,2010-11-10 16:24:00
14587,19,9,1580.29,2011-11-21 11:34:00
13752,125,7,1579.8300000000002,2011-08-07 14:16:00
12607,61,1,1579.51,2011-10-10 16:06:00
17222,66,6,1579.51,2011-10-05 13:58:00
17649,139,3,1578.89,2011-07-24 15:53:00
13186,40,3,1575.89,2011-10-31 11:40:00
12549,576,6,1575.68,2010-05-13 12:05:00
13337,547,1,1575.26,2010-06-11 13:27:00
14489,208,4,1574.93,2011-05-16 14:51:00
16099,51,7,1573.2,2011-10-20 13:13:00
17886,32,6,1572.55,2011-11-08 10:09:00
14136,401,5,1570.81,2010-11-04 11:53:00
14198,19,9,1569.73,2011-11-21 16:35:00
13539,86,7,1569.3600000000001,2011-09-15 10:18:00
17624,15,4,1568.63,2011-11-25 10:52:00
16774,68,8,1567.48,2011-10-03 12:41:00
13939,24,7,1560.96,2011-11-16 13:33:00
15466,86,4,1560.46,2011-09-15 14:08:00
12629,386,2,1558.22,2010-11-19 09:18:00
16140,66,3,1557.6000000000001,2011-10-05 12:15:00
16394,57,5,1555.34,2011-10-14 09:48:00
15149,134,5,1554.6100000000001,2011-07-29 10:58:00
18149,51,7,1553.96,2011-10-20 12:04:00
13360,432,4,1553.65,2010-10-04 12:37:00
15074,106,3,1553.1299999999999,2011-08-26 14:45:00
13377,397,2,1552.88,2010-11-08 12:20:00
17851,423,6,1552.35,2010-10-13 15:13:00
17323,16,12,1551.04,2011-11-24 17:29:00
14186,428,5,1550.63,2010-10-08 13:30:00
16366,19,4,1548.1299999999999,2011-11-21 08:19:00
17454,193,10,1547.94,2011-05-31 13:58:00
14754,45,6,1547.93,2011-10-26 12:01:00
16461,178,3,1545.83,2011-06-15 12:07:00
16790,4,6,1545.6200000000001,2011-12-06 11:53:00
16017,48,5,1545.58,2011-10-23 12:56:00
18036,33,11,1545.49,2011-11-07 14:40:00
16915,10,11,1543.18,2011-11-30 16:39:00
13783,488,4,1542.09,2010-08-09 09:23:00
12818,262,1,1542.08,2011-03-23 12:06:00
17837,43,8,1541.23,2011-10-28 16:13:00
13310,29,5,1541.2,2011-11-11 17:23:00
13579,15,5,1539.04,2011-11-25 08:41:00
16835,129,6,1538.41,2011-08-03 13:50:00
15798,493,3,1535.37,2010-08-04 09:13:00
13402,128,4,1535.13,2011-08-04 15:51:00
14695,520,3,1534.22,2010-07-08 14:18:00
18252,51,7,1533.69,2011-10-20 12:43:00
16491,47,2,1533.16,2011-10-24 10:18:00
14567,57,2,1530.3600000000001,2011-10-14 10:21:00
15701,3,4,1529.0,2011-12-07 14:39:00
17990,237,6,1527.6100000000001,2011-04-17 11:44:00
12926,412,4,1523.97,2010-10-24 15:57:00
15587,51,7,1522.0800000000002,2011-10-20 13:37:00
16066,17,5,1521.04,2011-11-23 11:54:00
14055,107,3,1520.96,2011-08-25 15:04:00
14264,155,6,1517.3600000000001,2011-07-08 10:20:00
14068,321,4,1516.72,2011-01-23 16:02:00
14267,163,3,1516.24,2011-06-30 10:09:00
13791,128,2,1516.0,2011-08-04 11:44:00
14220,248,4,1515.0,2011-04-06 13:23:00
14682,188,6,1514.81,2011-06-05 12:12:00
17764,51,5,1513.57,2011-10-20 11:03:00
17610,541,5,1511.94,2010-06-17 16:34:00
17977,30,2,1511.45,2011-11-10 13:28:00
17025,61,5,1510.6399999999999,2011-10-10 09:06:00
13370,372,1,1509.74,2010-12-03 10:26:00
16037,270,5,1509.34,2011-03-15 09:13:00
15948,9,3,1509.0900000000001,2011-12-01 15:32:00
18074,374,2,1509.04,2010-12-01 09:53:00
16910,5,8,1508.96,2011-12-05 12:51:00
13158,95,5,1508.18,2011-09-06 11:58:00
15261,136,4,1508.0,2011-07-27 15:20:00
17179,179,6,1507.26,2011-06-14 16:48:00
18022,36,5,1507.25,2011-11-04 12:45:00
15110,24,6,1505.8500000000001,2011-11-16 11:16:00
16450,150,3,1505.73,2011-07-13 11:47:00
14802,439,2,1502.98,2010-09-27 16:34:00
13810,29,3,1499.01,2011-11-11 08:33:00
16714,219,4,1497.33,2011-05-05 11:09:00
15590,383,5,1496.6,2010-11-22 14:49:00
16340,108,3,1496.24,2011-08-24 14:53:00
15882,199,8,1495.98,2011-05-25 11:35:00
15173,381,7,1494.6,2010-11-24 10:21:00
14894,86,3,1492.81,2011-09-15 13:51:00
16239,57,6,1492.2,2011-10-14 08:29:00
16314,390,3,1491.4,2010-11-15 12:06:00
18268,135,6,1490.23,2011-07-28 19:13:00
13042,599,3,1488.59,2010-04-20 13:43:00
17290,4,8,1487.96,2011-12-06 12:38:00
14609,73,10,1486.2,2011-09-28 12:54:00
15630,46,3,1481.4,2011-10-25 15:36:00
15101,9,6,1477.94,2011-12-01 10:18:00
14246,111,3,1474.06,2011-08-21 11:50:00
17590,3,3,1468.02,2011-12-07 12:55:00
13138,23,7,1467.24,2011-11-17 16:51:00
13500,24,4,1466.3,2011-11-16 15:35:00
16419,113,8,1463.7,2011-08-19 12:33:00
12882,10,2,1463.04,2011-11-30 16:18:00
16586,249,3,1462.78,2011-04-05 09:32:00
17978,366,4,1460.9099999999999,2010-12-09 14:05:00
18196,96,4,1457.19,2011-09-05 16:22:00
15071,94,4,1455.56,2011-09-07 11:43:00
16569,4,5,1455.23,2011-12-06 15:32:00
12970,8,10,1453.6,2011-12-02 14:30:00
13165,47,3,1451.16,2011-10-24 15:05:00
13361,473,2,1450.5,2010-08-24 14:56:00
15574,178,6,1450.48,2011-06-15 12:01:00
14657,18,6,1450.19,2011-11-22 12:47:00
16121,58,5,1450.04,2011-10-13 12:59:00
15876,410,2,1449.1399999999999,2010-10-26 18:58:00
13023,65,3,1449.03,2011-10-06 16:27:00
15076,173,3,1447.74,2011-06-20 08:23:00
17582,237,5,1446.95,2011-04-17 13:18:00
17073,18,4,1446.09,2011-11-22 11:47:00
13583,156,2,1445.031,2011-07-07 10:40:00
15636,90,4,1444.58,2011-09-11 11:17:00
17175,45,4,1443.69,2011-10-26 15:31:00
17734,54,6,1442.32,2011-10-17 12:33:00
18106,330,6,1441.06,2011-01-14 12:23:00
18066,76,3,1440.4,2011-09-25 15:30:00
13543,635,2,1439.6100000000001,2010-03-15 13:34:00
14071,4,8,1437.57,2011-12-06 12:27:00
16088,576,2,1437.43,2010-05-13 10:16:00
13278,41,4,1435.85,2011-10-30 11:49:00
12805,382,4,1434.95,2010-11-23 12:27:00
12389,403,3,1433.33,2010-11-02 11:52:00
17941,131,4,1433.28,2011-08-01 08:30:00
13475,192,4,1431.78,2011-06-01 13:52:00
15427,34,3,1430.54,2011-11-06 14:29:00
15468,52,3,1430.48,2011-10-19 13:49:00
14684,26,6,1430.03,2011-11-14 11:33:00
17950,73,7,1429.46,2011-09-28 15:18:00
13159,9,4,1429.35,2011-12-01 11:20:00
18071,258,6,1428.63,2011-03-27 11:59:00
14412,43,3,1426.19,2011-10-28 10:45:00
17411,13,5,1425.38,2011-11-27 14:25:00
18221,23,6,1424.94,2011-11-17 14:40:00
13145,40,7,1423.52,2011-10-31 12:45:00
16980,256,3,1422.8300000000002,2011-03-29 16:36:00
17438,254,5,1422.77,2011-03-31 10:26:00
15106,18,5,1422.52,2011-11-22 09:16:00
16463,22,4,1422.4,2011-11-18 14:01:00
14019,47,3,1421.61,2011-10-24 10:13:00
15799,76,4,1421.34,2011-09-25 12:46:00
14775,59,3,1418.46,2011-10-12 15:27:00
16173,16,6,1418.32,2011-11-24 10:53:00
17856,2,4,1418.03,2011-12-08 09:40:00
15223,226,5,1417.95,2011-04-28 11:31:00
16245,24,3,1413.66,2011-11-16 10:14:00
17496,359,4,1412.89,2010-12-16 08:39:00
15237,2,4,1412.32,2011-12-08 09:46:00
16848,53,4,1411.62,2011-10-18 08:42:00
15444,10,2,1411.21,2011-11-30 17:37:00
16906,82,7,1410.92,2011-09-19 11:49:00
17714,321,5,1410.18,2011-01-23 10:32:00
17545,44,6,1409.8600000000001,2011-10-27 14:04:00
16854,418,2,1408.96,2010-10-18 16:31:00
13049,65,4,1408.24,2011-10-06 15:31:00
12695,8,7,1407.1200000000001,2011-12-02 13:22:00
15652,92,5,1405.94,2011-09-09 14:22:00
14909,438,3,1404.68,2010-09-28 16:56:00
12765,473,6,1404.58,2010-08-24 13:51:00
18189,78,3,1403.73,2011-09-23 12:40:00
15186,15,5,1403.2,2011-11-25 14:58:00
13259,62,9,1402.54,2011-10-09 10:48:00
14687,107,3,1402.06,2011-08-25 11:59:00
16926,372,5,1399.8600000000001,2010-12-03 13:42:00
18202,200,3,1396.99,2011-05-24 12:12:00
16129,408,3,1396.05,2010-10-28 14:29:00
14487,27,7,1391.37,2011-11-13 12:17:00
15322,86,2,1390.86,2011-09-15 09:34:00
15141,458,7,1388.47,2010-09-08 11:33:00
12952,6,4,1387.79,2011-12-04 10:35:00
13382,281,5,1387.58,2011-03-04 10:03:00
16167,415,5,1386.1200000000001,2010-10-21 15:33:00
18167,24,3,1384.8600000000001,2011-11-16 15:56:00
13572,206,1,1384.25,2011-05-18 11:59:00
14116,20,5,1382.74,2011-11-20 10:29:00
16389,54,4,1382.07,2011-10-17 14:41:00
14861,53,10,1380.73,2011-10-18 12:54:00
15751,461,11,1380.44,2010-09-05 12:44:00
13821,145,6,1379.08,2011-07-18 09:49:00
17878,44,3,1378.93,2011-10-27 11:24:00
13074,512,4,1378.74,2010-07-16 16:53:00
12886,68,2,1378.4,2011-10-03 10:09:00
16727,365,4,1377.77,2010-12-10 13:48:00
14853,25,5,1376.87,2011-11-15 16:56:00
14662,29,7,1376.43,2011-11-11 12:13:00
14083,5,11,1376.2,2011-12-05 13:14:00
15580,377,8,1375.39,2010-11-28 11:00:00
17908,374,5,1374.5,2010-12-01 11:45:00
14265,110,4,1373.35,2011-08-22 13:32:00
14434,22,6,1372.8,2011-11-18 08:56:00
15453,2,7,1371.77,2011-12-08 10:59:00
14538,65,5,1370.8400000000001,2011-10-06 10:31:00
14316,423,5,1370.34,2010-10-13 16:31:00
12533,628,2,1367.89,2010-03-22 10:56:00
16300,431,3,1367.32,2010-10-05 13:14:00
13035,74,3,1364.2,2011-09-27 08:57:00
14577,13,7,1364.15,2011-11-27 12:47:00
14114,274,7,1364.09,2011-03-11 09:42:00
13760,55,5,1363.6399999999999,2011-10-16 16:13:00
15347,367,4,1363.6,2010-12-08 15:25:00
16588,387,4,1361.28,2010-11-18 17:56:00
13396,30,2,1360.99,2011-11-10 16:59:00
13919,60,4,1360.68,2011-10-11 14:24:00
16384,90,4,1358.95,2011-09-11 11:19:00
17150,377,6,1357.95,2010-11-28 11:27:00
17429,129,5,1357.46,2011-08-03 13:22:00
12875,144,5,1356.99,2011-07-19 15:30:00
17054,29,5,1356.33,2011-11-11 12:56:00
15116,18,4,1352.75,2011-11-22 12:25:00
16079,17,3,1352.0,2011-11-23 12:48:00
17796,41,7,1351.04,2011-10-30 15:38:00
16367,38,3,1350.48,2011-11-02 13:13:00
14847,149,3,1348.95,2011-07-14 10:52:00
15411,27,4,1348.93,2011-11-13 15:19:00
16669,24,3,1348.88,2011-11-16 12:26:00
12646,5,2,1346.97,2011-12-05 10:14:00
14320,207,5,1346.75,2011-05-17 09:24:00
13639,75,2,1346.27,2011-09-26 13:36:00
15398,17,2,1345.53,2011-11-23 16:47:00
12426,195,2,1345.21,2011-05-29 12:26:00
14550,11,4,1345.06,2011-11-29 12:12:00
12463,54,4,1344.78,2011-10-17 13:44:00
15154,76,3,1343.72,2011-09-25 16:05:00
14618,10,7,1342.32,2011-11-30 13:45:00
13743,3,7,1341.6,2011-12-07 10:09:00
17499,290,2,1341.39,2011-02-23 09:14:00
12620,15,3,1339.41,2011-11-25 10:20:00
12711,612,2,1339.05,2010-04-07 11:59:00
12591,318,3,1338.95,2011-01-26 14:35:00
13803,256,3,1338.91,2011-03-29 12:57:00
13220,79,5,1336.0900000000001,2011-09-22 13:38:00
12919,9,6,1335.19,2011-12-01 13:47:00
17033,87,4,1332.79,2011-09-14 14:34:00
17932,30,3,1331.57,2011-11-10 19:49:00
14899,396,1,1331.38,2010-11-09 15:20:00
16295,10,4,1328.55,2011-11-30 08:17:00
13232,13,7,1328.35,2011-11-27 10:39:00
14712,30,4,1328.0700000000002,2011-11-10 12:59:00
15146,165,2,1327.16,2011-06-28 12:09:00
14956,422,1,1325.0,2010-10-14 16:40:00
12960,414,4,1322.07,2010-10-22 09:31:00
13497,283,6,1320.33,2011-03-02 09:04:00
14591,16,4,1320.21,2011-11-24 13:57:00
17097,3,9,1318.08,2011-12-07 17:05:00
12526,1,3,1316.66,2011-12-09 12:09:00
14921,31,2,1316.07,2011-11-09 13:17:00
14511,12,5,1314.81,2011-11-28 17:05:00
14973,108,3,1314.45,2011-08-24 15:51:00
16296,627,4,1313.67,2010-03-23 13:11:00
13282,19,4,1313.19,2011-11-21 15:33:00
12364,8,4,1313.1,2011-12-02 10:22:00
16756,215,7,1312.3700000000001,2011-05-09 09:33:00
12639,239,3,1312.37,2011-04-15 12:48:00
12987,74,5,1312.21,2011-09-27 12:03:00
17027,79,9,1310.63,2011-09-22 12:24:00
13855,501,4,1310.3400000000001,2010-07-27 09:53:00
16955,185,6,1309.41,2011-06-08 10:36:00
12717,152,3,1308.91,2011-07-11 14:47:00
13328,317,1,1308.48,2011-01-27 15:22:00
16377,268,2,1308.48,2011-03-17 15:41:00
13846,25,4,1307.79,2011-11-15 12:07:00
16282,340,3,1307.58,2011-01-04 11:42:00
16894,503,3,1306.96,2010-07-25 15:43:00
15677,50,3,1305.63,2011-10-21 15:36:00
14297,18,4,1305.33,2011-11-22 09:06:00
15813,208,2,1303.9099999999999,2011-05-16 08:13:00
15400,93,8,1302.3,2011-09-08 13:57:00
16370,83,4,1301.91,2011-09-18 15:55:00
16574,72,3,1301.78,2011-09-29 13:39:00
15108,142,4,1300.25,2011-07-21 10:24:00
14284,31,3,1299.65,2011-11-09 08:11:00
14480,12,4,1299.52,2011-11-28 16:35:00
16943,212,5,1299.49,2011-05-12 11:57:00
14479,254,4,1299.11,2011-03-31 09:07:00
16464,20,3,1298.66,2011-11-20 12:11:00
12488,10,3,1298.66,2011-11-30 08:50:00
12372,72,3,1298.04,2011-09-29 12:12:00
18286,477,2,1296.43,2010-08-20 11:57:00
16929,4,7,1295.39,2011-12-06 08:37:00
13440,424,7,1295.25,2010-10-12 13:11:00
16212,20,4,1293.71,2011-11-20 13:00:00
15621,5,4,1293.03,2011-12-05 14:01:00
16777,81,5,1292.18,2011-09-20 13:41:00
15471,3,3,1292.01,2011-12-07 14:12:00
16744,12,7,1291.91,2011-11-28 13:06:00
17109,30,8,1291.71,2011-11-10 16:59:00
14619,246,2,1291.24,2011-04-08 07:37:00
14856,37,3,1290.53,2011-11-03 14:53:00
16372,34,5,1290.31,2011-11-06 13:08:00
15171,332,1,1289.5,2011-01-12 15:36:00
14679,382,3,1289.44,2010-11-23 11:51:00
15774,69,6,1288.34,2011-10-02 12:04:00
15136,3,4,1286.7,2011-12-07 12:26:00
16608,454,2,1286.6200000000001,2010-09-12 11:44:00
16949,4,6,1286.27,2011-12-06 11:07:00
13300,170,3,1285.51,2011-06-23 13:09:00
14821,367,7,1278.95,2010-12-08 08:43:00
13617,41,8,1278.75,2011-10-30 13:50:00
17521,30,5,1278.06,2011-11-10 11:22:00
16951,135,3,1277.75,2011-07-28 12:05:00
15211,61,2,1277.48,2011-10-10 13:31:00
14478,383,4,1276.66,2010-11-22 15:29:00
17034,17,5,1276.42,2011-11-23 15:14:00
13916,464,4,1275.81,2010-09-02 10:04:00
17142,240,4,1275.25,2011-04-14 18:22:00
14820,22,9,1274.76,2011-11-18 15:41:00
15809,37,7,1274.44,2011-11-03 16:40:00
14167,40,8,1274.29,2011-10-31 14:29:00
14490,407,2,1273.47,2010-10-29 15:04:00
13443,449,6,1273.16,2010-09-17 12:31:00
17478,409,2,1272.8,2010-10-27 15:01:00
12394,64,2,1272.48,2011-10-07 08:08:00
16222,319,2,1272.05,2011-01-25 13:38:00
12630,10,2,1270.88,2011-11-30 10:48:00
13492,137,3,1269.84,2011-07-26 14:25:00
15439,405,4,1269.05,2010-10-31 10:38:00
15584,24,6,1268.2,2011-11-16 10:55:00
13892,27,6,1267.6499999999999,2011-11-13 11:50:00
17037,88,1,1267.32,2011-09-13 12:49:00
17531,191,3,1266.82,2011-06-02 19:17:00
13515,73,6,1265.82,2011-09-28 11:26:00
17635,425,3,1265.58,2010-10-11 15:12:00
15038,59,9,1265.41,2011-10-12 11:33:00
14379,45,4,1265.16,2011-10-26 16:43:00
16842,101,3,1264.19,2011-08-31 10:42:00
14427,51,4,1263.52,2011-10-20 14:23:00
17759,18,5,1261.88,2011-11-22 16:02:00
13065,374,5,1260.91,2010-12-01 16:52:00
16688,2,4,1260.86,2011-12-08 15:24:00
14984,20,6,1260.51,2011-11-20 14:28:00
18035,36,5,1260.23,2011-11-04 12:39:00
17343,356,6,1259.94,2010-12-19 15:07:00
12993,24,8,1259.6299999999999,2011-11-16 15:49:00
13689,64,2,1259.5,2011-10-07 13:21:00
15009,13,3,1259.43,2011-11-27 13:35:00
15651,37,5,1259.06,2011-11-03 08:41:00
14474,47,2,1258.8899999999999,2011-10-24 13:26:00
14931,5,5,1257.68,2011-12-05 10:19:00
12402,324,6,1256.9,2011-01-20 13:49:00
17481,4,4,1255.59,2011-12-06 12:28:00
17862,324,4,1254.89,2011-01-20 12:23:00
14419,11,7,1254.64,2011-11-29 11:22:00
15064,411,4,1254.41,2010-10-25 14:32:00
15441,397,3,1254.21,2010-11-08 15:50:00
15664,51,4,1254.03,2011-10-20 10:57:00
16292,122,5,1253.76,2011-08-10 12:24:00
14725,25,4,1252.74,2011-11-15 12:42:00
15579,69,5,1250.63,2011-10-02 12:45:00
15599,27,3,1250.06,2011-11-13 11:44:00
18135,30,10,1249.6200000000001,2011-11-10 19:32:00
14020,17,4,1249.01,2011-11-23 09:22:00
12666,395,1,1248.42,2010-11-10 16:40:00
14383,39,3,1247.69,2011-11-01 15:53:00
12689,26,2,1247.61,2011-11-14 08:31:00
14240,31,3,1247.49,2011-11-09 13:45:00
13860,2,5,1245.9,2011-12-08 12:57:00
17076,37,6,1242.75,2011-11-03 17:53:00
17529,611,2,1240.25,2010-04-08 17:51:00
13863,248,4,1239.55,2011-04-06 10:20:00
12985,1,2,1239.38,2011-12-09 10:46:00
14231,184,4,1235.6200000000001,2011-06-09 11:05:00
13201,503,4,1233.06,2010-07-25 14:30:00
12605,377,4,1232.95,2010-11-28 14:18:00
16527,82,2,1232.94,2011-09-19 16:21:00
16159,282,4,1232.79,2011-03-03 12:27:00
18080,19,2,1231.5,2011-11-21 08:02:00
16723,92,4,1231.36,2011-09-09 13:01:00
12673,6,3,1230.02,2011-12-04 13:55:00
13019,380,6,1229.95,2010-11-25 14:56:00
14871,4,9,1228.17,2011-12-06 13:42:00
17342,380,4,1227.54,2010-11-25 11:07:00
12866,284,3,1227.35,2011-03-01 14:11:00
15800,108,7,1227.07,2011-08-24 14:23:00
17456,366,2,1225.42,2010-12-09 15:23:00
15269,24,3,1225.3600000000001,2011-11-16 09:32:00
15303,291,3,1224.18,2011-02-22 13:59:00
14428,8,5,1224.06,2011-12-02 13:17:00
13787,76,6,1222.5,2011-09-25 12:06:00
16946,384,5,1222.04,2010-11-21 14:06:00
15376,41,3,1221.56,2011-10-30 15:04:00
17132,453,2,1220.9099999999999,2010-09-13 16:31:00
14430,512,3,1220.9,2010-07-16 11:35:00
15004,148,1,1220.77,2011-07-15 14:05:00
13243,204,5,1220.38,2011-05-20 13:14:00
13299,269,3,1218.7,2011-03-16 12:55:00
13304,352,4,1217.99,2010-12-23 14:35:00
14698,2,5,1217.27,2011-12-08 12:26:00
15390,397,2,1216.66,2010-11-08 15:19:00
14512,188,7,1215.97,2011-06-05 12:39:00
15661,318,8,1215.95,2011-01-26 13:56:00
17410,17,5,1214.72,2011-11-23 15:46:00
17198,24,3,1213.88,2011-11-16 10:39:00
13405,75,6,1213.811,2011-09-26 17:01:00
13140,109,5,1213.18,2011-08-23 15:33:00
18263,26,3,1213.1599999999999,2011-11-14 09:00:00
16872,78,6,1213.13,2011-09-23 16:05:00
13918,50,2,1212.8400000000001,2011-10-21 12:25:00
16653,17,2,1212.66,2011-11-23 14:51:00
12464,11,8,1212.05,2011-11-29 13:33:00
15377,383,4,1211.75,2010-11-22 08:55:00
14193,68,3,1210.19,2011-10-03 09:34:00
17653,37,4,1207.56,2011-11-03 12:46:00
16830,39,4,1207.5,2011-11-01 11:35:00
18193,166,3,1207.35,2011-06-27 13:58:00
16762,20,3,1207.24,2011-11-20 11:43:00
12742,626,1,1201.52,2010-03-24 12:43:00
17360,18,6,1200.51,2011-11-22 13:11:00
14446,1,5,1200.28,2011-12-09 11:34:00
15181,67,5,1200.2,2011-10-04 13:58:00
15600,429,4,1199.31,2010-10-07 14:30:00
17397,23,3,1198.28,2011-11-17 14:08:00
17713,383,4,1198.09,2010-11-22 16:50:00
16307,430,3,1194.92,2010-10-06 14:31:00
15145,5,4,1194.73,2011-12-05 17:21:00
13723,218,6,1194.08,2011-05-06 17:04:00
14382,27,2,1193.6299999999999,2011-11-13 16:18:00
14201,61,10,1193.54,2011-10-10 13:27:00
12611,53,1,1193.32,2011-10-18 13:12:00
13293,393,6,1192.94,2010-11-12 13:28:00
16306,214,7,1192.82,2011-05-10 12:12:00
13976,207,4,1192.36,2011-05-17 09:13:00
14213,405,1,1192.2,2010-10-31 10:37:00
16501,384,1,1191.23,2010-11-21 14:10:00
13882,3,5,1191.13,2011-12-07 11:16:00
16471,275,4,1189.98,2011-03-10 09:41:00
12462,19,2,1189.59,2011-11-21 09:11:00
17239,313,4,1189.45,2011-01-31 09:41:00
14275,396,6,1189.3799999999999,2010-11-09 09:06:00
18057,394,3,1188.46,2010-11-11 16:55:00
15573,32,5,1188.42,2011-11-08 11:38:00
18181,25,5,1188.34,2011-11-15 15:08:00
15737,15,8,1188.1200000000001,2011-11-25 11:21:00
17800,38,9,1187.21,2011-11-02 12:57:00
13388,132,3,1185.65,2011-07-31 12:52:00
18060,409,2,1185.46,2010-10-27 16:41:00
14206,240,3,1185.01,2011-04-14 16:38:00
15259,513,4,1182.3799999999999,2010-07-15 08:47:00
17021,443,6,1182.22,2010-09-23 20:01:00
13526,739,2,1182.0,2009-12-01 13:13:00
13395,186,3,1180.23,2011-06-07 15:04:00
18277,59,5,1180.05,2011-10-12 15:22:00
13270,367,1,1180.0,2010-12-08 14:53:00
17058,82,3,1179.89,2011-09-19 10:13:00
16614,183,3,1179.79,2011-06-10 11:36:00
16693,69,5,1179.48,2011-10-02 11:10:00
13797,437,3,1179.45,2010-09-29 10:34:00
17062,314,6,1179.14,2011-01-30 11:01:00
16345,45,2,1178.79,2011-10-26 16:03:00
18025,380,6,1177.72,2010-11-25 12:37:00
17539,618,4,1176.84,2010-04-01 12:07:00
13233,75,4,1176.46,2011-09-26 13:25:00
15210,226,3,1176.19,2011-04-28 16:11:00
14370,451,6,1175.78,2010-09-15 10:53:00
15994,55,3,1175.68,2011-10-16 12:28:00
12885,64,3,1175.22,2011-10-07 13:40:00
15068,47,4,1174.9,2011-10-24 14:47:00
12915,149,4,1174.75,2011-07-14 11:34:00
12640,24,3,1174.58,2011-11-16 11:52:00
14126,8,4,1172.46,2011-12-02 11:45:00
12691,29,7,1170.4,2011-11-11 16:49:00
17373,41,7,1167.5,2011-10-30 15:28:00
17664,19,4,1166.23,2011-11-21 11:29:00
14693,265,7,1165.36,2011-03-20 12:50:00
15525,3,4,1165.15,2011-12-07 14:43:00
14261,51,2,1163.45,2011-10-20 10:04:00
16800,12,1,1162.65,2011-11-28 14:06:00
17525,360,3,1161.9,2010-12-15 12:05:00
12546,47,2,1161.5,2011-10-24 12:09:00
12972,414,4,1161.2,2010-10-22 08:41:00
13897,51,3,1160.72,2011-10-20 14:30:00
13459,625,2,1160.4099999999999,2010-03-25 10:24:00
15088,22,2,1160.07,2011-11-18 13:14:00
13601,46,4,1159.99,2011-10-25 17:31:00
16838,198,4,1159.61,2011-05-26 13:13:00
13499,18,5,1159.11,2011-11-22 11:21:00
17513,73,3,1158.8,2011-09-28 16:42:00
16184,65,6,1158.79,2011-10-06 17:43:00
17169,58,3,1156.73,2011-10-13 10:25:00
14788,8,3,1156.32,2011-12-02 17:06:00
17127,429,5,1155.0300000000002,2010-10-07 09:54:00
13030,12,2,1154.8,2011-11-28 14:30:00
16637,33,4,1154.47,2011-11-07 13:17:00
13462,253,5,1153.85,2011-04-01 11:20:00
14818,74,6,1153.56,2011-09-27 11:01:00
17984,146,5,1152.19,2011-07-17 15:59:00
14475,72,4,1151.15,2011-09-29 10:46:00
12475,54,2,1149.64,2011-10-17 10:10:00
12710,97,3,1149.02,2011-09-04 12:00:00
15028,9,6,1148.91,2011-12-01 14:06:00
14308,550,2,1147.02,2010-06-08 16:48:00
16766,274,2,1145.6,2011-03-11 15:22:00
17477,613,2,1144.3,2010-04-06 10:06:00
12769,239,1,1143.6,2011-04-15 10:25:00
17770,199,5,1143.27,2011-05-25 12:34:00
14585,51,5,1143.27,2011-10-20 14:33:00
17201,54,4,1143.1,2011-10-17 11:55:00
12439,683,2,1142.88,2010-01-26 12:11:00
13856,169,11,1142.03,2011-06-24 10:03:00
16270,354,1,1141.24,2010-12-21 14:26:00
16521,416,3,1140.11,2010-10-20 13:09:00
15586,593,3,1139.1,2010-04-26 11:00:00
17500,18,3,1138.0,2011-11-22 14:25:00
15879,405,4,1137.8,2010-10-31 16:21:00
17302,15,5,1135.63,2011-11-25 09:36:00
17866,143,3,1134.95,2011-07-20 11:07:00
13109,60,3,1134.03,2011-10-11 10:16:00
15022,12,5,1133.44,2011-11-28 12:35:00
16989,8,6,1133.25,2011-12-02 16:39:00
18125,30,4,1131.75,2011-11-10 12:29:00
15500,9,4,1131.56,2011-12-01 13:47:00
13393,584,4,1131.45,2010-05-05 09:34:00
12616,96,3,1131.1,2011-09-05 15:17:00
15695,267,4,1131.04,2011-03-18 08:32:00
17622,598,2,1130.21,2010-04-21 12:36:00
12427,22,3,1129.3,2011-11-18 08:56:00
13447,24,3,1129.14,2011-11-16 13:38:00
14450,181,7,1128.44,2011-06-12 10:46:00
12373,312,3,1127.65,2011-02-01 13:10:00
14671,550,2,1127.45,2010-06-08 13:39:00
15969,3,5,1127.05,2011-12-07 11:06:00
12503,585,1,1126.0,2010-05-04 13:59:00
13167,19,5,1125.15,2011-11-21 12:24:00
13778,104,4,1124.49,2011-08-28 15:25:00
14917,597,2,1123.75,2010-04-22 11:28:00
17492,249,3,1122.42,2011-04-05 15:21:00
13486,79,3,1122.41,2011-09-22 13:13:00
17562,15,7,1122.38,2011-11-25 14:21:00
18218,212,4,1121.84,2011-05-12 12:53:00
13368,257,4,1121.5,2011-03-28 09:59:00
13589,15,6,1120.74,2011-11-25 12:10:00
17007,51,7,1120.1,2011-10-20 10:47:00
16354,64,5,1119.46,2011-10-07 14:28:00
17423,47,3,1118.95,2011-10-24 13:36:00
16430,58,7,1117.94,2011-10-13 14:47:00
17788,74,2,1117.9,2011-09-27 10:09:00
16278,101,3,1117.84,2011-08-31 17:12:00
16769,261,4,1117.05,2011-03-24 13:41:00
14080,33,5,1115.68,2011-11-07 11:09:00
13509,9,8,1114.72,2011-12-01 10:10:00
16203,59,6,1114.54,2011-10-12 12:31:00
14672,235,4,1113.14,2011-04-19 10:19:00
12679,59,4,1113.02,2011-10-12 12:30:00
12648,155,4,1112.0,2011-07-08 11:55:00
16139,19,5,1111.15,2011-11-21 08:37:00
16702,416,4,1110.83,2010-10-20 14:10:00
15069,180,1,1109.53,2011-06-13 14:16:00
15559,569,1,1109.4,2010-05-20 14:06:00
15828,376,1,1108.82,2010-11-29 16:41:00
15933,22,3,1107.46,2011-11-18 13:14:00
14375,186,3,1106.82,2011-06-07 13:44:00
14891,149,4,1106.73,2011-07-14 18:08:00
14102,6,5,1105.8799999999999,2011-12-04 15:38:00
17812,13,7,1105.29,2011-11-27 11:47:00
12434,85,3,1103.43,2011-09-16 12:38:00
16895,65,5,1102.9,2011-10-06 12:15:00
14948,24,6,1101.97,2011-11-16 17:16:00
13295,360,4,1101.97,2010-12-15 11:21:00
12785,365,3,1100.4,2010-12-10 13:48:00
16014,38,5,1100.28,2011-11-02 12:04:00
14009,199,3,1099.91,2011-05-25 15:47:00
17137,417,6,1099.81,2010-10-19 14:51:00
12421,16,6,1098.6,2011-11-24 09:07:00
13108,373,2,1098.52,2010-12-02 10:35:00
16916,24,4,1098.45,2011-11-16 12:08:00
14971,36,3,1097.98,2011-11-04 17:07:00
13835,26,7,1095.27,2011-11-14 15:37:00
17703,36,4,1094.84,2011-11-04 15:51:00
15745,20,4,1094.59,2011-11-20 13:45:00
14460,111,9,1093.5,2011-08-21 14:19:00
12803,394,1,1092.81,2010-11-11 14:57:00
17726,396,7,1092.06,2010-11-09 13:37:00
14199,219,4,1091.7,2011-05-05 13:44:00
16805,174,5,1091.34,2011-06-19 11:23:00
16211,89,3,1090.59,2011-09-12 12:11:00
13853,58,1,1090.14,2011-10-13 14:18:00
12534,131,1,1089.18,2011-08-01 10:26:00
15254,128,3,1088.35,2011-08-04 15:04:00
16188,45,5,1087.66,2011-10-26 12:19:00
16223,375,2,1087.05,2010-11-30 11:50:00
15763,32,2,1086.92,2011-11-08 09:44:00
14139,47,4,1086.8,2011-10-24 13:34:00
13546,13,5,1086.24,2011-11-27 14:50:00
16298,23,7,1085.7,2011-11-17 11:59:00
14013,111,5,1084.57,2011-08-21 15:01:00
17420,51,6,1084.43,2011-10-20 14:52:00
16533,20,3,1082.81,2011-11-20 13:08:00
14805,16,7,1082.55,2011-11-24 16:20:00
14561,76,3,1080.76,2011-09-25 12:39:00
13744,96,2,1080.52,2011-09-05 15:19:00
14343,422,4,1079.66,2010-10-14 13:05:00
13726,39,2,1079.6599999999999,2011-11-01 10:49:00
12354,233,1,1079.4,2011-04-21 13:11:00
13567,429,4,1079.29,2010-10-07 12:51:00
15546,607,2,1079.1000000000001,2010-04-12 11:51:00
14352,158,4,1078.96,2011-07-05 15:41:00
13656,165,4,1078.85,2011-06-28 10:31:00
16183,68,4,1077.81,2011-10-03 14:59:00
16642,5,3,1077.45,2011-12-05 11:31:00
17366,433,2,1077.24,2010-10-03 16:04:00
16071,45,4,1076.8,2011-10-26 11:14:00
13607,41,2,1075.81,2011-10-30 16:17:00
16048,374,4,1075.23,2010-12-01 15:28:00
15912,179,9,1074.7,2011-06-14 14:29:00
16231,380,4,1074.47,2010-11-25 15:00:00
13727,29,8,1074.15,2011-11-11 09:46:00
15238,30,3,1071.99,2011-11-10 14:28:00
13467,11,2,1071.91,2011-11-29 10:01:00
12801,501,1,1071.82,2010-07-27 09:38:00
13521,2,3,1071.73,2011-12-08 13:50:00
16593,51,8,1071.1399999999999,2011-10-20 12:41:00
14484,51,4,1070.98,2011-10-20 14:11:00
16884,38,4,1070.97,2011-11-02 11:52:00
17522,2,5,1070.71,2011-12-08 12:31:00
12728,72,5,1070.17,2011-09-29 15:31:00
17871,205,5,1068.95,2011-05-19 11:32:00
17854,186,6,1068.5,2011-06-07 16:21:00
16386,29,3,1068.16,2011-11-11 12:28:00
15436,13,3,1067.75,2011-11-27 16:05:00
15626,75,3,1067.52,2011-09-26 10:03:00
17277,228,2,1065.3500000000001,2011-04-26 12:47:00
15639,135,3,1065.08,2011-07-28 14:30:00
13959,80,6,1064.77,2011-09-21 15:06:00
14488,68,1,1064.28,2011-10-03 09:30:00
14966,15,6,1064.26,2011-11-25 12:20:00
15801,47,3,1063.95,2011-10-24 13:52:00
12936,18,4,1063.9,2011-11-22 17:32:00
17849,219,8,1063.76,2011-05-05 13:46:00
12815,148,2,1063.46,2011-07-15 10:21:00
14411,311,1,1063.0,2011-02-02 10:56:00
17616,174,4,1060.8,2011-06-19 10:11:00
15706,64,4,1060.56,2011-10-07 10:09:00
17727,16,1,1060.25,2011-11-24 17:06:00
17421,387,3,1059.41,2010-11-18 16:57:00
18130,16,3,1059.39,2011-11-24 14:40:00
17214,61,6,1059.1200000000001,2011-10-10 13:17:00
14734,426,4,1056.42,2010-10-10 12:04:00
12791,374,6,1056.1100000000001,2010-12-01 11:27:00
15645,19,3,1055.17,2011-11-21 11:55:00
15977,18,2,1054.73,2011-11-22 13:29:00
12716,4,2,1053.49,2011-12-06 08:55:00
12580,247,2,1052.9,2011-04-07 10:24:00
15886,61,4,1052.8700000000001,2011-10-10 14:25:00
15855,137,6,1052.72,2011-07-26 10:20:00
16391,401,4,1052.26,2010-11-04 12:27:00
14947,73,6,1049.79,2011-09-28 15:48:00
13775,591,1,1049.66,2010-04-28 12:15:00
17934,52,3,1049.15,2011-10-19 11:16:00
15026,81,5,1048.8899999999999,2011-09-20 13:52:00
15839,34,3,1048.49,2011-11-06 13:54:00
16728,47,4,1048.28,2011-10-24 14:36:00
17578,219,7,1047.33,2011-05-05 18:38:00
17474,600,1,1047.0,2010-04-19 10:43:00
15407,34,4,1046.74,2011-11-06 11:55:00
15091,68,3,1046.6100000000001,2011-10-03 12:47:00
17555,20,5,1045.74,2011-11-20 12:22:00
14108,31,4,1044.96,2011-11-09 10:41:00
15464,339,1,1044.65,2011-01-05 15:56:00
15535,174,6,1044.3700000000001,2011-06-19 16:02:00
13359,64,2,1043.31,2011-10-07 09:30:00
14813,370,4,1041.79,2010-12-05 11:57:00
16903,30,3,1041.75,2011-11-10 15:32:00
16991,422,1,1041.21,2010-10-14 14:08:00
16261,18,6,1041.16,2011-11-22 17:23:00
13613,453,5,1039.8500000000001,2010-09-13 12:01:00
13873,120,8,1038.92,2011-08-12 10:08:00
12486,432,1,1037.28,2010-10-04 12:14:00
17042,3,5,1036.58,2011-12-07 12:26:00
14902,26,3,1035.6200000000001,2011-11-14 10:34:00
17926,134,5,1035.49,2011-07-29 14:39:00
16260,51,1,1035.45,2011-10-20 09:40:00
12811,261,5,1033.9,2011-03-24 09:42:00
17724,72,3,1033.0,2011-09-29 15:26:00
14248,319,3,1032.95,2011-01-25 14:45:00
13000,107,4,1032.5,2011-08-25 10:43:00
17405,2,3,1031.41,2011-12-08 17:12:00
13235,213,1,1031.07,2011-05-11 17:13:00
16198,76,2,1030.0410000000002,2011-09-25 14:58:00
14932,366,2,1029.66,2010-12-09 11:48:00
16418,45,5,1028.74,2011-10-26 12:39:00
15333,209,1,1028.56,2011-05-15 13:27:00
16385,61,5,1028.55,2011-10-10 13:12:00
16682,5,5,1028.0,2011-12-05 12:13:00
17869,108,7,1027.96,2011-08-24 16:16:00
16227,226,3,1027.22,2011-04-28 13:33:00
15887,407,3,1027.15,2010-10-29 08:36:00
15003,474,6,1027.03,2010-08-23 15:44:00
17749,179,3,1026.18,2011-06-14 15:45:00
16160,66,2,1025.44,2011-10-05 14:19:00
13602,65,4,1025.17,2011-10-06 11:47:00
17310,388,2,1025.1,2010-11-17 16:00:00
14204,3,4,1024.83,2011-12-07 13:38:00
17362,240,7,1024.04,2011-04-14 14:43:00
16568,428,2,1020.9000000000001,2010-10-08 10:54:00
12572,9,2,1020.42,2011-12-01 09:20:00
13376,100,3,1019.76,2011-09-01 16:16:00
18142,158,2,1019.52,2011-07-05 13:19:00
12403,50,2,1019.36,2011-10-21 10:51:00
13956,6,5,1019.27,2011-12-04 13:20:00
16441,68,5,1019.13,2011-10-03 17:48:00
12828,3,6,1018.71,2011-12-07 08:45:00
16284,32,3,1018.48,2011-11-08 16:12:00
12905,577,2,1018.42,2010-05-12 10:05:00
16787,398,4,1017.53,2010-11-07 11:01:00
12793,335,3,1017.33,2011-01-09 12:12:00
15970,304,2,1017.32,2011-02-09 12:08:00
12652,332,2,1017.03,2011-01-12 15:00:00
13641,641,5,1016.47,2010-03-09 07:37:00
13333,412,3,1015.74,2010-10-24 13:24:00
14675,17,2,1015.58,2011-11-23 12:58:00
16623,246,4,1015.24,2011-04-08 10:09:00
14355,366,3,1014.45,2010-12-09 12:16:00
12410,309,3,1013.71,2011-02-04 10:39:00
13466,185,5,1013.35,2011-06-08 16:39:00
12642,26,3,1013.26,2011-11-14 15:03:00
15951,9,3,1013.17,2011-12-01 08:34:00
16451,88,3,1013.15,2011-09-13 09:17:00
17197,30,1,1013.01,2011-11-10 10:32:00
17980,166,4,1012.72,2011-06-27 12:01:00
15713,144,4,1010.79,2011-07-19 13:34:00
13039,585,4,1010.73,2010-05-04 16:45:00
16572,128,3,1009.6,2011-08-04 16:34:00
13258,12,5,1009.43,2011-11-28 09:31:00
16287,170,5,1006.98,2011-06-23 09:08:00
13429,11,4,1006.8,2011-11-29 09:10:00
15850,20,6,1006.75,2011-11-20 14:14:00
13238,18,6,1006.63,2011-11-22 15:37:00
15771,605,3,1006.54,2010-04-14 13:56:00
12703,72,4,1006.53,2011-09-29 17:52:00
13427,20,6,1006.53,2011-11-20 13:02:00
13549,26,8,1005.8,2011-11-14 09:20:00
13867,32,3,1005.09,2011-11-08 15:48:00
14214,31,5,1004.38,2011-11-09 10:31:00
15363,373,2,1004.11,2010-12-02 12:28:00
18160,58,3,1003.88,2011-10-13 15:50:00
16435,513,3,1003.0699999999999,2010-07-15 18:22:00
12446,58,1,1002.3100000000001,2011-10-13 12:50:00
16122,74,6,1001.34,2011-09-27 15:34:00
13857,394,6,1001.01,2010-11-11 12:54:00
14255,547,1,1000.63,2010-06-11 15:54:00
12545,76,2,1000.39,2011-09-25 13:39:00
15508,190,6,1000.27,2011-06-03 15:43:00
18143,117,2,1000.16,2011-08-15 12:07:00
13005,174,4,999.68,2011-06-19 10:53:00
12413,67,4,999.45,2011-10-04 09:00:00
17205,54,3,999.35,2011-10-17 12:46:00
17329,15,5,998.53,2011-11-25 14:24:00
16863,32,3,998.52,2011-11-08 15:26:00
17631,2,7,998.49,2011-12-08 09:47:00
12722,86,4,997.63,2011-09-15 14:50:00
16898,27,5,997.29,2011-11-13 15:44:00
13965,477,3,996.61,2010-08-20 10:40:00
16699,381,7,994.6,2010-11-24 14:38:00
13292,39,5,994.51,2011-11-01 10:04:00
17237,12,4,994.13,2011-11-28 15:02:00
15104,197,2,993.54,2011-05-27 12:29:00
17299,12,6,993.23,2011-11-28 12:01:00
14223,93,3,991.13,2011-09-08 13:38:00
13559,513,2,990.0,2010-07-15 09:52:00
13245,51,2,989.22,2011-10-20 11:40:00
15973,367,3,988.44,2010-12-08 11:42:00
17883,4,7,988.42,2011-12-06 17:49:00
15176,668,1,988.04,2010-02-10 10:36:00
16130,423,4,987.48,2010-10-13 15:14:00
18237,3,5,987.1,2011-12-07 12:49:00
13439,256,3,986.61,2011-03-29 14:20:00
12862,426,2,984.62,2010-10-10 11:47:00
17144,2,2,984.57,2011-12-08 17:57:00
14142,374,2,983.15,2010-12-01 16:33:00
15109,246,3,983.1,2011-04-08 09:58:00
12541,30,3,981.18,2011-11-10 10:40:00
12543,449,1,980.25,2010-09-17 15:51:00
14510,376,3,979.85,2010-11-29 12:46:00
14230,436,3,979.8000000000001,2010-09-30 09:07:00
15025,34,2,979.79,2011-11-06 15:20:00
17369,456,1,979.1999999999999,2010-09-10 09:49:00
13350,17,2,979.12,2011-11-23 16:33:00
14157,20,5,978.69,2011-11-20 11:32:00
15132,19,5,977.9300000000001,2011-11-21 17:10:00
14454,377,5,977.3,2010-11-28 13:26:00
17123,162,3,977.17,2011-07-01 10:47:00
17221,8,5,976.62,2011-12-02 13:35:00
15247,123,3,976.06,2011-08-09 12:52:00
15406,32,4,975.87,2011-11-08 13:22:00
15165,374,1,975.5,2010-12-01 14:03:00
16376,9,2,974.96,2011-12-01 11:38:00
15646,158,5,974.61,2011-07-05 09:53:00
15449,27,3,974.52,2011-11-13 15:02:00
12994,5,3,974.4200000000001,2011-12-05 15:43:00
17958,117,2,973.88,2011-08-15 12:19:00
12525,499,3,973.73,2010-07-29 16:08:00
16009,23,4,972.11,2011-11-17 16:51:00
16535,6,3,972.04,2011-12-04 15:18:00
14350,275,3,972.03,2011-03-10 14:14:00
17100,19,2,971.74,2011-11-21 16:36:00
14953,26,4,971.32,2011-11-14 14:59:00
15208,2,6,970.52,2011-12-08 17:24:00
18006,24,4,969.51,2011-11-16 16:52:00
13223,201,6,969.1200000000001,2011-05-23 13:03:00
16254,379,3,967.44,2010-11-26 13:22:00
13204,732,1,966.6600000000001,2009-12-08 14:56:00
14138,2,2,965.8800000000001,2011-12-08 12:44:00
17987,186,5,965.4399999999999,2011-06-07 14:22:00
15084,380,2,965.2,2010-11-25 11:58:00
12550,80,1,964.83,2011-09-21 14:35:00
16763,199,2,964.6999999999999,2011-05-25 11:52:00
15268,479,3,961.9000000000001,2010-08-18 10:33:00
15156,2,3,961.49,2011-12-08 18:22:00
16518,62,4,959.37,2011-10-09 15:04:00
12588,40,4,958.78,2011-10-31 15:01:00
18192,72,1,957.97,2011-09-29 09:53:00
12697,29,3,957.59,2011-11-11 08:47:00
17080,23,7,957.53,2011-11-17 12:59:00
12675,554,2,957.25,2010-06-04 09:49:00
17172,79,3,956.5699999999999,2011-09-22 09:36:00
16141,89,2,955.94,2011-09-12 13:11:00
12990,32,7,955.5,2011-11-08 13:01:00
14629,5,2,955.26,2011-12-05 16:55:00
16947,236,5,955.21,2011-04-18 09:38:00
12505,409,1,955.2,2010-10-27 09:18:00
15430,468,2,954.75,2010-08-29 10:42:00
17298,102,5,954.26,2011-08-30 16:43:00
15835,45,4,954.09,2011-10-26 15:47:00
17189,107,5,953.63,2011-08-25 19:39:00
12414,218,6,952.41,2011-05-06 14:51:00
14615,395,5,951.76,2010-11-10 13:36:00
17955,199,6,949.9,2011-05-25 12:00:00
12767,376,1,949.82,2010-11-29 09:38:00
17081,26,6,949.39,2011-11-14 12:56:00
13046,31,3,949.25,2011-11-09 08:36:00
13636,37,5,949.12,2011-11-03 10:30:00
15177,426,1,948.93,2010-10-10 12:48:00
12822,71,2,948.88,2011-09-30 10:04:00
12874,386,2,948.42,2010-11-19 15:23:00
12355,215,2,947.61,2011-05-09 13:49:00
17516,16,6,947.5,2011-11-24 16:51:00
16136,60,4,946.8,2011-10-11 09:10:00
14994,383,5,946.72,2010-11-22 12:59:00
16861,60,5,946.59,2011-10-11 09:05:00
17356,312,5,946.47,2011-02-01 11:07:00
16146,158,4,946.38,2011-07-05 14:20:00
18217,30,4,945.04,2011-11-10 13:18:00
17544,391,3,944.82,2010-11-14 15:08:00
13261,269,2,944.1,2011-03-16 12:22:00
17860,369,4,943.84,2010-12-06 12:41:00
16199,393,7,942.75,2010-11-12 12:55:00
17604,218,6,942.38,2011-05-06 13:43:00
15385,41,3,942.08,2011-10-30 15:11:00
14958,148,6,941.99,2011-07-15 14:20:00
14326,243,3,940.98,2011-04-11 15:04:00
13416,44,3,940.8000000000001,2011-10-27 08:56:00
15107,312,9,940.35,2011-02-01 14:46:00
13936,180,3,939.66,2011-06-13 08:47:00
16109,219,3,939.48,2011-05-05 09:17:00
17527,54,4,939.37,2011-10-17 12:32:00
14437,366,5,936.34,2010-12-09 09:27:00
17020,543,2,935.62,2010-06-15 13:06:00
14140,4,2,935.05,2011-12-06 09:05:00
12942,132,3,934.35,2011-07-31 14:39:00
16781,373,2,934.25,2010-12-02 14:26:00
15792,400,2,933.84,2010-11-05 08:21:00
15787,27,3,933.26,2011-11-13 14:55:00
16661,541,4,932.76,2010-06-17 15:24:00
18154,4,5,932.6,2011-12-06 16:41:00
18133,213,1,931.4999999999999,2011-05-11 14:14:00
12396,675,1,931.43,2010-02-03 13:22:00
13465,447,2,931.12,2010-09-19 15:13:00
14924,246,3,931.01,2011-04-08 09:25:00
15723,365,4,930.7,2010-12-10 11:12:00
14338,162,3,928.1,2011-07-01 14:08:00
13288,444,5,927.61,2010-09-22 16:32:00
15243,75,2,927.2800000000001,2011-09-26 14:12:00
17805,74,2,927.03,2011-09-27 11:49:00
16975,424,3,926.12,2010-10-12 17:53:00
12745,487,3,925.41,2010-08-10 10:14:00
13805,53,2,924.6,2011-10-18 14:50:00
14128,61,3,924.21,2011-10-10 12:00:00
18001,13,6,924.14,2011-11-27 16:02:00
16643,246,2,923.11,2011-04-08 08:24:00
13034,55,3,922.68,2011-10-16 12:21:00
17322,377,5,922.59,2010-11-28 14:41:00
15654,10,2,922.53,2011-11-30 13:08:00
13122,95,2,922.39,2011-09-06 15:53:00
17472,192,4,922.35,2011-06-01 14:57:00
16362,33,6,922.16,2011-11-07 13:01:00
13934,264,1,922.1,2011-03-21 08:39:00
14605,375,4,921.5600000000001,2010-11-30 14:07:00
12638,34,2,921.49,2011-11-06 13:11:00
15576,38,1,921.37,2011-11-02 12:03:00
15957,32,3,921.25,2011-11-08 12:14:00
14272,74,4,920.81,2011-09-27 10:08:00
17363,396,3,920.46,2010-11-09 17:11:00
12998,493,3,920.08,2010-08-04 08:05:00
14568,436,1,919.7,2010-09-30 17:15:00
13075,130,1,919.61,2011-08-02 10:19:00
13872,528,3,919.57,2010-06-30 15:35:00
15304,61,9,919.5500000000001,2011-10-10 10:23:00
17760,22,6,918.93,2011-11-18 10:56:00
16204,24,3,918.71,2011-11-16 13:40:00
14342,22,6,918.44,2011-11-18 13:21:00
12368,629,1,917.6999999999999,2010-03-21 15:56:00
14061,508,3,917.4300000000001,2010-07-20 17:22:00
14015,53,1,917.34,2011-10-18 10:02:00
15707,36,4,916.98,2011-11-04 14:35:00
14423,219,3,916.6099999999999,2011-05-05 15:12:00
14176,298,5,916.01,2011-02-15 13:12:00
14839,419,3,915.28,2010-10-17 13:01:00
14141,3,4,915.13,2011-12-07 09:53:00
16216,268,1,914.9300000000001,2011-03-17 15:34:00
14549,312,4,913.6,2011-02-01 13:47:00
15364,96,2,913.19,2011-09-05 09:46:00
14359,20,3,912.18,2011-11-20 13:17:00
15244,66,3,912.08,2011-10-05 13:19:00
16034,197,6,911.3199999999999,2011-05-27 16:17:00
14289,9,6,911.26,2011-12-01 11:44:00
14133,130,4,911.14,2011-08-02 11:34:00
16138,379,3,910.35,2010-11-26 12:13:00
13038,81,3,908.46,2011-09-20 14:37:00
15097,5,3,908.35,2011-12-05 14:03:00
17464,159,3,907.14,2011-07-04 13:19:00
14714,25,4,906.24,2011-11-15 13:07:00
14969,704,1,906.23,2010-01-05 12:43:00
12808,37,5,906.1,2011-11-03 10:05:00
13573,51,6,904.52,2011-10-20 14:33:00
13255,10,3,904.46,2011-11-30 13:14:00
15180,368,3,904.4300000000001,2010-12-07 14:57:00
17746,241,4,904.1800000000001,2011-04-13 14:31:00
17176,202,3,902.3199999999999,2011-05-22 12:41:00
17382,66,8,902.28,2011-10-05 13:05:00
13548,97,3,901.44,2011-09-04 14:50:00
15511,12,5,900.53,2011-11-28 09:43:00
12945,289,2,900.11,2011-02-24 14:15:00
14729,374,3,899.73,2010-12-01 12:43:00
12940,55,2,899.69,2011-10-16 12:09:00
16834,228,2,898.96,2011-04-26 09:37:00
15710,418,1,898.87,2010-10-18 17:05:00
15992,4,3,896.6,2011-12-06 11:00:00
13996,387,2,895.76,2010-11-18 16:27:00
17226,309,3,895.47,2011-02-04 11:52:00
15066,54,1,893.59,2011-10-17 13:25:00
12772,60,1,892.47,2011-10-11 09:19:00
17155,18,7,892.46,2011-11-22 12:38:00
16784,20,5,892.33,2011-11-20 12:20:00
16442,2,5,891.98,2011-12-08 11:43:00
15393,17,5,891.34,2011-11-23 16:48:00
16361,10,4,891.21,2011-11-30 12:32:00
14065,390,3,891.02,2010-11-15 16:13:00
15824,454,2,890.94,2010-09-12 13:20:00
17537,30,2,887.67,2011-11-10 10:56:00
16900,17,3,887.11,2011-11-23 10:32:00
15900,24,4,886.5699999999999,2011-11-16 12:19:00
16228,386,3,885.71,2010-11-19 14:20:00
17704,169,2,885.19,2011-06-24 09:40:00
16411,20,4,884.9399999999999,2011-11-20 13:23:00
17708,188,4,884.1800000000001,2011-06-05 10:12:00
15907,4,3,882.72,2011-12-06 12:21:00
18141,402,2,882.47,2010-11-03 11:44:00
16387,323,5,882.46,2011-01-21 11:34:00
17480,78,2,882.23,2011-09-23 11:39:00
17143,418,2,880.97,2010-10-18 15:27:00
12680,1,4,880.81,2011-12-09 12:50:00
16677,412,2,880.62,2010-10-24 14:53:00
13937,170,2,880.13,2011-06-23 16:35:00
14551,19,7,878.09,2011-11-21 13:36:00
14612,416,1,877.7,2010-10-20 16:01:00
15653,93,2,877.4399999999999,2011-09-08 10:49:00
14645,157,3,876.89,2011-07-06 09:15:00
17864,13,5,876.57,2011-11-27 11:15:00
13768,727,2,875.97,2009-12-13 10:41:00
13166,284,2,875.93,2011-03-01 15:16:00
14681,72,6,875.1500000000001,2011-09-29 15:52:00
16513,5,4,874.59,2011-12-05 10:18:00
16657,10,4,874.43,2011-11-30 11:48:00
15469,51,3,874.25,2011-10-20 16:21:00
17361,50,5,871.79,2011-10-21 15:43:00
15224,359,5,871.36,2010-12-16 15:02:00
13200,20,4,870.09,2011-11-20 15:35:00
17566,9,2,869.77,2011-12-01 19:54:00
14753,88,2,869.51,2011-09-13 14:50:00
16948,139,7,868.77,2011-07-24 12:46:00
16357,34,4,868.37,2011-11-06 16:04:00
17167,380,3,867.11,2010-11-25 10:05:00
16567,195,2,865.6,2011-05-29 13:57:00
13922,352,3,865.2,2010-12-23 10:38:00
14600,306,2,865.1700000000001,2011-02-07 09:48:00
18156,13,2,862.52,2011-11-27 12:24:00
16668,16,13,862.42,2011-11-24 17:43:00
12787,10,4,862.18,2011-11-30 08:44:00
17358,304,5,861.01,2011-02-09 16:57:00
12794,54,2,860.41,2011-10-17 14:54:00
13339,201,1,860.12,2011-05-23 08:31:00
14372,444,2,860.08,2010-09-22 16:17:00
13891,379,3,859.21,2010-11-26 15:57:00
12440,463,2,859.2,2010-09-03 13:11:00
15870,33,4,857.46,2011-11-07 10:58:00
15287,23,5,856.03,2011-11-17 15:34:00
17161,445,1,856.01,2010-09-21 16:44:00
15542,513,3,855.71,2010-07-15 13:32:00
17968,374,4,855.54,2010-12-01 12:23:00
17064,59,3,855.45,2011-10-12 10:18:00
12878,237,2,854.99,2011-04-17 13:07:00
13945,395,2,854.15,2010-11-10 10:00:00
14873,211,2,854.13,2011-05-13 13:52:00
13991,13,6,852.88,2011-11-27 16:18:00
14686,415,5,852.53,2010-10-21 18:31:00
15266,339,5,852.21,2011-01-05 13:40:00
16070,23,2,852.15,2011-11-17 15:50:00
12696,435,2,851.91,2010-10-01 10:43:00
17674,75,2,851.7,2011-09-26 13:35:00
13479,201,4,851.37,2011-05-23 10:45:00
16020,17,3,851.01,2011-11-23 11:18:00
17223,311,3,850.88,2011-02-02 15:57:00
18108,255,3,848.8100000000001,2011-03-30 13:56:00
12713,1,1,848.55,2011-12-09 12:16:00
15264,65,2,848.4,2011-10-06 13:49:00
15784,468,2,848.3299999999999,2010-08-29 10:38:00
14202,382,3,847.76,2010-11-23 17:13:00
13221,241,2,847.41,2011-04-13 16:58:00
13487,58,5,846.87,2011-10-13 12:07:00
16877,13,6,846.62,2011-11-27 13:47:00
13970,387,2,846.55,2010-11-18 13:21:00
14803,163,3,845.55,2011-06-30 13:58:00
16500,5,9,843.9100000000001,2011-12-05 12:04:00
14922,394,2,843.74,2010-11-11 11:14:00
15070,373,3,843.25,2010-12-02 11:23:00
16344,159,4,842.42,2011-07-04 15:50:00
16846,51,3,842.41,2011-10-20 13:55:00
17638,648,2,842.4,2010-03-02 14:32:00
16810,193,2,842.0400000000001,2011-05-31 15:32:00
14862,26,2,841.1999999999999,2011-11-14 10:01:00
16798,555,3,841.16,2010-06-03 19:01:00
12891,186,11,840.5,2011-06-07 12:31:00
13169,64,3,840.08,2011-10-07 12:11:00
18247,415,3,839.73,2010-10-21 09:49:00
13940,18,4,839.14,2011-11-22 15:15:00
17332,529,5,838.27,2010-06-29 16:10:00
14037,177,6,836.95,2011-06-16 13:57:00
15832,255,1,836.79,2011-03-30 15:29:00
14929,33,2,836.69,2011-11-07 17:21:00
13569,18,4,836.36,2011-11-22 13:07:00
13795,389,4,836.3,2010-11-16 17:25:00
16747,38,2,836.06,2011-11-02 11:37:00
13386,415,2,835.46,2010-10-21 12:52:00
16737,54,2,835.1999999999999,2011-10-17 13:03:00
15012,54,3,834.82,2011-10-17 12:22:00
15190,435,1,834.4399999999999,2010-10-01 13:09:00
16644,178,2,833.78,2011-06-15 12:39:00
12903,429,1,833.53,2010-10-07 12:39:00
13175,583,2,831.45,2010-05-06 13:13:00
15766,65,3,831.06,2011-10-06 17:03:00
15759,219,7,830.9300000000001,2011-05-05 15:13:00
16924,22,3,829.89,2011-11-18 12:53:00
14087,3,3,829.47,2011-12-07 12:41:00
14851,24,3,829.4100000000001,2011-11-16 14:20:00
12730,522,1,829.25,2010-07-06 12:19:00
12953,10,2,828.8100000000001,2011-11-30 09:24:00
15617,397,3,828.5500000000001,2010-11-08 16:07:00
17003,403,4,828.21,2010-11-02 13:15:00
13681,18,4,827.83,2011-11-22 11:13:00
17045,114,5,827.6800000000001,2011-08-18 17:09:00
15945,366,4,827.27,2010-12-09 13:14:00
12792,257,2,827.01,2011-03-28 11:36:00
12461,95,2,826.88,2011-09-06 16:57:00
12781,64,2,826.74,2011-10-07 10:37:00
16494,297,1,826.53,2011-02-16 12:49:00
17880,365,3,824.9200000000001,2010-12-10 10:21:00
13513,127,3,824.59,2011-08-05 11:50:00
14260,472,3,824.28,2010-08-25 14:55:00
16264,439,2,823.53,2010-09-27 15:00:00
15137,521,2,823.4,2010-07-07 09:41:00
14508,23,5,822.92,2011-11-17 19:48:00
15847,39,5,822.57,2011-11-01 14:41:00
16164,18,3,822.48,2011-11-22 15:04:00
16680,44,3,821.45,2011-10-27 17:35:00
16246,460,2,821.35,2010-09-06 12:04:00
13893,298,1,821.1,2011-02-15 11:30:00
15314,200,3,820.4499999999999,2011-05-24 14:39:00
16135,263,2,819.45,2011-03-22 12:30:00
17683,386,3,819.01,2010-11-19 10:11:00
13612,633,1,818.29,2010-03-17 12:14:00
15483,162,10,817.8199999999999,2011-07-01 13:07:00
14890,254,3,817.25,2011-03-31 11:57:00
18043,25,3,817.2,2011-11-15 12:48:00
16869,23,4,817.12,2011-11-17 12:02:00
14872,484,3,816.6,2010-08-13 12:34:00
13514,74,4,815.9000000000001,2011-09-27 09:39:00
15399,2,3,815.77,2011-12-08 13:04:00
14556,597,3,815.69,2010-04-22 14:57:00
13811,184,3,814.5,2011-06-09 09:54:00
12763,139,2,814.16,2011-07-24 14:12:00
16658,369,6,814.07,2010-12-06 13:47:00
14624,58,6,814.07,2011-10-13 13:44:00
16621,52,4,813.48,2011-10-19 11:38:00
17194,274,3,812.5,2011-03-11 12:05:00
16460,29,3,811.23,2011-11-11 13:46:00
16624,81,2,810.5699999999999,2011-09-20 12:39:00
13045,100,3,808.92,2011-09-01 15:04:00
15533,20,3,807.57,2011-11-20 15:35:00
17495,8,3,806.72,2011-12-02 12:08:00
12797,366,2,806.11,2010-12-09 10:55:00
12632,521,2,804.88,2010-07-07 09:39:00
13637,53,3,804.3,2011-10-18 13:32:00
18248,123,2,804.02,2011-08-09 10:19:00
16469,24,5,803.9,2011-11-16 12:25:00
15644,167,4,803.54,2011-06-26 14:54:00
18265,73,2,801.51,2011-09-28 14:10:00
16127,40,2,801.31,2011-10-31 13:58:00
17114,6,8,801.12,2011-12-04 12:17:00
17023,418,3,800.18,2010-10-18 15:37:00
13720,117,4,799.9,2011-08-15 12:46:00
13041,451,4,799.13,2010-09-15 11:44:00
17251,363,3,798.98,2010-12-12 11:06:00
16438,6,5,798.35,2011-12-04 10:51:00
13389,12,3,797.96,2011-11-28 14:01:00
15309,611,4,797.96,2010-04-08 11:11:00
17281,375,6,797.8499999999999,2010-11-30 18:05:00
15637,53,5,797.59,2011-10-18 08:28:00
16155,382,5,796.9,2010-11-23 12:03:00
15396,113,2,796.38,2011-08-19 10:56:00
16952,110,5,795.83,2011-08-22 13:03:00
18084,17,3,795.2299999999999,2011-11-23 13:57:00
13336,78,1,795.12,2011-09-23 14:05:00
15831,59,3,794.64,2011-10-12 13:14:00
16961,117,3,794.56,2011-08-15 13:46:00
17212,254,3,794.41,2011-03-31 19:42:00
16679,367,3,793.06,2010-12-08 13:51:00
13296,138,6,792.51,2011-07-25 13:46:00
14022,226,2,792.15,2011-04-28 14:39:00
16250,262,3,791.38,2011-03-23 15:07:00
14976,58,7,790.86,2011-10-13 16:37:00
13484,242,3,790.72,2011-04-12 16:30:00
13544,40,6,790.2,2011-10-31 11:57:00
14656,170,5,790.0,2011-06-23 13:51:00
13016,74,3,789.89,2011-09-27 14:08:00
16759,8,3,789.79,2011-12-02 12:42:00
16472,435,2,789.6,2010-10-01 13:56:00
15448,313,2,788.81,2011-01-31 10:42:00
17952,379,4,788.46,2010-11-26 13:54:00
14557,86,1,788.38,2011-09-15 15:48:00
17817,5,6,788.15,2011-12-05 14:39:00
14513,101,6,788.01,2011-08-31 11:25:00
13323,4,5,787.85,2011-12-06 17:12:00
16468,75,3,787.52,2011-09-26 14:13:00
13212,20,3,786.83,2011-11-20 12:40:00
14463,99,4,786.5699999999999,2011-09-02 15:20:00
12628,5,3,786.46,2011-12-05 13:15:00
16739,177,2,786.43,2011-06-16 09:17:00
13770,423,4,785.37,2010-10-13 15:10:00
13541,428,2,785.25,2010-10-08 16:37:00
15806,47,3,784.58,2011-10-24 14:35:00
13595,517,3,784.48,2010-07-11 12:36:00
13415,473,4,784.17,2010-08-24 11:38:00
15714,12,5,783.96,2011-11-28 11:26:00
12761,458,2,782.95,2010-09-08 12:17:00
16836,40,4,782.37,2011-10-31 10:05:00
15952,34,4,781.91,2011-11-06 11:18:00
17255,41,4,781.7,2011-10-30 12:18:00
13453,166,3,781.6899999999999,2011-06-27 09:34:00
13287,604,3,781.59,2010-04-15 15:26:00
15679,25,4,781.28,2011-11-15 16:19:00
15239,11,2,780.59,2011-11-29 14:14:00
13502,17,5,780.5,2011-11-23 10:39:00
15246,239,3,780.4,2011-04-15 14:45:00
17691,359,4,780.0500000000001,2010-12-16 17:20:00
18228,57,2,779.9,2011-10-14 09:21:00
12735,316,2,779.5699999999999,2011-01-28 13:37:00
12504,19,4,779.05,2011-11-21 16:02:00
13781,251,3,778.83,2011-04-03 12:08:00
14815,37,2,778.5,2011-11-03 11:36:00
16958,436,1,778.49,2010-09-30 14:25:00
14690,45,4,777.68,2011-10-26 15:39:00
16505,32,1,777.6,2011-11-08 12:14:00
13563,85,2,777.53,2011-09-16 14:45:00
13745,163,2,777.36,2011-06-30 16:43:00
15837,65,2,777.01,2011-10-06 09:01:00
15794,737,2,777.0,2009-12-03 13:04:00
15618,33,4,776.851,2011-11-07 08:34:00
14997,47,4,776.5999999999999,2011-10-24 13:28:00
15092,216,3,776.46,2011-05-08 14:10:00
15743,17,4,775.96,2011-11-23 17:19:00
13314,2,3,775.94,2011-12-08 12:29:00
13341,261,1,775.85,2011-03-24 09:50:00
17482,488,2,775.64,2010-08-09 15:33:00
15921,173,4,775.26,2011-06-20 11:03:00
15414,10,3,774.9000000000001,2011-11-30 09:50:00
15773,6,2,774.52,2011-12-04 12:48:00
18058,10,3,774.06,2011-11-30 08:38:00
18112,13,4,773.36,2011-11-27 14:43:00
16565,365,4,773.05,2010-12-10 15:21:00
15075,78,1,773.03,2011-09-23 12:27:00
17349,180,5,772.41,2011-06-13 14:29:00
12923,65,3,770.42,2011-10-06 16:20:00
17801,452,3,770.03,2010-09-14 14:32:00
14838,424,2,769.9200000000001,2010-10-12 15:46:00
12965,90,1,769.8100000000001,2011-09-11 15:31:00
16480,76,1,769.29,2011-09-25 11:40:00
16978,78,3,768.88,2011-09-23 12:50:00
13980,61,5,768.82,2011-10-10 13:34:00
13356,81,1,768.24,2011-09-20 14:33:00
15331,500,3,767.91,2010-07-28 09:42:00
13712,247,2,766.42,2011-04-07 12:33:00
12991,24,3,764.82,2011-11-16 15:34:00
14413,363,4,764.52,2010-12-12 13:37:00
13699,156,2,764.15,2011-07-07 16:51:00
16602,37,2,763.33,2011-11-03 15:54:00
17466,11,2,763.28,2011-11-29 13:15:00
15428,16,4,762.75,2011-11-24 16:54:00
16806,104,4,762.16,2011-08-28 15:27:00
13598,48,5,761.96,2011-10-23 14:28:00
14883,19,6,761.59,2011-11-21 10:23:00
17425,20,2,759.17,2011-11-20 15:30:00
18246,24,3,758.8199999999999,2011-11-16 11:49:00
16720,27,3,758.74,2011-11-13 16:22:00
15908,491,2,758.62,2010-08-06 11:56:00
15568,3,3,758.29,2011-12-07 11:27:00
15006,52,2,757.78,2011-10-19 15:08:00
16392,270,3,756.7,2011-03-15 12:11:00
16262,379,1,755.15,2010-11-26 13:22:00
16892,2,7,754.75,2011-12-08 13:18:00
18104,38,1,754.64,2011-11-02 14:07:00
18034,22,3,754.2,2011-11-18 12:22:00
14234,23,4,754.12,2011-11-17 17:53:00
14247,279,5,753.56,2011-03-06 15:21:00
17579,5,4,753.28,2011-12-05 12:28:00
14998,171,4,753.18,2011-06-22 17:30:00
13730,136,2,752.6,2011-07-27 08:35:00
13070,193,4,751.7,2011-05-31 13:45:00
14923,51,1,749.1,2011-10-20 11:51:00
16972,383,2,749.0,2010-11-22 10:59:00
14048,306,3,748.69,2011-02-07 14:53:00
15656,46,4,748.5,2011-10-25 14:56:00
17387,20,2,746.81,2011-11-20 11:00:00
14942,402,4,746.56,2010-11-03 10:51:00
17889,213,7,746.42,2011-05-11 16:26:00
14050,32,2,746.36,2011-11-08 10:00:00
16465,421,2,746.24,2010-10-15 09:27:00
18190,193,5,745.62,2011-05-31 14:48:00
14228,438,3,745.5,2010-09-28 09:45:00
13950,12,4,745.06,2011-11-28 14:44:00
13236,25,2,744.85,2011-11-15 12:50:00
12871,85,3,744.02,2011-09-16 15:07:00
14104,155,5,743.53,2011-07-08 12:50:00
13354,72,1,743.53,2011-09-29 13:17:00
17038,31,2,743.17,2011-11-09 13:50:00
16730,53,3,743.11,2011-10-18 14:11:00
15420,435,6,743.0,2010-10-01 15:46:00
14302,431,3,742.9000000000001,2010-10-05 08:10:00
12465,18,2,742.1899999999999,2011-11-22 16:34:00
18275,579,2,741.85,2010-05-10 15:46:00
13721,37,2,741.54,2011-11-03 14:05:00
13713,409,3,740.76,2010-10-27 16:18:00
15919,20,2,739.77,2011-11-20 11:28:00
15720,25,2,739.22,2011-11-15 14:48:00
12603,22,1,739.1999999999999,2011-11-18 10:42:00
15922,374,1,739.0,2010-12-01 13:51:00
15988,20,3,738.89,2011-11-20 13:23:00
15462,95,4,737.05,2011-09-06 13:11:00
16075,503,2,736.9300000000001,2010-07-25 11:31:00
17461,23,3,735.82,2011-11-17 10:21:00
15045,152,2,735.66,2011-07-11 11:33:00
12527,82,5,735.51,2011-09-19 11:55:00
17430,33,4,735.17,2011-11-07 09:24:00
13286,601,1,734.91,2010-04-18 15:35:00
15938,113,9,734.81,2011-08-19 12:56:00
12537,409,1,732.94,2010-10-27 08:36:00
17979,36,4,732.41,2011-11-04 12:05:00
13780,8,3,732.07,2011-12-02 13:49:00
13575,24,5,732.0699999999999,2011-11-16 13:14:00
17548,234,4,731.26,2011-04-20 12:01:00
17681,598,5,731.2,2010-04-21 17:22:00
14778,128,2,730.86,2011-08-04 15:23:00
13921,403,4,730.7,2010-11-02 16:32:00
13452,260,3,729.8,2011-03-25 14:19:00
12925,5,3,729.3299999999999,2011-12-05 11:11:00
15872,15,4,729.25,2011-11-25 11:55:00
18163,585,1,728.84,2010-05-04 14:51:00
17756,376,3,728.75,2010-11-29 12:20:00
12786,610,1,728.5,2010-04-09 12:12:00
17547,376,2,727.85,2010-11-29 09:41:00
17141,419,4,727.58,2010-10-17 14:54:00
17374,219,3,727.11,2011-05-05 09:05:00
16447,136,3,727.1,2011-07-27 12:45:00
18078,218,4,725.53,2011-05-06 14:32:00
12723,4,5,725.07,2011-12-06 10:19:00
17964,32,2,724.97,2011-11-08 10:44:00
18187,632,1,724.89,2010-03-18 09:49:00
13729,436,3,724.73,2010-09-30 10:44:00
14798,53,8,724.31,2011-10-18 10:58:00
17572,72,10,723.01,2011-09-29 17:53:00
15368,22,2,722.74,2011-11-18 14:42:00
13264,443,1,722.5600000000001,2010-09-23 12:42:00
17615,131,6,721.8,2011-08-01 14:06:00
13441,92,2,720.9,2011-09-09 09:38:00
16023,47,3,719.81,2011-10-24 16:34:00
17999,38,3,718.8,2011-11-02 15:56:00
13537,426,2,717.85,2010-10-10 12:45:00
13604,659,1,717.62,2010-02-19 12:02:00
16269,438,1,717.57,2010-09-28 11:50:00
12573,228,5,717.41,2011-04-26 15:52:00
16526,172,2,717.21,2011-06-21 12:02:00
15274,5,2,716.57,2011-12-05 16:57:00
12519,64,2,716.54,2011-10-07 09:26:00
12535,92,2,716.35,2011-09-09 08:48:00
12492,64,3,715.21,2011-10-07 15:15:00
15330,33,2,714.96,2011-11-07 17:50:00
13512,261,4,713.39,2011-03-24 10:03:00
14026,471,2,713.11,2010-08-26 10:31:00
13147,11,4,712.8000000000001,2011-11-29 13:59:00
17761,33,1,712.78,2011-11-07 10:23:00
14470,12,3,712.04,2011-11-28 10:31:00
15127,66,2,711.5,2011-10-05 10:30:00
13103,40,3,709.64,2011-10-31 09:38:00
13057,531,3,709.59,2010-06-27 15:44:00
13927,75,2,708.26,2011-09-26 12:00:00
12485,530,1,708.1,2010-06-28 15:22:00
14398,402,2,707.79,2010-11-03 13:46:00
16449,198,2,707.69,2011-05-26 10:25:00
12453,135,1,707.09,2011-07-28 14:08:00
13626,253,2,707.04,2011-04-01 10:05:00
16309,107,2,706.57,2011-08-25 15:35:00
17051,195,4,706.49,2011-05-29 14:13:00
12890,25,2,706.02,2011-11-15 17:26:00
16364,12,2,705.79,2011-11-28 11:27:00
16882,67,3,705.12,2011-10-04 10:42:00
16015,4,3,704.55,2011-12-06 10:58:00
12612,75,1,704.0400000000001,2011-09-26 15:35:00
16274,374,1,703.5,2010-12-01 15:35:00
12883,25,4,703.47,2011-11-15 09:32:00
15103,32,2,703.36,2011-11-08 14:53:00
17561,20,4,703.02,2011-11-20 12:53:00
14699,215,4,702.6,2011-05-09 14:54:00
16997,289,3,702.0,2011-02-24 17:28:00
17825,599,4,701.96,2010-04-20 12:01:00
14324,410,2,701.61,2010-10-26 11:44:00
14179,41,2,701.57,2011-10-30 12:07:00
14356,80,2,701.23,2011-09-21 09:18:00
13833,160,2,700.41,2011-07-03 13:27:00
17163,22,4,699.78,2011-11-18 08:57:00
13242,113,7,699.4,2011-08-19 12:53:00
16018,40,4,698.13,2011-10-31 14:13:00
14497,310,2,697.0600000000001,2011-02-03 17:01:00
16415,45,3,696.76,2011-10-26 13:35:00
15700,173,2,696.68,2011-06-20 16:53:00
14959,65,4,695.42,2011-10-06 18:23:00
13101,235,4,695.4,2011-04-19 14:37:00
15995,415,1,694.54,2010-10-21 13:57:00
15053,5,3,693.95,2011-12-05 12:08:00
14111,15,4,692.85,2011-11-25 13:44:00
17733,39,2,692.19,2011-11-01 08:16:00
12817,282,3,690.98,2011-03-03 16:28:00
14880,78,3,690.59,2011-09-23 13:42:00
16545,165,2,689.82,2011-06-28 10:37:00
17834,415,2,689.6700000000001,2010-10-21 12:09:00
17502,10,4,689.1,2011-11-30 13:13:00
15361,362,4,689.07,2010-12-13 09:52:00
12450,157,5,688.2,2011-07-06 14:41:00
18017,82,4,688.0,2011-09-19 16:15:00
15901,17,7,687.72,2011-11-23 12:43:00
14809,622,2,686.76,2010-03-28 15:44:00
13898,326,2,686.4,2011-01-18 10:28:00
16824,16,3,686.24,2011-11-24 12:38:00
17935,139,7,686.14,2011-07-24 13:18:00
12658,19,1,686.05,2011-11-21 10:22:00
15257,284,2,685.9,2011-03-01 12:58:00
15219,177,2,685.45,2011-06-16 16:57:00
15184,30,4,685.39,2011-11-10 13:41:00
16885,16,4,684.6,2011-11-24 13:40:00
13585,531,3,684.54,2010-06-27 12:33:00
15669,41,4,684.34,2011-10-30 16:03:00
15207,417,3,683.9200000000001,2010-10-19 13:29:00
17874,186,6,683.46,2011-06-07 12:54:00
14222,178,1,683.17,2011-06-15 16:42:00
15582,25,3,682.9100000000001,2011-11-15 09:55:00
13987,380,2,682.54,2010-11-25 10:20:00
12601,190,6,681.26,2011-06-03 10:17:00
12478,4,1,680.99,2011-12-06 09:56:00
18271,610,2,680.85,2010-04-09 09:26:00
18082,26,1,680.84,2011-11-14 12:45:00
13524,41,5,680.1800000000001,2011-10-30 12:34:00
13809,306,3,679.7,2011-02-07 13:15:00
13430,19,2,679.45,2011-11-21 08:19:00
14151,674,2,679.45,2010-02-04 15:35:00
17782,383,2,679.02,2010-11-22 11:15:00
16646,450,1,678.8,2010-09-16 13:28:00
14182,444,4,678.77,2010-09-22 11:45:00
13925,93,4,678.25,2011-09-08 12:47:00
13974,50,2,677.72,2011-10-21 14:41:00
16601,41,3,677.0,2011-10-30 11:09:00
13040,9,2,676.99,2011-12-01 10:38:00
17462,61,2,675.69,2011-10-10 13:56:00
13325,82,1,675.3,2011-09-19 10:36:00
13355,123,1,674.7,2011-08-09 14:48:00
13951,177,3,674.45,2011-06-16 16:43:00
14504,48,4,673.26,2011-10-23 16:00:00
16648,43,3,672.8,2011-10-28 08:58:00
16226,204,5,672.1700000000001,2011-05-20 14:41:00
17011,31,3,671.7,2011-11-09 13:30:00
15562,352,3,671.4300000000001,2010-12-23 09:55:00
17709,170,5,671.01,2011-06-23 11:55:00
13398,193,2,670.34,2011-05-31 13:17:00
17418,43,3,670.0600000000001,2011-10-28 13:00:00
13741,72,3,668.4300000000001,2011-09-29 09:19:00
16268,72,2,667.65,2011-09-29 18:30:00
17962,143,4,666.96,2011-07-20 14:16:00
18123,25,3,666.64,2011-11-15 14:23:00
13217,123,4,666.48,2011-08-09 15:32:00
17105,160,2,665.78,2011-07-03 15:53:00
16132,545,2,664.1999999999999,2010-06-13 13:49:00
16704,619,2,664.16,2010-03-31 14:02:00
13596,6,2,664.11,2011-12-04 12:01:00
15643,192,3,664.0,2011-06-01 07:38:00
14720,6,3,663.81,2011-12-04 12:02:00
16573,85,2,663.61,2011-09-16 09:13:00
15350,374,2,663.25,2010-12-01 13:33:00
12837,174,2,662.66,2011-06-19 16:07:00
13864,387,1,662.4000000000001,2010-11-18 12:50:00
16862,548,4,662.33,2010-06-10 13:05:00
14425,435,3,661.39,2010-10-01 10:24:00
13028,23,2,661.3199999999999,2011-11-17 11:10:00
12386,338,2,660.8,2011-01-06 12:37:00
17375,200,4,660.55,2011-05-24 15:45:00
14603,275,1,660.0,2011-03-10 10:27:00
15405,190,2,659.84,2011-06-03 14:44:00
15492,29,2,659.4599999999999,2011-11-11 14:53:00
13759,34,2,659.4100000000001,2011-11-06 14:47:00
14452,11,4,658.95,2011-11-29 12:06:00
13622,697,1,658.95,2010-01-12 13:22:00
14150,36,2,658.64,2011-11-04 10:05:00
13433,502,4,658.3199999999999,2010-07-26 16:55:00
16887,36,3,658.17,2011-11-04 14:07:00
15880,370,1,658.0600000000001,2010-12-05 13:00:00
15715,556,5,658.02,2010-06-02 09:56:00
16696,136,4,657.9000000000001,2011-07-27 14:23:00
17852,12,5,657.8100000000001,2011-11-28 12:36:00
17459,44,2,657.3,2011-10-27 13:25:00
16157,16,3,656.69,2011-11-24 11:41:00
16708,46,1,656.63,2011-10-25 12:20:00
14558,655,3,655.5,2010-02-23 12:51:00
17371,18,6,655.37,2011-11-22 13:30:00
16117,190,3,654.4,2011-06-03 11:42:00
17398,115,3,653.38,2011-08-17 09:48:00
13496,11,2,653.33,2011-11-29 10:58:00
18121,150,2,653.3,2011-07-13 12:53:00
15205,86,2,653.24,2011-09-15 19:36:00
13820,419,3,652.75,2010-10-17 13:46:00
17523,12,4,652.74,2011-11-28 13:20:00
13840,417,1,651.4,2010-10-19 13:34:00
12855,373,4,650.9399999999999,2010-12-02 09:37:00
16056,46,1,650.75,2011-10-25 15:19:00
16969,40,3,650.41,2011-10-31 13:12:00
17779,22,3,650.32,2011-11-18 14:15:00
14034,23,3,648.89,2011-11-17 14:02:00
12844,30,4,648.6,2011-11-10 13:31:00
16495,4,3,648.26,2011-12-06 13:20:00
17777,25,3,647.56,2011-11-15 12:02:00
16734,53,3,646.76,2011-10-18 13:44:00
13474,237,3,646.59,2011-04-17 13:53:00
14024,122,3,645.74,2011-08-10 11:30:00
17380,435,3,645.0,2010-10-01 16:42:00
12719,6,2,644.95,2011-12-04 13:45:00
16185,17,3,644.72,2011-11-23 09:41:00
17312,139,3,644.3,2011-07-24 11:52:00
17976,373,1,643.58,2010-12-02 13:49:00
17963,472,4,643.16,2010-08-25 15:58:00
13237,388,1,643.0,2010-11-17 10:07:00
15297,11,3,641.94,2011-11-29 16:32:00
14537,58,2,641.4,2011-10-13 10:54:00
12365,292,2,641.38,2011-02-21 14:04:00
12624,107,2,641.13,2011-08-25 15:04:00
13318,2,3,640.76,2011-12-08 18:51:00
14563,510,2,640.54,2010-07-18 12:01:00
12538,30,2,640.45,2011-11-10 17:16:00
12880,382,2,640.13,2010-11-23 10:50:00
15183,548,3,639.93,2010-06-10 10:43:00
12734,353,3,639.65,2010-12-22 12:47:00
15648,205,2,639.5,2011-05-19 15:53:00
17998,381,3,639.24,2010-11-24 15:31:00
16428,414,3,638.49,2010-10-22 12:22:00
12699,418,1,638.11,2010-10-18 12:07:00
14664,20,2,636.24,2011-11-20 10:59:00
15829,100,2,636.14,2011-09-01 16:45:00
16534,643,1,635.9,2010-03-07 15:47:00
17334,303,3,635.15,2011-02-10 14:59:00
14365,395,2,634.68,2010-11-10 09:52:00
14219,5,3,633.83,2011-12-05 16:23:00
15666,473,2,632.9399999999999,2010-08-24 16:14:00
13540,468,3,632.39,2010-08-29 14:20:00
14237,374,2,632.14,2010-12-01 13:20:00
18183,228,2,632.07,2011-04-26 15:26:00
13822,6,2,632.0,2011-12-04 12:13:00
17985,23,1,631.35,2011-11-17 14:24:00
13706,303,2,631.17,2011-02-10 09:21:00
16193,237,2,630.43,2011-04-17 11:45:00
16399,20,3,630.22,2011-11-20 16:12:00
13525,15,2,628.78,2011-11-25 12:01:00
14283,464,4,628.4399999999999,2010-09-02 14:46:00
16158,523,9,628.32,2010-07-05 13:55:00
13480,417,2,627.82,2010-10-19 11:53:00
13518,86,1,627.16,2011-09-15 10:29:00
14036,285,1,626.65,2011-02-28 09:26:00
13914,12,2,626.45,2011-11-28 10:35:00
14381,53,2,625.9399999999999,2011-10-18 17:10:00
14793,22,2,625.9,2011-11-18 14:50:00
16715,79,2,625.52,2011-09-22 18:15:00
16330,18,7,625.38,2011-11-22 12:24:00
17134,107,3,625.3,2011-08-25 09:53:00
13776,429,2,623.98,2010-10-07 16:11:00
16750,45,5,623.93,2011-10-26 12:48:00
15147,241,1,623.5,2011-04-13 15:57:00
16792,283,5,623.46,2011-03-02 14:41:00
16431,214,3,623.28,2011-05-10 14:09:00
15258,169,2,623.16,2011-06-24 12:30:00
12575,458,2,622.8199999999999,2010-09-08 13:09:00
14115,502,2,622.6700000000001,2010-07-26 12:36:00
17005,471,2,622.36,2010-08-26 10:57:00
18101,12,5,622.01,2011-11-28 13:37:00
14169,431,2,621.51,2010-10-05 08:45:00
16368,3,3,621.44,2011-12-07 13:12:00
15016,173,5,620.89,2011-06-20 12:06:00
13836,400,2,620.37,2010-11-05 13:31:00
14339,243,2,620.27,2011-04-11 11:06:00
12667,59,1,620.13,2011-10-12 17:00:00
15276,67,4,619.8,2011-10-04 16:39:00
13444,375,2,619.08,2010-11-30 13:02:00
13020,563,2,618.96,2010-05-26 11:12:00
14079,125,2,618.73,2011-08-07 12:10:00
13493,276,2,618.63,2011-03-09 15:35:00
16613,71,1,618.59,2011-09-30 15:52:00
14594,8,2,618.33,2011-12-02 13:28:00
12596,52,2,618.27,2011-10-19 13:02:00
13301,104,4,618.09,2011-08-28 11:25:00
14455,433,4,617.72,2010-10-03 15:48:00
15956,552,2,617.6,2010-06-06 13:06:00
14377,192,2,617.05,2011-06-01 13:32:00
13369,366,1,616.5600000000001,2010-12-09 11:30:00
16311,18,2,616.26,2011-11-22 08:54:00
17639,277,6,615.17,2011-03-08 15:22:00
15275,38,1,615.14,2011-11-02 11:20:00
14077,41,6,615.0799999999999,2011-10-30 12:35:00
16847,44,2,614.89,2011-10-27 13:29:00
16566,16,5,614.66,2011-11-24 16:34:00
16844,563,2,614.34,2010-05-26 10:29:00
16343,17,3,614.12,2011-11-23 17:45:00
14570,281,3,613.75,2011-03-04 10:58:00
17035,246,4,613.59,2011-04-08 11:23:00
15362,449,2,613.08,2010-09-17 10:37:00
16116,212,1,612.78,2011-05-12 12:01:00
16178,139,2,612.6,2011-07-24 16:05:00
16589,72,4,612.36,2011-09-29 14:50:00
12513,113,1,612.29,2011-08-19 10:51:00
13008,324,3,612.13,2011-01-20 14:24:00
15232,114,2,612.06,2011-08-18 16:27:00
16922,573,1,611.08,2010-05-16 11:24:00
13731,220,2,610.59,2011-05-04 14:33:00
13832,20,2,609.89,2011-11-20 15:36:00
14636,37,2,609.85,2011-11-03 16:12:00
15748,41,3,609.8100000000001,2011-10-30 12:51:00
17325,281,3,609.5699999999999,2011-03-04 13:09:00
17707,186,8,609.3000000000001,2011-06-07 15:03:00
16675,442,2,608.86,2010-09-24 12:15:00
13933,110,2,608.7900000000001,2011-08-22 14:03:00
15018,39,3,607.46,2011-11-01 12:47:00
17473,409,2,607.0,2010-10-27 11:45:00
15717,235,5,607.0,2011-04-19 13:21:00
17119,4,2,606.91,2011-12-06 14:40:00
15158,46,2,606.02,2011-10-25 13:53:00
16590,401,2,605.9,2010-11-04 09:06:00
17507,262,2,605.58,2011-03-23 11:48:00
14323,115,2,605.0600000000001,2011-08-17 11:37:00
16321,73,7,604.5500000000001,2011-09-28 14:55:00
12944,36,2,604.51,2011-11-04 11:04:00
14611,444,2,604.3299999999999,2010-09-22 09:19:00
13106,134,2,603.46,2011-07-29 15:12:00
12707,292,1,603.42,2011-02-21 08:38:00
18264,499,1,603.25,2010-07-29 10:02:00
16022,261,1,602.63,2011-03-24 13:16:00
16080,82,4,602.5600000000001,2011-09-19 10:42:00
12654,11,5,601.98,2011-11-29 10:10:00
17270,470,2,601.4499999999999,2010-08-27 14:09:00
14254,433,1,601.03,2010-10-03 11:52:00
12420,64,1,600.39,2011-10-07 08:55:00
17745,478,2,600.34,2010-08-19 12:30:00
18211,26,5,600.07,2011-11-14 08:10:00
17678,264,2,599.76,2011-03-21 11:52:00
12521,143,1,599.68,2011-07-20 10:51:00
12556,51,2,599.56,2011-10-20 13:06:00
13311,5,2,598.57,2011-12-05 12:55:00
15424,255,3,597.78,2011-03-30 13:02:00
14569,2,4,597.3299999999999,2011-12-08 14:58:00
15631,643,1,596.67,2010-03-07 14:52:00
16780,101,3,596.4,2011-08-31 16:09:00
15346,333,3,596.12,2011-01-11 11:18:00
14965,97,2,596.09,2011-09-04 13:20:00
17845,556,4,596.09,2010-06-02 15:20:00
17209,650,3,595.7,2010-02-28 16:01:00
17658,26,2,595.42,2011-11-14 12:07:00
13684,286,4,594.88,2011-02-27 10:13:00
14771,622,2,594.62,2010-03-28 12:52:00
13558,6,4,594.52,2011-12-04 11:24:00
15442,249,1,594.0,2011-04-05 12:24:00
15929,645,1,594.0,2010-03-05 14:56:00
14746,407,4,593.5,2010-10-29 14:44:00
16412,54,5,593.19,2011-10-17 12:35:00
18232,82,4,592.97,2011-09-19 11:49:00
16776,61,2,592.51,2011-10-10 13:04:00
13472,464,2,592.24,2010-09-02 09:41:00
17815,394,1,591.96,2010-11-11 14:39:00
17156,492,1,591.87,2010-08-05 11:30:00
12790,193,2,591.85,2011-05-31 14:14:00
17483,66,4,591.73,2011-10-05 13:10:00
15524,25,2,591.4,2011-11-15 12:09:00
17098,382,3,591.0699999999999,2010-11-23 12:13:00
15160,358,4,589.27,2010-12-17 14:15:00
15624,117,4,588.13,2011-08-15 11:38:00
15191,464,3,588.05,2010-09-02 15:37:00
17890,323,2,586.89,2011-01-21 11:19:00
14173,11,6,586.0,2011-11-29 11:54:00
17392,307,3,585.92,2011-02-06 12:48:00
12384,29,2,585.27,2011-11-11 08:39:00
12800,471,3,584.25,2010-08-26 14:11:00
14023,8,2,584.07,2011-12-02 13:58:00
15762,66,2,583.75,2011-10-05 16:15:00
17014,9,3,583.4300000000001,2011-12-01 14:09:00
16001,382,1,583.39,2010-11-23 17:10:00
14670,281,3,583.33,2011-03-04 14:13:00
16445,34,4,583.16,2011-11-06 12:32:00
15918,191,3,582.88,2011-06-02 11:42:00
16100,463,1,582.64,2010-09-03 11:39:00
16802,680,2,582.61,2010-01-29 13:44:00
17099,534,1,582.17,2010-06-24 16:25:00
14742,436,1,579.85,2010-09-30 14:07:00
16596,16,4,579.63,2011-11-24 10:02:00
15588,678,1,579.6,2010-01-31 12:19:00
14529,61,3,578.61,2011-10-10 15:27:00
18262,141,3,577.54,2011-07-22 16:04:00
15830,38,1,576.0,2011-11-02 10:40:00
17557,15,4,575.46,2011-11-25 12:57:00
17773,515,2,575.37,2010-07-13 14:07:00
12859,459,1,575.1,2010-09-07 12:20:00
13262,264,3,573.45,2011-03-21 15:06:00
12879,45,3,573.22,2011-10-26 12:24:00
17274,36,2,573.22,2011-11-04 13:16:00
13424,450,1,572.77,2010-09-16 10:49:00
13379,27,3,572.56,2011-11-13 13:45:00
13179,619,1,572.3100000000001,2010-03-31 11:40:00
14053,125,4,572.3,2011-08-07 14:27:00
12816,96,2,572.2,2011-09-05 12:41:00
13816,24,2,571.6700000000001,2011-11-16 08:38:00
15198,93,5,571.35,2011-09-08 14:42:00
15691,253,4,571.3,2011-04-01 15:13:00
18053,71,3,571.07,2011-09-30 09:05:00
15821,45,2,570.96,2011-10-26 15:48:00
13190,545,3,570.66,2010-06-13 15:47:00
17122,120,4,570.5,2011-08-12 14:33:00
15315,65,2,570.5,2011-10-06 12:51:00
15857,19,2,570.48,2011-11-21 12:18:00
14170,376,3,570.18,2010-11-29 13:10:00
17433,89,2,569.96,2011-09-12 14:24:00
15169,383,2,569.22,2010-11-22 13:04:00
15920,155,9,569.14,2011-07-08 15:31:00
13406,428,2,568.92,2010-10-08 14:44:00
18244,431,2,568.64,2010-10-05 11:15:00
13321,73,2,567.36,2011-09-28 15:24:00
16667,69,2,567.1800000000001,2011-10-02 15:26:00
14208,95,2,567.05,2011-09-06 12:48:00
15627,458,2,566.9,2010-09-08 14:14:00
13998,447,3,566.7,2010-09-19 10:20:00
18150,33,3,566.58,2011-11-07 16:49:00
13894,24,3,564.62,2011-11-16 09:44:00
15344,1,3,563.94,2011-12-09 10:45:00
15143,226,2,563.63,2011-04-28 12:03:00
15597,36,2,563.37,2011-11-04 13:26:00
17665,494,1,563.1,2010-08-03 13:12:00
14986,377,2,563.1,2010-11-28 15:25:00
17195,656,1,562.98,2010-02-22 13:05:00
17970,212,1,562.79,2011-05-12 20:03:00
12559,311,2,561.71,2011-02-02 09:49:00
17233,36,3,560.86,2011-11-04 14:06:00
15655,244,1,560.67,2011-04-10 15:25:00
17413,405,2,560.14,2010-10-31 12:33:00
14273,52,4,559.97,2011-10-19 13:20:00
15415,314,1,559.61,2011-01-30 14:13:00
17503,3,2,558.96,2011-12-07 09:18:00
14592,36,3,557.94,2011-11-04 16:35:00
13260,62,1,557.62,2011-10-09 13:21:00
18127,20,4,556.13,2011-11-20 14:05:00
13024,471,2,555.87,2010-08-26 09:42:00
15102,531,2,554.67,2010-06-27 12:16:00
15634,18,2,554.65,2011-11-22 16:28:00
18056,289,2,554.6,2011-02-24 14:27:00
16641,106,2,554.5,2011-08-26 12:49:00
15650,522,2,553.88,2010-07-06 10:41:00
17407,412,1,552.9,2010-10-24 11:57:00
17016,577,1,552.4,2010-05-12 12:32:00
12363,110,2,552.0,2011-08-22 10:18:00
13677,405,2,551.24,2010-10-31 11:32:00
16414,22,5,551.21,2011-11-18 09:42:00
17291,309,1,550.8000000000001,2011-02-04 13:04:00
17265,139,2,550.01,2011-07-24 10:49:00
12390,80,1,549.84,2011-09-21 09:33:00
16111,429,1,549.33,2010-10-07 19:51:00
15055,475,3,549.12,2010-08-22 11:06:00
15200,495,1,549.05,2010-08-02 09:38:00
15842,394,2,548.8,2010-11-11 14:08:00
13948,361,4,548.76,2010-12-14 10:18:00
16936,26,2,548.29,2011-11-14 11:04:00
18039,375,4,548.22,2010-11-30 13:07:00
16536,111,1,548.12,2011-08-21 15:54:00
15598,54,2,548.02,2011-10-17 16:04:00
16031,93,2,547.9,2011-09-08 13:07:00
16811,5,2,547.07,2011-12-05 11:39:00
17637,32,2,547.0600000000001,2011-11-08 12:51:00
17295,29,3,547.0,2011-11-11 10:49:00
17520,54,1,546.81,2011-10-17 12:04:00
15080,428,2,546.25,2010-10-08 11:52:00
17806,12,1,546.04,2011-11-28 14:12:00
15728,380,2,544.6,2010-11-25 10:39:00
18207,500,1,544.47,2010-07-28 14:26:00
16475,89,4,544.3,2011-09-12 14:37:00
13390,75,1,544.08,2011-09-26 08:38:00
13955,155,3,544.0699999999999,2011-07-08 17:19:00
14716,44,3,543.28,2011-10-27 17:29:00
16927,116,3,543.05,2011-08-16 11:10:00
15959,683,3,542.89,2010-01-26 16:38:00
16519,26,4,542.76,2011-11-14 15:41:00
13785,429,4,542.49,2010-10-07 09:25:00
15675,82,4,542.04,2011-09-19 13:48:00
16230,190,2,542.03,2011-06-03 10:06:00
16060,401,3,541.95,2010-11-04 12:10:00
16647,170,4,541.9,2011-06-23 11:47:00
17447,41,2,541.53,2011-10-30 14:18:00
17643,374,2,541.25,2010-12-01 14:38:00
17580,253,5,541.02,2011-04-01 12:41:00
16576,421,2,540.87,2010-10-15 13:37:00
12819,459,1,540.52,2010-09-07 15:20:00
12743,135,2,540.13,2011-07-28 16:21:00
17524,362,3,539.14,2010-12-13 14:32:00
13812,43,3,539.0,2011-10-28 14:27:00
15539,8,1,538.46,2011-12-02 13:36:00
13961,393,1,538.4,2010-11-12 14:40:00
14539,16,2,537.48,2011-11-24 09:50:00
16804,24,3,536.99,2011-11-16 16:43:00
18140,474,1,536.41,2010-08-23 11:58:00
13207,16,4,535.86,2011-11-24 14:52:00
15890,395,5,535.65,2010-11-10 12:46:00
16142,250,1,535.34,2011-04-04 10:16:00
12810,535,2,534.99,2010-06-23 10:53:00
13807,368,3,534.8,2010-12-07 15:48:00
13385,330,1,534.57,2011-01-14 09:52:00
17443,220,1,534.24,2011-05-04 10:47:00
17436,2,5,534.06,2011-12-08 12:30:00
16785,410,1,533.78,2010-10-26 10:36:00
16707,401,4,533.41,2010-11-04 14:39:00
13594,53,2,533.32,2011-10-18 10:19:00
15433,214,2,533.3,2011-05-10 10:45:00
15825,173,1,532.94,2011-06-20 13:27:00
15659,44,3,532.49,2011-10-27 09:23:00
15115,19,2,531.85,2011-11-21 14:59:00
14940,418,2,531.49,2010-10-18 10:47:00
16583,374,2,531.4,2010-12-01 12:03:00
16706,38,3,531.35,2011-11-02 13:50:00
16935,382,3,530.86,2010-11-23 09:16:00
15917,248,5,530.17,2011-04-06 10:40:00
18159,302,1,530.15,2011-02-11 14:26:00
14002,135,2,529.73,2011-07-28 15:55:00
17458,16,2,529.58,2011-11-24 13:01:00
18191,262,2,529.4,2011-03-23 12:08:00
16406,19,3,528.36,2011-11-21 11:57:00
15756,62,4,528.01,2011-10-09 13:30:00
18098,397,1,527.94,2010-11-08 16:31:00
14616,243,5,527.78,2011-04-11 09:54:00
12479,12,1,527.2,2011-11-28 13:26:00
16421,377,3,526.27,2010-11-28 13:31:00
15467,10,3,524.88,2011-11-30 14:17:00
14417,388,1,524.65,2010-11-17 10:55:00
15683,118,2,524.54,2011-08-14 12:56:00
17765,159,4,524.0,2011-07-04 12:41:00
13277,16,7,523.3,2011-11-24 09:21:00
17712,45,1,522.91,2011-10-26 12:28:00
13605,388,2,522.67,2010-11-17 17:16:00
16413,57,2,522.03,2011-10-14 12:08:00
17514,129,2,522.0,2011-08-03 15:45:00
12956,307,4,521.89,2011-02-06 16:08:00
15689,120,3,521.03,2011-08-12 09:37:00
13977,412,1,519.8100000000001,2010-10-24 14:08:00
12571,40,2,519.61,2011-10-31 10:19:00
12777,458,1,519.45,2010-09-08 11:35:00
12825,522,2,518.63,2010-07-06 13:56:00
13600,313,2,518.42,2011-01-31 15:27:00
12979,730,1,517.7,2009-12-10 15:45:00
18205,37,2,517.36,2011-11-03 13:22:00
14311,243,2,516.45,2011-04-11 10:14:00
13043,274,1,516.42,2011-03-11 14:52:00
14429,404,1,516.28,2010-11-01 10:08:00
13859,327,2,515.86,2011-01-17 16:14:00
18243,415,1,515.78,2010-10-21 14:29:00
14949,470,4,515.0,2010-08-27 15:38:00
17510,25,2,514.56,2011-11-15 10:00:00
18212,327,2,514.37,2011-01-17 16:14:00
12897,205,4,514.25,2011-05-19 12:13:00
12977,157,4,513.88,2011-07-06 16:40:00
18011,374,2,513.58,2010-12-01 17:35:00
16829,157,2,513.32,2011-07-06 10:48:00
13177,65,2,512.2,2011-10-06 09:56:00
15891,227,1,511.68,2011-04-27 12:35:00
12361,288,4,511.25,2011-02-25 13:51:00
16561,6,2,511.12,2011-12-04 11:50:00
13367,432,1,510.20000000000005,2010-10-04 10:00:00
13710,32,3,509.52,2011-11-08 08:16:00
14008,433,1,509.04,2010-10-03 13:09:00
12436,100,1,509.01,2011-09-01 12:09:00
12907,396,2,508.91,2010-11-09 12:08:00
15417,86,1,508.8,2011-09-15 15:26:00
17391,164,2,508.8,2011-06-29 09:58:00
14317,65,1,508.58000000000004,2011-10-06 10:44:00
13067,83,3,508.51,2011-09-18 13:38:00
14552,152,3,507.93,2011-07-11 12:49:00
17415,80,1,507.84,2011-09-21 12:50:00
14158,41,1,507.66,2011-10-30 15:08:00
17384,20,3,507.55,2011-11-20 15:48:00
13885,190,2,506.8,2011-06-03 15:07:00
13123,473,2,506.75,2010-08-24 10:18:00
14647,202,2,506.04,2011-05-22 13:40:00
12988,293,1,505.82,2011-02-20 14:31:00
14807,391,2,504.14,2010-11-14 12:47:00
17630,170,2,503.59999999999997,2011-06-23 11:58:00
12376,390,2,503.15,2010-11-15 12:15:00
12419,386,2,503.01,2010-11-19 10:04:00
15138,394,1,502.52,2010-11-11 09:16:00
17276,403,1,502.49,2010-11-02 16:20:00
17266,3,5,501.71999999999997,2011-12-07 14:12:00
13865,59,4,501.56,2011-10-12 13:31:00
15881,313,5,501.39000000000004,2011-01-31 16:59:00
14968,31,2,501.24,2011-11-09 13:58:00
13116,139,1,501.14,2011-07-24 14:33:00
13247,18,4,501.12,2011-11-22 10:59:00
18049,438,2,500.92,2010-09-28 14:26:00
17248,121,2,500.54,2011-08-11 13:34:00
16616,16,2,500.42,2011-11-24 16:31:00
12366,634,1,500.24,2010-03-16 10:28:00
17110,166,3,499.9,2011-06-27 12:58:00
13553,675,1,499.6,2010-02-03 12:21:00
15193,61,1,499.32,2011-10-10 08:23:00
16402,265,2,499.1,2011-03-20 12:25:00
17256,108,5,498.93,2011-08-24 13:30:00
16488,34,3,498.8,2011-11-06 13:42:00
14171,99,2,498.79,2011-09-02 16:43:00
17053,131,1,498.48,2011-08-01 10:23:00
16820,96,1,497.61,2011-09-05 12:06:00
17680,24,3,497.45,2011-11-16 12:42:00
17335,384,2,497.04,2010-11-21 10:17:00
17923,283,3,497.0,2011-03-02 15:15:00
12943,559,2,496.5,2010-05-30 13:52:00
15300,65,1,496.44,2011-10-06 17:08:00
15278,562,4,496.15999999999997,2010-05-27 10:03:00
12904,19,2,496.06,2011-11-21 14:34:00
16977,396,4,496.0,2010-11-09 13:17:00
17995,282,3,495.48,2011-03-03 12:30:00
14319,425,1,494.85,2010-10-11 13:38:00
16352,18,2,494.44,2011-11-22 10:32:00
17333,86,1,494.25,2011-09-15 10:11:00
15447,331,5,492.88,2011-01-13 11:26:00
14270,332,1,492.65000000000003,2011-01-12 09:33:00
18203,158,4,492.52,2011-07-05 13:07:00
14310,433,1,492.1,2010-10-03 12:34:00
13732,29,1,491.86,2011-11-11 15:49:00
17269,386,1,491.81,2010-11-19 11:12:00
14663,431,2,490.6,2010-10-05 13:21:00
15000,48,1,490.52,2011-10-23 11:42:00
15877,2,2,490.33,2011-12-08 11:53:00
14416,23,2,490.22,2011-11-17 15:22:00
12983,599,1,490.08000000000004,2010-04-20 12:58:00
12634,536,2,490.0,2010-06-22 10:05:00
17476,396,2,489.86,2010-11-09 10:21:00
17715,201,2,489.59999999999997,2011-05-23 12:32:00
17988,12,14,489.54,2011-11-28 11:00:00
14722,148,3,489.52,2011-07-15 14:58:00
17925,373,1,488.16,2010-12-02 10:10:00
18280,278,2,488.15000000000003,2011-03-07 09:52:00
17608,34,4,488.06,2011-11-06 13:06:00
13412,621,1,487.34999999999997,2010-03-29 16:28:00
13733,411,2,487.03000000000003,2010-10-25 12:18:00
16021,396,2,487.03,2010-11-09 14:48:00
13675,152,2,486.82000000000005,2011-07-11 12:57:00
17453,18,2,486.71999999999997,2011-11-22 09:42:00
12920,18,4,486.64,2011-11-22 15:05:00
13153,6,1,486.22,2011-12-04 12:14:00
15216,88,2,486.09,2011-09-13 11:41:00
12443,733,1,485.31,2009-12-07 15:42:00
16999,24,2,484.82,2011-11-16 13:53:00
16024,13,3,483.99,2011-11-27 13:26:00
16603,75,2,482.47,2011-09-26 10:06:00
17996,380,3,482.33,2010-11-25 11:00:00
12542,485,2,481.88,2010-08-12 19:12:00
18216,32,1,481.75,2011-11-08 16:55:00
17106,390,1,481.58,2010-11-15 14:11:00
13176,47,1,481.49,2011-10-24 15:43:00
15174,323,2,481.46,2011-01-21 09:06:00
15048,66,4,479.7,2011-10-05 14:55:00
13428,11,3,478.54,2011-11-29 14:20:00
15589,256,3,478.53000000000003,2011-03-29 09:54:00
12447,244,1,476.49,2011-04-10 13:25:00
18176,359,1,476.35,2010-12-16 15:45:00
15277,47,2,476.34,2011-10-24 10:08:00
15507,172,1,475.86,2011-06-21 11:19:00
15780,184,3,475.28000000000003,2011-06-09 12:01:00
16552,243,2,475.02000000000004,2011-04-11 10:04:00
14322,430,4,474.1,2010-10-06 15:17:00
17104,424,1,474.03,2010-10-12 12:21:00
16635,407,1,473.0,2010-10-29 09:41:00
13194,136,2,472.78,2011-07-27 09:01:00
14975,58,2,472.39,2011-10-13 14:08:00
13642,216,4,472.2,2011-05-08 12:34:00
13161,314,2,472.13,2011-01-30 14:03:00
16038,8,3,471.78000000000003,2011-12-02 12:40:00
15721,12,1,471.40000000000003,2011-11-28 12:14:00
16473,165,4,470.83,2011-06-28 09:10:00
13066,25,2,470.8,2011-11-15 12:57:00
15963,20,2,470.76,2011-11-20 11:33:00
17254,5,3,469.48,2011-12-05 12:46:00
14058,463,2,469.19,2010-09-03 09:31:00
14369,643,2,469.13,2010-03-07 15:47:00
15557,29,1,468.91,2011-11-11 12:46:00
15387,493,1,468.65,2010-08-04 16:05:00
12554,449,1,468.5,2010-09-17 12:29:00
13171,22,3,468.41,2011-11-18 10:27:00
14491,176,2,468.13,2011-06-17 15:22:00
17294,670,2,467.78999999999996,2010-02-08 16:12:00
17187,227,2,467.71,2011-04-27 12:39:00
14029,64,2,467.66,2011-10-07 14:46:00
16390,537,3,467.5,2010-06-21 10:11:00
12958,401,2,467.34,2010-11-04 16:16:00
14052,20,2,466.66,2011-11-20 12:30:00
14148,234,2,466.29,2011-04-20 12:02:00
16504,26,1,465.88,2011-11-14 15:18:00
13248,125,2,465.68,2011-08-07 12:40:00
17181,58,3,465.37,2011-10-13 14:48:00
13928,11,4,464.57,2011-11-29 10:33:00
15349,159,2,463.90999999999997,2011-07-04 16:06:00
14727,275,3,463.72999999999996,2011-03-10 14:45:00
18083,398,1,463.53,2010-11-07 11:44:00
17040,138,2,463.25,2011-07-25 10:19:00
14627,380,1,462.75,2010-11-25 16:32:00
14331,125,2,462.65999999999997,2011-08-07 13:17:00
14954,13,2,462.12,2011-11-27 14:30:00
15958,75,4,462.12,2011-09-26 13:41:00
13624,389,1,462.08,2010-11-16 13:43:00
18284,432,1,461.68,2010-10-04 11:33:00
15540,12,2,460.68,2011-11-28 13:51:00
12491,39,1,460.40000000000003,2011-11-01 12:18:00
16310,415,2,460.08,2010-10-21 14:47:00
17111,48,2,459.58,2011-10-23 15:59:00
14118,429,1,458.45,2010-10-07 11:59:00
13957,418,3,458.25,2010-10-18 10:02:00
14599,391,2,457.89,2010-11-14 14:49:00
14011,481,2,457.82,2010-08-16 15:31:00
15121,51,2,457.72,2011-10-20 14:51:00
16069,418,1,457.7,2010-10-18 10:32:00
12375,11,2,457.5,2011-11-29 10:36:00
17344,47,2,457.36,2011-10-24 12:56:00
12564,262,1,456.9,2011-03-23 14:55:00
14819,65,4,456.41,2011-10-06 13:41:00
14296,422,2,456.40000000000003,2010-10-14 14:14:00
16039,424,2,456.4,2010-10-12 10:44:00
12999,197,3,455.88,2011-05-27 13:24:00
15585,177,1,455.3,2011-06-16 08:38:00
14335,17,2,454.86,2011-11-23 13:41:00
16765,295,2,454.75,2011-02-18 15:41:00
17067,725,3,454.54,2009-12-15 08:39:00
12459,606,1,454.36,2010-04-13 14:53:00
17140,248,1,454.12,2011-04-06 13:33:00
15475,78,1,454.10999999999996,2011-09-23 15:20:00
17564,25,3,454.01,2011-11-15 13:27:00
17376,71,4,453.64,2011-09-30 12:36:00
18158,10,2,453.4,2011-11-30 16:19:00
16481,683,1,453.38,2010-01-26 13:09:00
12729,114,1,453.01,2011-08-18 11:40:00
14184,67,1,452.89,2011-10-04 12:43:00
16799,433,2,452.78000000000003,2010-10-03 14:28:00
13698,597,2,451.73,2010-04-22 11:52:00
18100,551,1,451.56,2010-06-07 14:19:00
15802,143,1,451.42,2011-07-20 11:38:00
18031,379,1,451.3,2010-11-26 11:00:00
15961,380,1,451.28999999999996,2010-11-25 15:59:00
12831,263,3,451.11,2011-03-22 13:02:00
15124,23,4,450.82,2011-11-17 10:09:00
16870,470,1,450.15999999999997,2010-08-27 13:53:00
13150,485,3,449.96999999999997,2010-08-12 12:59:00
14784,27,3,449.93,2011-11-13 13:30:00
13877,87,3,449.68,2011-09-14 15:49:00
13489,106,4,449.52,2011-08-26 13:16:00
15126,537,2,449.49,2010-06-21 12:31:00
12448,45,1,449.45,2011-10-26 13:46:00
15418,426,2,449.42,2010-10-10 13:38:00
17823,422,2,449.25,2010-10-14 16:24:00
15739,67,1,449.12,2011-10-04 13:42:00
14761,59,3,447.92,2011-10-12 12:10:00
14780,55,2,447.68,2011-10-16 12:46:00
18201,723,1,447.53000000000003,2009-12-17 08:55:00
13754,152,3,447.05,2011-07-11 11:51:00
16095,457,1,447.05,2010-09-09 16:54:00
14149,221,1,446.62,2011-05-03 09:44:00
17370,73,4,446.18,2011-09-28 10:14:00
14010,566,2,445.15,2010-05-23 13:00:00
14328,439,1,445.05,2010-09-27 16:01:00
18134,599,2,445.0,2010-04-20 14:02:00
12788,464,4,444.9,2010-09-02 14:21:00
18270,39,3,444.55,2011-11-01 13:57:00
14638,51,1,443.6,2011-10-20 10:10:00
16424,192,2,443.06,2011-06-01 13:40:00
16404,71,1,443.05,2011-09-30 14:55:00
18222,93,1,443.0,2011-09-08 10:45:00
14996,482,2,442.28999999999996,2010-08-15 13:44:00
17699,477,2,442.0,2010-08-20 09:39:00
12579,79,1,440.42,2011-09-22 17:15:00
18233,326,1,440.0,2011-01-18 08:44:00
13954,2,2,439.92,2011-12-08 12:50:00
16025,30,1,439.65999999999997,2011-11-10 11:45:00
16968,5,2,439.43,2011-12-05 15:02:00
13086,383,1,439.33000000000004,2010-11-22 10:28:00
17718,233,2,439.18,2011-04-21 13:39:00
13432,572,2,439.1,2010-05-17 13:18:00
13358,269,1,439.03,2011-03-16 11:52:00
13964,388,2,438.9,2010-11-17 13:53:00
17729,597,1,438.65000000000003,2010-04-22 15:03:00
15859,433,1,438.46,2010-10-03 12:52:00
17807,396,3,437.87,2010-11-09 16:21:00
12552,39,2,437.82,2011-11-01 10:02:00
17070,115,2,437.42,2011-08-17 17:01:00
14846,428,1,437.4,2010-10-08 17:07:00
12672,330,2,437.05,2011-01-14 09:20:00
14123,734,1,436.18,2009-12-06 15:35:00
16084,300,1,436.18,2011-02-13 16:05:00
16166,429,2,435.83,2010-10-07 15:44:00
12445,23,2,434.98,2011-11-17 18:43:00
13738,397,1,434.78000000000003,2010-11-08 15:23:00
15323,563,3,434.6,2010-05-26 10:01:00
14910,3,4,434.35,2011-12-07 10:06:00
14238,327,3,434.23,2011-01-17 14:40:00
16888,401,3,434.2,2010-11-04 12:39:00
14093,13,1,433.86,2011-11-27 16:27:00
16939,489,3,433.85,2010-08-08 12:24:00
18029,643,1,433.77,2010-03-07 15:30:00
12493,166,2,433.74,2011-06-27 10:17:00
15613,611,1,433.71999999999997,2010-04-08 12:51:00
16522,436,2,433.36,2010-09-30 10:54:00
17178,732,1,432.96,2009-12-08 16:20:00
17687,421,1,432.68,2010-10-15 12:30:00
16604,563,2,432.45,2010-05-26 09:10:00
16236,79,1,432.2,2011-09-22 14:10:00
16881,67,1,432.0,2011-10-04 10:33:00
14042,726,1,431.98,2009-12-14 15:07:00
15488,93,5,431.92,2011-09-08 10:11:00
17842,603,1,430.69,2010-04-16 14:23:00
12452,17,2,430.57,2011-11-23 10:28:00
12795,19,1,430.48,2011-11-21 10:27:00
12827,6,3,430.15000000000003,2011-12-04 12:17:00
15450,31,1,429.84,2011-11-09 17:11:00
15461,461,2,429.7,2010-09-05 12:31:00
14979,736,1,429.66,2009-12-04 12:54:00
15230,240,2,429.6,2011-04-14 14:39:00
15036,73,3,429.56,2011-09-28 15:42:00
13413,640,6,429.44,2010-03-10 12:17:00
15888,81,3,429.16,2011-09-20 12:30:00
15553,61,1,428.93,2011-10-10 14:02:00
18089,447,1,428.45,2010-09-19 11:57:00
15360,40,1,427.93,2011-10-31 09:35:00
12740,64,1,427.6,2011-10-07 10:44:00
18285,661,1,427.0,2010-02-17 10:24:00
17740,390,6,426.9,2010-11-15 16:33:00
18152,647,1,426.69,2010-03-03 15:26:00
15930,68,1,426.63,2011-10-03 14:52:00
14288,214,1,426.6,2011-05-10 13:22:00
15966,451,1,426.53000000000003,2010-09-15 10:44:00
15217,564,1,426.24,2010-05-25 13:51:00
14877,419,2,425.85,2010-10-17 13:09:00
13703,319,2,425.56,2011-01-25 13:10:00
17103,723,1,424.3,2009-12-17 14:08:00
15545,55,2,424.3,2011-10-16 13:24:00
16541,736,1,424.03,2009-12-04 13:22:00
16913,291,3,423.90999999999997,2011-02-22 12:56:00
17330,23,4,423.8,2011-11-17 08:56:00
14097,482,2,422.85999999999996,2010-08-15 14:20:00
13374,415,2,422.8,2010-10-21 10:04:00
16137,681,1,422.7,2010-01-28 15:04:00
16689,76,2,422.59999999999997,2011-09-25 11:39:00
18240,47,1,422.58,2011-10-24 13:06:00
16149,5,3,422.22,2011-12-05 11:29:00
16773,58,3,421.24,2011-10-13 14:37:00
14757,76,1,420.5,2011-09-25 14:36:00
15206,11,4,420.29999999999995,2011-11-29 13:41:00
15711,557,2,420.25,2010-06-01 12:14:00
14575,489,1,420.22,2010-08-08 14:51:00
13672,302,3,419.92,2011-02-11 13:53:00
13442,668,3,419.87,2010-02-10 14:03:00
13096,395,1,419.70000000000005,2010-11-10 14:08:00
14124,85,1,419.58000000000004,2011-09-16 13:32:00
13079,5,6,419.18,2011-12-05 16:53:00
15262,324,3,418.82,2011-01-20 12:16:00
12593,109,3,418.09999999999997,2011-08-23 12:43:00
13073,412,2,418.08,2010-10-24 14:06:00
17701,253,1,417.95,2011-04-01 12:25:00
17855,373,1,417.94,2010-12-02 09:44:00
17232,3,2,417.77,2011-12-07 12:21:00
16832,185,5,417.61,2011-06-08 15:36:00
14762,264,2,417.57,2011-03-21 08:20:00
12833,146,1,417.38,2011-07-17 13:46:00
17258,397,2,417.3,2010-11-08 12:37:00
16816,104,4,417.06,2011-08-28 14:16:00
15935,240,2,416.86,2011-04-14 13:27:00
16957,240,2,416.64,2011-04-14 13:56:00
15011,396,2,416.6,2010-11-09 11:10:00
16355,376,1,416.35,2010-11-29 14:21:00
16356,198,6,415.87,2011-05-26 11:51:00
12930,79,2,415.8,2011-09-22 15:18:00
12608,405,1,415.79,2010-10-31 10:49:00
15725,16,1,415.25,2011-11-24 14:51:00
14333,68,1,415.2,2011-10-03 10:38:00
16752,373,1,415.0,2010-12-02 12:18:00
13565,20,3,414.8,2011-11-20 14:33:00
18278,74,2,414.20000000000005,2011-09-27 11:58:00
13002,319,3,414.13,2011-01-25 15:18:00
13669,51,3,413.55,2011-10-20 09:32:00
14082,365,2,413.36,2010-12-10 11:02:00
17601,240,2,413.08,2011-04-14 18:02:00
17767,16,2,413.05,2011-11-24 14:42:00
17662,662,2,412.92,2010-02-16 09:38:00
14620,206,2,412.78000000000003,2011-05-18 11:58:00
16932,54,3,412.55,2011-10-17 14:12:00
18050,360,2,412.06,2010-12-15 14:25:00
16272,117,1,411.7,2011-08-15 10:54:00
15960,375,4,410.95,2010-11-30 15:57:00
15099,85,1,410.48,2011-09-16 13:13:00
17598,382,1,409.98,2010-11-23 17:43:00
13827,58,3,409.8,2011-10-13 12:38:00
15894,254,2,409.69,2011-03-31 13:50:00
14581,17,2,409.65,2011-11-23 12:39:00
14348,261,1,409.57,2011-03-24 16:23:00
15225,235,1,409.40000000000003,2011-04-19 14:51:00
16864,435,2,409.25,2010-10-01 16:16:00
16921,62,3,409.21,2011-10-09 16:22:00
16243,34,2,409.1,2011-11-06 12:32:00
13686,183,3,409.04,2011-06-10 09:10:00
12974,198,2,408.95,2011-05-26 09:33:00
16629,74,2,408.63,2011-09-27 10:34:00
16324,129,3,408.59000000000003,2011-08-03 12:58:00
17285,629,2,407.94,2010-03-21 13:38:00
12353,205,2,406.76,2011-05-19 17:47:00
16632,486,2,406.4,2010-08-11 11:39:00
17000,397,2,406.3,2010-11-08 13:35:00
15342,130,1,406.09,2011-08-02 10:19:00
12741,530,2,406.07,2010-06-28 14:36:00
16815,454,2,406.02,2010-09-12 10:59:00
18111,590,1,405.85,2010-04-29 12:58:00
12922,162,1,405.38,2011-07-01 15:35:00
13143,585,1,405.1,2010-05-04 12:22:00
13640,612,1,405.0,2010-04-07 15:33:00
15941,638,1,405.0,2010-03-12 14:45:00
15968,389,1,404.55,2010-11-16 13:04:00
13574,412,1,404.45,2010-10-24 13:28:00
16319,218,1,404.40000000000003,2011-05-06 11:27:00
16484,174,2,404.3,2011-06-19 12:06:00
12498,22,3,403.70000000000005,2011-11-18 12:53:00
14678,580,1,403.39,2010-05-09 14:32:00
17785,54,3,403.38,2011-10-17 13:43:00
17431,314,1,403.3,2011-01-30 14:36:00
13530,635,1,402.97999999999996,2010-03-15 14:10:00
16315,331,2,402.71,2011-01-13 11:57:00
15504,82,4,402.7,2011-09-19 13:45:00
17094,323,2,402.20000000000005,2011-01-21 13:09:00
16998,150,5,402.0,2011-07-13 09:44:00
14494,26,3,401.46,2011-11-14 09:21:00
14471,592,2,400.95,2010-04-27 17:12:00
17168,499,1,400.2,2010-07-29 12:33:00
14358,390,2,400.06,2010-11-15 15:51:00
15501,405,2,399.95,2010-10-31 11:15:00
15446,377,3,399.75,2010-11-28 11:59:00
18164,38,1,399.65000000000003,2011-11-02 12:56:00
13252,395,2,399.3,2010-11-10 16:00:00
18128,538,1,399.29,2010-06-20 13:19:00
17052,29,1,399.09,2011-11-11 14:50:00
17830,2,3,398.7,2011-12-08 12:28:00
15522,33,2,397.99,2011-11-07 11:26:00
13352,61,1,397.97999999999996,2011-10-10 13:55:00
12508,27,2,397.88,2011-11-13 15:37:00
15037,377,2,397.76,2010-11-28 13:05:00
15280,173,3,397.52,2011-06-20 17:14:00
15429,27,2,397.35,2011-11-13 12:28:00
17789,282,2,397.15,2011-03-03 13:14:00
12824,60,1,397.12,2011-10-11 12:49:00
17486,262,1,396.87,2011-03-23 14:00:00
13597,401,2,396.71,2010-11-04 14:54:00
15883,3,2,396.48,2011-12-07 17:05:00
17918,501,3,396.39,2010-07-27 11:51:00
18067,41,1,396.33,2011-10-30 15:58:00
15577,152,5,396.03000000000003,2011-07-11 17:03:00
16893,367,2,395.82,2010-12-08 12:06:00
13879,646,1,395.5,2010-03-04 10:49:00
13083,5,3,395.43,2011-12-05 15:01:00
12677,556,2,395.1,2010-06-02 14:30:00
16538,542,3,395.07,2010-06-16 16:59:00
18048,204,3,394.93,2011-05-20 14:58:00
16207,26,1,394.38,2011-11-14 13:51:00
15386,187,1,394.14,2011-06-06 13:47:00
12499,561,1,393.72,2010-05-28 15:12:00
17300,391,2,393.64,2010-11-14 10:56:00
15345,46,1,393.54,2011-10-25 11:28:00
15437,263,2,393.45,2011-03-22 13:11:00
17563,579,2,392.38,2010-05-10 14:54:00
18110,20,2,392.28000000000003,2011-11-20 12:34:00
16827,394,5,392.13,2010-11-11 14:04:00
16783,437,1,391.95,2010-09-29 11:53:00
14072,667,1,390.85,2010-02-11 12:31:00
14197,411,1,390.05,2010-10-25 10:01:00
17116,649,1,389.78,2010-03-01 16:29:00
18024,153,2,389.78,2011-07-10 12:40:00
17379,12,1,389.71999999999997,2011-11-28 13:56:00
14752,44,1,389.64,2011-10-27 11:55:00
13345,288,1,389.5,2011-02-25 09:01:00
17479,633,1,389.26000000000005,2010-03-17 09:26:00
17286,22,3,389.18,2011-11-18 12:47:00
12690,206,1,389.01,2011-05-18 09:09:00
18227,218,2,388.75,2011-05-06 12:23:00
15592,47,1,388.58,2011-10-24 08:59:00
13896,626,1,388.55,2010-03-24 08:55:00
13899,17,2,388.52,2011-11-23 13:40:00
13673,19,2,387.44,2011-11-21 12:11:00
17771,57,4,387.41,2011-10-14 11:43:00
17595,13,2,386.69,2011-11-27 16:08:00
16148,297,2,386.62,2011-02-16 14:01:00
17614,58,1,386.32,2011-10-13 16:01:00
14779,281,3,386.15,2011-03-04 12:42:00
13584,307,3,385.7,2011-02-06 12:49:00
16492,541,1,385.56,2010-06-17 08:20:00
12973,414,1,385.55,2010-10-22 10:14:00
12889,382,4,385.46000000000004,2010-11-23 16:08:00
12829,337,3,385.3,2011-01-07 11:13:00
14826,582,2,385.2,2010-05-07 09:00:00
17617,559,1,385.19,2010-05-30 12:48:00
17711,11,2,385.1,2011-11-29 11:40:00
17171,290,2,384.59,2011-02-23 16:37:00
16868,395,3,384.56,2010-11-10 13:17:00
16433,29,2,384.52,2011-11-11 14:09:00
17357,25,2,384.39,2011-11-15 16:30:00
13966,436,1,384.26,2010-09-30 13:08:00
16982,61,1,384.06,2011-10-10 12:28:00
14598,45,2,384.04,2011-10-26 13:19:00
15155,384,1,383.96999999999997,2010-11-21 12:59:00
13792,67,3,383.95,2011-10-04 14:31:00
17804,377,3,383.78000000000003,2010-11-28 14:01:00
12515,354,1,383.7,2010-12-21 15:43:00
15440,55,3,383.68,2011-10-16 12:16:00
12547,198,3,383.58,2011-05-26 12:38:00
12832,33,2,383.03,2011-11-07 13:30:00
13817,30,2,382.98,2011-11-10 17:49:00
17403,37,2,382.87,2011-11-03 15:18:00
14767,475,1,382.81,2010-08-22 14:54:00
16988,6,2,382.67,2011-12-04 16:02:00
13657,11,2,382.14,2011-11-29 12:32:00
17753,465,4,382.06,2010-09-01 15:49:00
17250,4,2,381.97,2011-12-06 12:15:00
14908,75,2,381.9,2011-09-26 12:56:00
16304,695,1,381.66,2010-01-14 08:30:00
15090,309,1,381.32,2011-02-04 14:03:00
17393,411,2,381.15,2010-10-25 11:10:00
17903,395,1,381.09000000000003,2010-11-10 15:39:00
12796,629,1,381.0,2010-03-21 15:49:00
17573,30,3,380.6,2011-11-10 13:01:00
17936,6,1,380.13,2011-12-04 13:32:00
14731,48,3,380.02,2011-10-23 15:54:00
16577,667,1,380.0,2010-02-11 09:45:00
14200,618,1,379.2,2010-04-01 13:01:00
16909,73,1,379.14,2011-09-28 16:45:00
16930,27,3,378.89,2011-11-13 16:13:00
13372,90,1,378.64,2011-09-11 12:46:00
17078,37,2,378.2,2011-11-03 19:17:00
12651,335,4,377.75,2011-01-09 12:46:00
12941,725,1,377.49,2009-12-15 13:12:00
17736,10,3,377.44,2011-11-30 15:36:00
17783,73,3,376.96,2011-09-28 16:07:00
17717,422,1,376.92,2010-10-14 12:54:00
16544,520,4,376.70000000000005,2010-07-08 11:11:00
17489,59,2,376.64,2011-10-12 08:56:00
14353,216,3,376.5,2011-05-08 16:06:00
13997,520,3,376.46,2010-07-08 18:06:00
14531,480,1,376.34,2010-08-17 10:16:00
13688,636,1,375.5,2010-03-14 14:11:00
14448,10,2,375.35,2011-11-30 13:50:00
14294,408,1,375.34,2010-10-28 16:25:00
14067,64,2,374.7,2011-10-07 10:21:00
17912,311,6,374.55,2011-02-02 14:25:00
17568,634,1,374.45,2010-03-16 16:45:00
14736,486,2,374.05,2010-08-11 15:21:00
13351,67,1,373.94,2011-10-04 12:55:00
13283,60,4,373.36,2011-10-11 09:50:00
17810,669,2,373.16,2010-02-09 10:47:00
15337,412,1,373.02,2010-10-24 15:29:00
13197,610,1,373.01000000000005,2010-04-09 09:14:00
14981,247,2,372.92,2011-04-07 13:45:00
12895,43,2,372.8,2011-10-28 13:51:00
12544,37,1,372.7,2011-11-03 16:15:00
12981,30,2,372.21999999999997,2011-11-10 12:00:00
13164,570,2,372.2,2010-05-19 13:52:00
17245,205,2,371.63,2011-05-19 10:43:00
18155,76,3,371.62,2011-09-25 13:32:00
15472,114,1,371.56,2011-08-18 15:17:00
18162,733,1,371.51,2009-12-07 13:24:00
14950,20,1,371.2,2011-11-20 13:48:00
15975,85,1,371.01,2011-09-16 13:33:00
15063,214,1,370.79999999999995,2011-05-10 13:25:00
15765,667,1,370.63,2010-02-11 10:25:00
14168,421,2,370.45,2010-10-15 10:49:00
15458,26,2,370.43999999999994,2011-11-14 13:08:00
17437,530,1,369.68,2010-06-28 11:11:00
16758,66,1,369.34000000000003,2011-10-05 14:47:00
14888,208,1,369.2,2011-05-16 14:58:00
14172,606,3,369.02,2010-04-13 13:26:00
15477,650,1,368.4,2010-02-28 10:37:00
17792,468,2,368.35,2010-08-29 14:30:00
15989,376,2,368.31,2010-11-29 12:03:00
14706,619,1,367.54,2010-03-31 11:09:00
14018,646,1,367.15000000000003,2010-03-04 14:23:00
14962,271,4,366.91,2011-03-14 09:42:00
14244,661,1,366.41999999999996,2010-02-17 11:40:00
12899,414,1,366.4,2010-10-22 09:53:00
17911,10,1,366.23,2011-11-30 14:52:00
16974,523,2,365.5,2010-07-05 10:18:00
15029,620,1,365.1,2010-03-30 12:16:00
13545,391,2,364.93,2010-11-14 11:27:00
17536,178,3,364.83,2011-06-15 13:23:00
14886,253,1,364.8,2011-04-01 08:56:00
15949,17,2,364.72,2011-11-23 09:09:00
15343,88,1,364.5,2011-09-13 13:55:00
15915,402,1,364.45,2010-11-03 11:13:00
14528,38,1,364.21999999999997,2011-11-02 17:09:00
16509,297,1,363.7,2011-02-16 09:25:00
14253,494,2,363.40000000000003,2010-08-03 14:55:00
16078,284,2,362.99,2011-03-01 09:47:00
16378,248,3,362.95,2011-04-06 15:07:00
13962,22,3,362.8,2011-11-18 08:47:00
14840,268,2,362.71,2011-03-17 12:00:00
14122,407,3,362.42,2010-10-29 15:11:00
17339,95,3,362.36,2011-09-06 13:29:00
16052,55,1,362.06,2011-10-16 15:13:00
13844,12,1,361.62,2011-11-28 13:21:00
18119,368,1,361.4,2010-12-07 11:59:00
16305,139,1,361.21999999999997,2011-07-24 12:18:00
16448,199,2,361.12,2011-05-25 16:28:00
13274,410,1,360.85,2010-10-26 13:48:00
18091,594,1,360.85,2010-04-25 13:18:00
17772,11,3,360.75,2011-11-29 11:05:00
17012,726,1,360.61,2009-12-14 17:34:00
17945,697,3,360.35,2010-01-12 11:40:00
18208,566,1,360.08,2010-05-23 11:54:00
13298,2,1,360.0,2011-12-08 13:11:00
15008,481,2,360.0,2010-08-16 13:09:00
13181,382,1,359.69,2010-11-23 15:05:00
14926,382,2,359.4,2010-11-23 07:13:00
14919,540,1,359.35,2010-06-18 13:06:00
15120,134,1,358.82,2011-07-29 09:48:00
17948,148,1,358.56000000000006,2011-07-15 12:58:00
16856,15,3,358.49,2011-11-25 08:59:00
17748,528,1,358.15,2010-06-30 13:49:00
13228,82,1,358.0,2011-09-19 14:28:00
16606,405,2,357.66,2010-10-31 13:57:00
15595,488,1,357.6,2010-08-09 12:27:00
12495,641,1,357.4,2010-03-09 10:53:00
16971,39,1,357.21,2011-11-01 15:06:00
18040,20,2,357.20000000000005,2011-11-20 14:20:00
18273,3,4,357.0,2011-12-07 13:16:00
14500,89,3,356.85,2011-09-12 16:45:00
17200,388,4,356.71,2010-11-17 13:04:00
15840,59,2,355.56,2011-10-12 09:08:00
12996,376,1,355.5,2010-11-29 09:27:00
16920,412,1,355.45,2010-10-24 14:07:00
15863,26,5,355.1,2011-11-14 12:49:00
14268,471,1,354.85,2010-08-26 10:45:00
15986,31,2,354.42,2011-11-09 15:17:00
12888,215,2,354.12,2011-05-09 16:02:00
12845,268,4,354.09,2011-03-17 13:34:00
16323,197,2,353.66,2011-05-27 14:48:00
18003,377,1,353.51,2010-11-28 15:09:00
13210,94,1,353.48,2011-09-07 08:18:00
13343,178,1,353.43,2011-06-15 12:24:00
14804,9,1,353.27,2011-12-01 11:20:00
16382,409,2,353.1,2010-10-27 16:23:00
16690,73,4,353.03,2011-09-28 15:02:00
12617,30,1,352.98,2011-11-10 14:39:00
13765,654,1,352.821,2010-02-24 13:46:00
16857,443,1,352.8,2010-09-23 10:49:00
12566,87,1,351.65,2011-09-14 14:30:00
16192,736,1,351.3,2009-12-04 12:28:00
13923,54,1,351.13,2011-10-17 12:33:00
14252,382,1,350.99,2010-11-23 13:36:00
13332,15,1,350.9,2011-11-25 13:30:00
13281,440,1,350.85,2010-09-26 16:03:00
15334,157,3,350.82,2011-07-06 11:22:00
16476,432,1,350.35,2010-10-04 10:29:00
12532,31,1,349.83000000000004,2011-11-09 13:47:00
13670,76,1,349.7,2011-09-25 15:25:00
13887,205,1,349.55,2011-05-19 17:22:00
18250,311,1,349.27,2011-02-02 13:16:00
14545,675,1,349.25,2010-02-03 15:23:00
17252,117,2,348.91,2011-08-15 09:45:00
13790,5,1,348.8,2011-12-05 15:48:00
17577,646,2,348.75,2010-03-04 13:01:00
15282,571,1,348.59,2010-05-18 16:27:00
16263,424,1,348.16,2010-10-12 14:52:00
12760,456,1,347.8,2010-09-10 08:50:00
17668,2,2,347.75,2011-12-08 13:25:00
15085,730,1,347.54,2009-12-10 11:47:00
12441,367,1,347.1,2010-12-08 10:45:00
13062,192,1,346.98,2011-06-01 15:12:00
12411,410,1,346.9,2010-10-26 09:25:00
17780,668,3,346.56,2010-02-10 13:43:00
13234,673,2,346.5,2010-02-05 11:41:00
16423,25,1,346.12,2011-11-15 09:21:00
15781,26,3,345.46,2011-11-14 14:57:00
13774,82,1,345.0,2011-09-19 12:06:00
14633,267,1,344.90000000000003,2011-03-18 17:07:00
18199,684,1,344.75,2010-01-25 11:32:00
15519,384,2,344.61,2010-11-21 14:35:00
17569,333,1,344.14,2011-01-11 14:15:00
13068,11,2,344.0,2011-11-29 15:00:00
16990,219,2,344.0,2011-05-05 08:30:00
15047,270,1,343.62,2011-03-15 10:49:00
15520,2,1,343.5,2011-12-08 10:58:00
18081,37,3,343.45,2011-11-03 16:30:00
12715,107,1,343.36,2011-08-25 15:22:00
13519,79,2,343.21,2011-09-22 18:24:00
17795,180,2,342.83,2011-06-13 12:36:00
13550,384,1,342.55,2010-11-21 15:24:00
16851,5,3,342.45,2011-12-05 13:32:00
14989,662,1,342.4,2010-02-16 10:40:00
17835,3,3,342.24,2011-12-07 11:48:00
17660,142,2,342.22,2011-07-21 13:37:00
14724,591,1,341.9,2010-04-28 13:26:00
16826,52,1,341.7,2011-10-19 14:05:00
16585,594,2,341.59,2010-04-25 10:34:00
13347,71,1,341.36,2011-09-30 13:28:00
13187,338,4,341.36,2011-01-06 18:57:00
17928,46,3,341.24,2011-10-25 13:52:00
16259,411,3,340.94,2010-10-25 14:27:00
17542,270,3,340.85,2011-03-15 11:45:00
16044,436,1,340.84000000000003,2010-09-30 18:12:00
15818,589,1,340.5,2010-04-30 12:58:00
12900,423,1,340.33,2010-10-13 15:17:00
12698,591,1,339.75,2010-04-28 15:51:00
13737,201,1,339.59999999999997,2011-05-23 16:32:00
14203,398,1,339.34,2010-11-07 13:35:00
17697,237,1,338.95,2011-04-17 15:40:00
14630,485,1,338.65,2010-08-12 16:38:00
17833,724,1,338.46000000000004,2009-12-16 13:40:00
14799,52,2,338.15,2011-10-19 16:16:00
17296,731,1,338.13,2009-12-09 14:01:00
12869,682,1,337.66999999999996,2010-01-27 12:10:00
15942,134,1,337.44,2011-07-29 09:01:00
12780,599,1,337.4,2010-04-20 09:40:00
13930,58,2,337.34,2011-10-13 09:45:00
18269,367,1,337.2,2010-12-08 13:53:00
17973,52,1,337.04,2011-10-19 10:34:00
17488,642,1,336.5,2010-03-08 14:07:00
15619,11,1,336.40000000000003,2011-11-29 08:14:00
13482,233,2,336.09,2011-04-21 17:03:00
17967,372,2,335.69,2010-12-03 11:19:00
14196,107,1,335.52,2011-08-25 10:25:00
16063,261,1,335.32,2011-03-24 14:56:00
17917,46,3,335.03,2011-10-25 13:20:00
12489,337,1,334.93,2011-01-07 13:13:00
17821,407,1,334.62,2010-10-29 13:20:00
12350,311,1,334.4,2011-02-02 16:01:00
17607,377,1,333.81,2010-11-28 13:11:00
13216,268,1,333.74,2011-03-17 12:18:00
14241,184,2,333.70000000000005,2011-06-09 11:46:00
16234,477,3,333.18,2010-08-20 14:33:00
16006,212,2,332.82,2011-05-12 13:12:00
14137,696,1,332.7,2010-01-13 12:30:00
13904,38,2,332.64,2011-11-02 13:41:00
16850,334,1,332.41,2011-01-10 11:09:00
16803,66,1,332.3,2011-10-05 14:28:00
16452,631,2,332.17,2010-03-19 12:39:00
17647,66,3,331.65999999999997,2011-10-05 15:38:00
15512,156,4,331.58,2011-07-07 10:20:00
17435,412,1,331.35,2010-10-24 13:55:00
16030,310,1,331.24,2011-02-03 11:28:00
13981,416,1,331.14,2010-10-20 10:03:00
16478,26,3,331.0,2011-11-14 15:51:00
15878,562,2,330.77,2010-05-27 12:17:00
17776,387,2,330.56,2010-11-18 12:14:00
14517,34,2,330.45,2011-11-06 14:20:00
12807,384,1,330.35,2010-11-21 14:21:00
13010,375,2,330.12,2010-11-30 15:09:00
15130,170,1,330.11,2011-06-23 10:15:00
12850,446,1,330.0,2010-09-20 12:26:00
18186,723,1,329.58,2009-12-17 10:22:00
17518,426,2,329.42,2010-10-10 12:40:00
17914,4,1,329.36,2011-12-06 11:58:00
17154,76,1,329.34,2011-09-25 13:42:00
15153,32,1,329.25,2011-11-08 17:09:00
15979,603,1,329.22,2010-04-16 11:35:00
16286,478,2,328.95,2010-08-19 14:48:00
14012,278,1,328.8,2011-03-07 12:26:00
16855,24,2,328.4,2011-11-16 12:03:00
15213,319,2,328.35,2011-01-25 12:21:00
14747,250,1,328.2,2011-04-04 14:09:00
16318,36,1,328.15,2011-11-04 13:05:00
15709,284,2,327.85,2011-03-01 10:38:00
17196,428,1,327.75,2010-10-08 11:31:00
15735,422,1,327.68,2010-10-14 13:38:00
13498,731,1,327.38,2009-12-09 15:26:00
16322,2,2,326.75,2011-12-08 15:41:00
12460,457,1,326.65,2010-09-09 13:51:00
13646,400,2,326.25,2010-11-05 12:13:00
18047,382,2,326.09,2010-11-23 13:11:00
17439,656,1,325.74,2010-02-22 12:48:00
12804,466,2,325.37,2010-08-31 11:58:00
13661,604,1,325.24,2010-04-15 14:58:00
15670,297,2,325.2,2011-02-16 10:50:00
13801,67,1,324.8,2011-10-04 10:15:00
15982,606,1,324.51,2010-04-13 15:47:00
12946,437,1,324.45,2010-09-29 10:14:00
18261,44,2,324.24,2011-10-27 15:36:00
16685,62,2,324.24,2011-10-09 13:58:00
13834,577,2,324.19,2010-05-12 10:27:00
17440,157,4,323.58,2011-07-06 11:54:00
13025,732,1,323.39,2009-12-08 10:02:00
16195,724,1,323.25,2009-12-16 14:09:00
14263,424,1,322.93,2010-10-12 14:09:00
16627,80,1,322.8,2011-09-21 14:38:00
14832,631,1,322.69,2010-03-19 15:14:00
16342,76,4,322.41,2011-09-25 14:36:00
14424,18,1,322.08,2011-11-22 11:48:00
15726,391,1,321.91,2010-11-14 16:12:00
18090,422,1,321.9,2010-10-14 12:32:00
13111,719,1,321.88000000000005,2009-12-21 09:00:00
17471,475,1,321.65000000000003,2010-08-22 11:53:00
14070,685,1,321.6,2010-01-24 12:27:00
15770,613,1,321.45,2010-04-06 11:47:00
14823,181,3,321.43,2011-06-12 13:12:00
17182,423,2,321.3,2010-10-13 10:09:00
15869,278,3,321.11,2011-03-07 17:23:00
15236,299,1,321.05,2011-02-14 10:52:00
15432,24,2,320.76,2011-11-16 16:30:00
14622,185,1,320.58000000000004,2011-06-08 12:42:00
13986,18,1,320.46,2011-11-22 15:00:00
17843,304,2,320.4,2011-02-09 15:33:00
17309,96,3,320.39,2011-09-05 15:20:00
16683,534,1,320.25,2010-06-24 10:36:00
13942,535,1,320.0,2010-06-23 12:35:00
13843,382,1,319.75,2010-11-23 17:48:00
16436,669,3,319.14,2010-02-09 13:19:00
16967,190,1,319.02,2011-06-03 14:24:00
17229,97,2,318.76,2011-09-04 13:56:00
16273,649,2,318.34000000000003,2010-03-01 13:24:00
15682,600,2,318.24,2010-04-19 15:30:00
14703,15,1,318.17,2011-11-25 09:23:00
17839,43,1,318.15,2011-10-28 17:27:00
18253,643,1,317.88,2010-03-07 12:38:00
17267,128,2,317.2,2011-08-04 17:22:00
15616,439,1,317.11,2010-09-27 13:10:00
17689,389,2,317.08,2010-11-16 13:22:00
16761,97,1,316.62,2011-09-04 11:15:00
15204,358,1,316.58,2010-12-17 13:49:00
12529,529,1,316.48,2010-06-29 13:10:00
13494,312,1,316.26000000000005,2011-02-01 11:58:00
17408,164,3,316.09000000000003,2011-06-29 12:53:00
18117,26,1,315.65,2011-11-14 12:47:00
12614,278,1,315.6,2011-03-07 10:22:00
15042,200,2,315.45,2011-05-24 16:25:00
16091,155,2,315.06,2011-07-08 08:45:00
17121,403,1,314.74,2010-11-02 11:47:00
14991,431,1,314.67,2010-10-05 13:01:00
18206,554,1,314.65999999999997,2010-06-04 13:47:00
12650,4,1,314.44,2011-12-06 16:34:00
18070,670,1,314.1,2010-02-08 13:28:00
15873,500,4,313.91999999999996,2010-07-28 12:41:00
15196,433,2,313.7,2010-10-03 10:50:00
13087,727,1,313.64,2009-12-13 15:16:00
16582,114,1,313.62,2011-08-18 17:02:00
12665,325,3,313.6,2011-01-19 08:34:00
13845,65,1,312.98,2011-10-06 08:25:00
15162,732,1,312.9,2009-12-08 13:14:00
13905,733,1,312.65,2009-12-07 11:41:00
15318,4,1,312.62,2011-12-06 11:30:00
13226,274,2,312.46,2011-03-11 14:35:00
12834,283,1,312.38,2011-03-02 09:49:00
17326,409,2,312.35,2010-10-27 15:38:00
14094,440,1,311.77,2010-09-26 11:58:00
14951,80,1,311.69,2011-09-21 15:15:00
12852,295,1,311.55,2011-02-18 08:47:00
13990,214,1,311.3,2011-05-10 15:19:00
15724,202,3,310.85,2011-05-22 14:40:00
13400,583,1,310.83,2010-05-06 09:00:00
16328,564,1,310.83,2010-05-25 14:02:00
13847,720,1,310.72,2009-12-20 10:41:00
16439,723,1,310.70000000000005,2009-12-17 14:22:00
12738,373,1,310.7,2010-12-02 18:27:00
15185,71,1,310.62,2011-09-30 14:06:00
14848,405,1,310.56,2010-10-31 12:22:00
15308,275,1,310.47,2011-03-10 13:08:00
15188,726,1,310.43,2009-12-14 13:30:00
13315,690,1,310.26,2010-01-19 15:34:00
14749,480,1,310.15,2010-08-17 12:36:00
13628,677,1,310.14,2010-02-01 14:44:00
15699,18,1,309.65,2011-11-22 08:26:00
16373,383,2,309.49,2010-11-22 15:50:00
12884,89,1,309.05,2011-09-12 13:10:00
15010,36,1,308.94,2011-11-04 12:42:00
16956,18,1,308.74,2011-11-22 08:56:00
16194,376,1,308.59999999999997,2010-11-29 13:28:00
14181,411,2,308.35,2010-10-25 08:27:00
14927,397,1,308.2,2010-11-08 12:30:00
15302,731,1,308.0,2009-12-09 13:11:00
13289,724,1,307.95,2009-12-16 11:53:00
15778,432,1,307.95,2010-10-04 15:10:00
16123,52,1,307.78,2011-10-19 09:18:00
13529,79,2,307.76,2011-09-22 09:15:00
14777,404,1,307.56,2010-11-01 12:50:00
13060,254,1,307.53,2011-03-31 11:37:00
17120,234,1,307.46,2011-04-20 15:21:00
13932,295,1,307.4,2011-02-18 12:02:00
15374,129,2,307.32,2011-08-03 09:59:00
14783,660,1,307.3,2010-02-18 16:16:00
17721,660,1,307.21000000000004,2010-02-18 15:18:00
13036,685,1,307.1,2010-01-24 11:35:00
13142,20,1,307.09,2011-11-20 16:07:00
15087,282,1,306.94,2011-03-03 10:34:00
13660,401,1,306.64,2010-11-04 16:10:00
16649,521,1,306.58000000000004,2010-07-07 15:41:00
13718,247,2,306.55,2011-04-07 13:24:00
18059,24,3,306.46,2011-11-16 16:49:00
16524,447,2,306.19,2010-09-19 13:37:00
17077,579,1,306.0,2010-05-10 16:36:00
15454,363,2,305.99,2010-12-12 14:21:00
15135,240,2,305.68,2011-04-14 19:16:00
16796,90,1,305.62,2011-09-11 14:01:00
16181,74,1,305.54,2011-09-27 13:38:00
15893,482,1,305.28000000000003,2010-08-15 11:12:00
13383,544,1,305.28000000000003,2010-06-14 11:45:00
15163,19,2,304.47,2011-11-21 13:10:00
18185,250,1,304.25,2011-04-04 13:42:00
16217,236,2,304.25,2011-04-18 13:31:00
16674,55,2,304.24,2011-10-16 11:31:00
17688,394,1,304.2,2010-11-11 10:41:00
14990,613,2,304.17,2010-04-06 13:54:00
17383,5,2,304.09,2011-12-05 17:36:00
16489,381,2,303.7,2010-11-24 14:40:00
14791,607,1,303.63,2010-04-12 10:24:00
14806,76,2,303.43,2011-09-25 15:32:00
18255,90,2,303.15,2011-09-11 13:16:00
16425,303,1,302.7,2011-02-10 14:30:00
14043,492,2,302.6,2010-08-05 18:18:00
18165,178,1,302.46000000000004,2011-06-15 13:23:00
17506,76,1,302.2,2011-09-25 11:39:00
15054,13,2,302.1,2011-11-27 15:02:00
15242,423,1,302.04,2010-10-13 15:33:00
16297,269,1,301.9,2011-03-16 08:29:00
13773,397,2,301.54,2010-11-08 11:49:00
15667,40,1,301.32,2011-10-31 10:56:00
15148,11,1,301.29,2011-11-29 08:21:00
13625,597,1,301.26,2010-04-22 10:50:00
16437,382,2,301.25,2010-11-23 16:59:00
12351,376,1,300.93,2010-11-29 15:23:00
16479,11,2,300.83,2011-11-29 13:40:00
16050,174,3,300.7,2011-06-19 11:44:00
17556,206,2,300.67,2011-05-18 10:48:00
17793,26,1,300.34,2011-11-14 14:24:00
14797,508,1,300.31,2010-07-20 14:07:00
17991,226,3,300.3,2011-04-28 15:58:00
17766,382,2,299.61,2010-11-23 14:29:00
12864,139,2,299.57,2011-07-24 13:03:00
13346,463,6,299.4,2010-09-03 11:41:00
17898,86,4,299.18,2011-09-15 14:56:00
13667,150,1,299.05,2011-07-13 15:42:00
12595,505,1,299.02,2010-07-23 09:10:00
15609,185,1,298.48,2011-06-08 13:00:00
17824,52,1,298.4,2011-10-19 14:14:00
12881,276,1,298.0,2011-03-09 11:44:00
18018,109,4,297.99,2011-08-23 17:37:00
14835,529,2,297.0,2010-06-29 10:08:00
17627,479,1,296.36,2010-08-18 11:27:00
13751,289,1,296.25,2011-02-24 15:56:00
12898,464,2,296.21000000000004,2010-09-02 08:08:00
13504,65,1,295.93,2011-10-06 13:20:00
14269,440,1,295.73,2010-09-26 12:53:00
14614,387,1,295.13,2010-11-18 13:04:00
16252,383,1,295.09000000000003,2010-11-22 11:57:00
16579,426,1,295.05,2010-10-10 11:58:00
17057,597,1,294.74,2010-04-22 19:21:00
17301,22,2,294.39,2011-11-18 13:43:00
15060,9,4,294.25,2011-12-01 13:47:00
17124,186,1,294.24,2011-06-07 14:02:00
17927,722,1,294.0,2009-12-18 11:03:00
15718,541,1,293.79,2010-06-17 16:20:00
14192,389,1,293.74,2010-11-16 17:44:00
15928,657,1,293.53,2010-02-21 15:16:00
17710,424,1,293.5,2010-10-12 07:49:00
17441,733,1,293.35,2009-12-07 13:32:00
17207,653,1,292.62,2010-02-25 19:08:00
16721,263,1,292.47,2011-03-22 16:08:00
16543,592,1,292.21,2010-04-27 11:38:00
13739,19,2,292.2,2011-11-21 13:35:00
14985,199,2,292.01,2011-05-25 14:29:00
13449,24,1,291.88,2011-11-16 08:28:00
17907,641,1,291.76,2010-03-09 12:33:00
17882,380,2,291.56,2010-11-25 14:40:00
16615,627,1,291.5,2010-03-23 15:13:00
18182,464,1,291.13,2010-09-02 14:25:00
17551,360,1,290.34,2010-12-15 14:12:00
15391,585,1,289.87,2010-05-04 15:04:00
16897,300,2,289.78,2011-02-13 15:02:00
13796,500,1,289.7,2010-07-28 14:45:00
15962,450,1,289.48,2010-09-16 13:48:00
15041,171,2,289.4,2011-06-22 16:16:00
14162,174,2,289.36,2011-06-19 11:36:00
17501,221,2,288.6,2011-05-03 09:47:00
16808,100,2,288.42,2011-09-01 19:34:00
16432,65,1,287.4,2011-10-06 13:59:00
17497,391,2,287.25,2010-11-14 14:17:00
13508,244,2,287.05,2011-04-10 11:58:00
14660,87,2,285.74,2011-09-14 11:34:00
14402,653,1,285.6,2010-02-25 13:20:00
17636,20,1,285.56,2011-11-20 14:40:00
16890,477,3,285.41,2010-08-20 11:23:00
13708,272,1,285.33,2011-03-13 13:46:00
12487,731,1,285.29999999999995,2009-12-09 11:36:00
16429,107,1,284.55,2011-08-25 13:54:00
15445,265,2,284.5,2011-03-20 15:06:00
17359,12,2,284.46,2011-11-28 14:37:00
15354,604,3,284.4,2010-04-15 16:24:00
13616,569,2,283.85,2010-05-20 12:59:00
15662,662,2,283.73,2010-02-16 16:47:00
13121,270,1,283.73,2011-03-15 16:47:00
13909,424,2,282.85,2010-10-12 17:22:00
15936,380,2,282.79,2010-11-25 16:39:00
13511,677,1,282.76,2010-02-01 12:10:00
12771,486,1,282.3,2010-08-11 11:51:00
16557,25,2,281.85,2011-11-15 14:04:00
13326,433,1,281.76,2010-10-03 16:00:00
13679,494,3,281.26,2010-08-03 12:13:00
18042,54,2,281.15,2011-10-17 11:49:00
15772,419,1,280.88,2010-10-17 13:33:00
12851,97,2,280.76,2011-09-04 12:41:00
13080,180,4,280.73,2011-06-13 14:59:00
14433,466,1,280.7,2010-08-31 12:35:00
14242,235,2,280.55,2011-04-19 11:46:00
13581,310,2,280.53000000000003,2011-02-03 14:41:00
17247,16,1,280.09000000000003,2011-11-24 15:21:00
15556,25,1,279.77,2011-11-15 16:08:00
14183,412,2,278.34000000000003,2010-10-24 14:45:00
14764,47,1,278.3,2011-10-24 11:54:00
14303,408,2,277.94,2010-10-28 15:37:00
15338,678,1,277.93,2010-01-31 14:25:00
15355,30,2,277.05,2011-11-10 13:44:00
13606,30,3,276.75,2011-11-10 17:46:00
13272,32,2,276.56,2011-11-08 14:00:00
12750,129,1,275.88,2011-08-03 09:13:00
13399,465,3,275.4,2010-09-01 13:59:00
16313,4,2,274.15000000000003,2011-12-06 13:02:00
12789,66,3,273.35,2011-10-05 13:34:00
17072,626,1,273.35,2010-03-24 16:33:00
13307,121,3,273.34,2011-08-11 17:14:00
17355,387,1,273.31,2010-11-18 13:18:00
13861,430,2,273.26,2010-10-06 14:20:00
17498,76,1,272.22,2011-09-25 12:25:00
13917,50,2,272.04,2011-10-21 09:56:00
14816,198,1,271.85,2011-05-26 13:16:00
17292,473,2,271.75,2010-08-24 17:14:00
14436,99,2,271.70000000000005,2011-09-02 10:13:00
13058,25,3,271.40000000000003,2011-11-15 12:43:00
15943,650,2,271.28999999999996,2010-02-28 12:49:00
17278,242,2,271.24,2011-04-12 13:10:00
18238,516,1,270.92,2010-07-12 12:51:00
14520,2,2,270.6,2011-12-08 09:46:00
16757,319,2,270.48,2011-01-25 11:59:00
12558,8,1,269.96,2011-12-02 10:41:00
18267,673,1,269.37,2010-02-05 08:43:00
15964,664,1,269.21000000000004,2010-02-14 15:30:00
13533,183,3,269.09,2011-06-10 11:54:00
17264,425,1,268.28,2010-10-11 12:52:00
12751,445,1,268.27,2010-09-21 12:49:00
18254,582,1,267.9,2010-05-07 14:37:00
14039,34,2,267.28000000000003,2011-11-06 13:48:00
15408,265,1,267.18,2011-03-20 15:02:00
15320,45,1,267.13,2011-10-26 13:27:00
15517,234,1,267.03,2011-04-20 14:02:00
15423,39,3,266.89,2011-11-01 14:01:00
17786,86,2,266.85,2011-09-15 12:51:00
14863,30,1,266.76,2011-11-10 15:04:00
13837,212,2,266.59000000000003,2011-05-12 12:10:00
14392,433,1,266.4,2010-10-03 12:56:00
15119,246,1,266.4,2011-04-08 09:08:00
12962,8,2,266.39,2011-12-02 15:55:00
13973,288,1,264.7,2011-02-25 15:21:00
16334,493,1,263.73,2010-08-04 16:38:00
13128,632,1,263.5,2010-03-18 15:08:00
16089,387,2,263.49,2010-11-18 13:51:00
12892,397,1,263.38,2010-11-08 09:51:00
17808,549,4,262.64,2010-06-09 10:44:00
13331,402,1,262.4,2010-11-03 08:04:00
17910,727,1,261.7,2009-12-13 16:04:00
14957,254,2,261.69,2011-03-31 17:59:00
12655,424,1,261.35,2010-10-12 09:17:00
13189,19,2,260.68,2011-11-21 10:39:00
17901,30,3,260.08,2011-11-10 17:29:00
17022,32,2,260.0,2011-11-08 17:09:00
16733,530,1,259.68,2010-06-28 10:12:00
13127,78,1,259.17,2011-09-23 10:26:00
17558,394,1,259.17,2010-11-11 14:36:00
17219,32,2,259.13,2011-11-08 11:25:00
15536,410,1,259.09,2010-10-26 16:31:00
14526,390,1,258.65,2010-11-15 13:32:00
13683,458,1,258.6,2010-09-08 10:00:00
16502,621,2,258.55,2010-03-29 13:44:00
13227,202,1,257.7,2011-05-22 11:47:00
15014,44,2,257.67,2011-10-27 20:07:00
16542,54,2,257.32,2011-10-17 10:47:00
15503,363,2,257.3,2010-12-12 10:57:00
15852,187,3,257.26,2011-06-06 11:22:00
14483,282,2,257.1,2011-03-03 10:26:00
15404,376,1,257.06,2010-11-29 11:03:00
14876,522,2,256.7,2010-07-06 14:57:00
14274,687,1,256.6,2010-01-22 12:51:00
12430,44,1,256.4,2011-10-27 15:09:00
13806,64,1,256.38,2011-10-07 11:43:00
17896,24,1,256.32,2011-11-16 13:59:00
17385,15,1,256.11,2011-11-25 11:02:00
13825,622,2,255.59,2010-03-28 11:02:00
14881,20,1,255.4,2011-11-20 11:06:00
16911,636,2,255.25,2010-03-14 12:18:00
12746,541,1,254.55,2010-06-17 10:41:00
12604,80,2,254.18,2011-09-21 14:08:00
15923,373,1,254.16,2010-12-02 12:16:00
14765,30,3,254.11,2011-11-10 19:53:00
17626,603,1,254.0,2010-04-16 12:15:00
16845,619,1,253.88,2010-03-31 13:09:00
13250,461,2,253.09,2010-09-05 11:33:00
17992,390,1,252.88,2010-11-15 13:04:00
15019,267,1,252.81,2011-03-18 12:35:00
15035,90,1,252.73000000000002,2011-09-11 11:08:00
13251,403,1,252.68,2010-11-02 13:20:00
16908,723,1,252.59,2009-12-17 13:35:00
15552,218,2,252.52,2011-05-06 14:47:00
16074,391,1,252.5,2010-11-14 13:19:00
13404,2,2,252.49,2011-12-08 15:37:00
13645,121,1,252.1,2011-08-11 16:11:00
17210,393,1,251.72,2010-11-12 12:15:00
16453,531,2,251.71,2010-06-27 12:46:00
16976,268,1,251.51999999999998,2011-03-17 16:33:00
14501,184,2,251.21,2011-06-09 12:02:00
14166,506,2,251.15,2010-07-22 19:42:00
18266,435,1,251.1,2010-10-01 15:33:00
16962,410,1,251.04,2010-10-26 11:36:00
15231,622,1,250.26,2010-03-28 15:12:00
17303,362,1,250.04,2010-12-13 13:32:00
15510,331,1,250.0,2011-01-13 12:10:00
13747,374,2,249.39999999999998,2010-12-01 10:37:00
12563,409,1,249.24,2010-10-27 09:52:00
13061,73,1,248.61,2011-09-28 16:04:00
13592,36,4,247.95999999999998,2011-11-04 09:49:00
16381,396,2,247.85,2010-11-09 09:56:00
15293,666,1,247.5,2010-02-12 11:54:00
18072,186,1,247.44,2011-06-07 10:44:00
13349,11,1,247.32,2011-11-29 08:07:00
14658,6,2,247.15,2011-12-04 15:35:00
14654,739,1,246.86,2009-12-01 12:57:00
15697,690,1,246.75,2010-01-19 09:10:00
13943,578,1,246.54,2010-05-11 11:30:00
15495,380,1,246.5,2010-11-25 13:46:00
15378,463,2,246.5,2010-09-03 11:30:00
15783,11,1,246.3,2011-11-29 09:50:00
18153,660,1,246.22,2010-02-18 15:50:00
16778,75,2,245.94,2011-09-26 13:48:00
14325,570,1,245.48000000000002,2010-05-19 09:20:00
14281,409,1,245.15,2010-10-27 14:45:00
12660,12,1,245.1,2011-11-28 13:26:00
15118,135,1,244.8,2011-07-28 14:54:00
15884,433,2,244.60000000000002,2010-10-03 15:55:00
16528,4,1,244.41,2011-12-06 12:45:00
18002,376,4,244.37,2010-11-29 10:57:00
14694,618,1,244.31,2010-04-01 19:46:00
13551,320,2,244.2,2011-01-24 14:46:00
17892,57,3,244.1,2011-10-14 16:49:00
13676,540,2,243.9,2010-06-18 17:30:00
16793,58,1,243.84,2011-10-13 15:08:00
13886,72,1,243.56,2011-09-29 13:17:00
16215,81,1,242.35,2011-09-20 10:18:00
15543,289,2,242.26,2011-02-24 15:26:00
17009,552,1,242.06,2010-06-06 16:01:00
13445,627,1,241.89999999999998,2010-03-23 15:34:00
13582,390,2,241.68,2010-11-15 11:34:00
15776,134,1,241.62,2011-07-29 13:46:00
14774,529,1,241.45,2010-06-29 12:26:00
14523,109,1,241.09,2011-08-23 13:13:00
16427,264,2,241.06,2011-03-21 17:10:00
16508,631,1,240.95,2010-03-19 13:41:00
13674,433,1,240.68,2010-10-03 10:41:00
15286,50,1,240.55,2011-10-21 11:08:00
15336,402,1,240.5,2010-11-03 12:39:00
15931,429,1,239.9,2010-10-07 16:46:00
15690,5,2,239.76,2011-12-05 15:59:00
13570,244,1,239.49,2011-04-10 13:36:00
13789,389,1,239.45999999999998,2010-11-16 15:31:00
17684,44,1,239.41,2011-10-27 11:10:00
12663,625,2,239.4,2010-03-25 09:40:00
17981,411,1,239.12,2010-10-25 10:40:00
13275,384,2,238.86,2010-11-21 12:09:00
12561,303,1,238.85,2011-02-10 11:39:00
12718,72,1,238.25,2011-09-29 16:38:00
16280,726,1,238.05,2009-12-14 15:49:00
14982,573,1,237.78,2010-05-16 15:52:00
17877,171,1,237.61,2011-06-22 13:00:00
14586,277,1,237.36,2011-03-08 10:04:00
15457,263,1,237.07,2011-03-22 15:31:00
12732,180,1,236.26000000000002,2011-06-13 11:33:00
13088,418,1,236.11,2010-10-18 15:35:00
16026,44,1,236.09,2011-10-27 13:53:00
17093,593,1,235.88,2010-04-26 10:22:00
17872,382,1,235.87,2010-11-23 12:02:00
16046,563,1,235.78,2010-05-26 13:18:00
12392,592,1,234.75000000000003,2010-04-27 14:04:00
13114,731,1,234.38,2009-12-09 09:56:00
14473,75,2,234.34000000000003,2011-09-26 15:10:00
17060,267,1,234.24,2011-03-18 13:27:00
13009,673,1,234.0,2010-02-05 12:22:00
12736,333,1,234.0,2011-01-11 07:57:00
13348,65,1,233.76,2011-10-06 17:28:00
14153,484,1,233.4,2010-08-13 14:35:00
15294,411,1,233.35,2010-10-25 11:45:00
13129,453,2,233.25,2010-09-13 13:47:00
16302,127,1,233.22,2011-08-05 09:44:00
17055,446,1,232.85,2010-09-20 12:21:00
13678,152,1,232.6,2011-07-11 10:14:00
18213,237,1,232.48000000000002,2011-04-17 10:21:00
13608,541,1,232.05,2010-06-17 12:28:00
14995,39,2,231.98000000000002,2011-11-01 11:39:00
16408,592,1,231.93,2010-04-27 14:08:00
17151,736,1,231.90000000000003,2009-12-04 14:56:00
17136,663,1,231.68,2010-02-15 13:13:00
18279,520,1,231.33999999999997,2010-07-08 14:48:00
15487,680,1,231.32,2010-01-29 12:07:00
18030,5,2,230.64999999999998,2011-12-05 16:37:00
17125,51,1,230.5,2011-10-20 14:41:00
13960,22,2,230.22,2011-11-18 15:27:00
18197,576,1,230.1,2010-05-13 10:46:00
14314,107,2,229.8,2011-08-25 10:39:00
14017,572,1,229.75,2010-05-17 14:52:00
12812,45,1,229.64000000000001,2011-10-26 09:54:00
13403,18,3,229.5,2011-11-22 08:28:00
17185,592,3,229.46,2010-04-27 12:15:00
15528,255,1,229.33,2011-03-30 16:14:00
17743,449,1,229.2,2010-09-17 14:54:00
17347,87,1,228.96,2011-09-14 13:12:00
15273,600,1,228.96,2010-04-19 11:31:00
13146,27,1,228.91,2011-11-13 15:29:00
17066,727,1,228.34,2009-12-13 13:24:00
14458,381,1,228.07,2010-11-24 12:43:00
16760,431,1,228.0,2010-10-05 15:55:00
15566,393,2,227.87,2010-11-12 12:11:00
14363,403,2,227.47000000000003,2010-11-02 17:01:00
17868,387,1,227.15,2010-11-18 18:55:00
16740,396,1,226.91,2010-11-09 13:34:00
15451,435,2,226.86,2010-10-01 13:40:00
13651,36,3,226.85,2011-11-04 14:59:00
18005,4,2,226.47,2011-12-06 11:51:00
14718,411,1,226.42,2010-10-25 13:07:00
17993,618,1,225.99,2010-04-01 14:23:00
14069,515,2,225.81,2010-07-13 12:12:00
17915,552,1,225.78,2010-06-06 13:22:00
16622,544,1,225.4,2010-06-14 10:44:00
16587,233,1,225.15,2011-04-21 15:51:00
14357,44,1,225.12,2011-10-27 16:23:00
13619,545,2,224.94,2010-06-13 11:39:00
16346,386,1,224.51,2010-11-19 15:55:00
15175,72,1,224.14,2011-09-29 11:31:00
12914,401,1,223.98,2010-11-04 12:28:00
16753,59,1,223.92000000000002,2011-10-12 13:14:00
14928,628,1,223.91000000000003,2010-03-22 09:14:00
16562,477,1,223.85999999999999,2010-08-20 11:45:00
13926,24,1,223.85000000000002,2011-11-16 13:16:00
18131,632,1,222.95999999999998,2010-03-18 08:48:00
12887,384,1,222.4,2010-11-21 11:18:00
14596,627,1,222.22000000000003,2010-03-23 12:13:00
15788,509,1,221.82999999999998,2010-07-19 12:48:00
14445,456,1,221.65,2010-09-10 11:09:00
17261,510,1,221.59,2010-07-18 11:49:00
17087,738,1,221.53,2009-12-02 10:41:00
14960,9,2,221.27,2011-12-01 12:54:00
13419,64,1,221.06,2011-10-07 12:49:00
12821,215,2,220.8,2011-05-09 15:51:00
16482,16,1,220.62,2011-11-24 12:33:00
13033,358,2,220.55,2010-12-17 14:23:00
18132,505,1,220.13,2010-07-23 16:54:00
18114,291,1,220.1,2011-02-22 13:20:00
13454,642,1,219.87,2010-03-08 14:40:00
13992,31,3,219.5,2011-11-09 15:23:00
14074,624,1,219.39999999999998,2010-03-26 13:55:00
15096,43,1,219.39000000000001,2011-10-28 10:27:00
12799,530,1,219.35,2010-06-28 15:57:00
12702,20,1,219.0,2011-11-20 10:36:00
15790,11,1,218.75,2011-11-29 14:53:00
15086,565,2,218.53,2010-05-24 12:27:00
12574,316,1,218.45,2011-01-28 09:20:00
15591,583,3,217.9,2010-05-06 09:23:00
16035,561,1,217.73,2010-05-28 15:09:00
16666,20,2,217.71,2011-11-20 14:01:00
15554,278,1,217.2,2011-03-07 09:00:00
13423,429,1,217.03,2010-10-07 09:02:00
15401,453,2,216.95000000000002,2010-09-13 13:42:00
18021,510,2,216.41,2010-07-18 10:52:00
17902,547,1,216.39999999999998,2010-06-11 12:25:00
15604,53,1,216.39,2011-10-18 14:47:00
13858,58,1,216.17,2011-10-13 16:17:00
16179,61,1,215.83,2011-10-10 09:41:00
16189,16,2,215.48,2011-11-24 11:47:00
14376,684,1,215.46,2010-01-25 15:36:00
14635,454,1,215.22,2010-09-12 10:47:00
18007,393,1,215.22,2010-11-12 11:08:00
16338,158,1,214.79999999999998,2011-07-05 13:56:00
14106,738,1,214.79999999999998,2009-12-02 14:09:00
14361,579,1,214.70999999999998,2010-05-10 12:29:00
17619,313,1,214.37,2011-01-31 14:18:00
15460,355,1,214.26,2010-12-20 16:08:00
14271,226,2,214.18,2011-04-28 12:47:00
14601,11,1,213.96,2011-11-29 09:48:00
18157,572,1,213.9,2010-05-17 14:09:00
13621,117,1,213.85,2011-08-15 08:26:00
17153,25,1,213.78,2011-11-15 13:42:00
13411,108,1,213.55,2011-08-24 13:57:00
16591,69,1,213.5,2011-10-02 10:43:00
13724,638,1,213.01,2010-03-12 15:28:00
13691,397,1,212.78,2010-11-08 17:34:00
12961,380,1,211.99,2010-11-25 16:44:00
12470,690,1,211.95,2010-01-19 11:01:00
15866,102,1,211.89,2011-08-30 14:09:00
14843,437,1,211.79999999999998,2010-09-29 12:39:00
15703,265,1,211.5,2011-03-20 10:51:00
13271,38,1,211.49,2011-11-02 14:31:00
12995,86,1,211.32,2011-09-15 15:44:00
15490,431,1,210.85,2010-10-05 13:11:00
14992,443,1,210.5,2010-09-23 17:48:00
13532,34,1,210.31,2011-11-06 12:25:00
17217,235,2,210.1,2011-04-19 17:19:00
16874,380,1,209.89000000000001,2010-11-25 13:08:00
17484,577,2,209.57,2010-05-12 15:41:00
13828,23,1,209.49,2011-11-17 16:02:00
13056,552,1,209.48,2010-06-06 14:10:00
14003,733,1,209.41,2009-12-07 08:53:00
15112,612,1,209.4,2010-04-07 14:17:00
16487,578,2,209.4,2010-05-11 13:38:00
17026,186,3,208.98,2011-06-07 14:28:00
15327,53,1,208.75,2011-10-18 11:55:00
13290,439,1,208.63,2010-09-27 16:29:00
15741,459,2,208.62,2010-09-07 16:21:00
15897,195,2,208.59,2011-05-29 13:50:00
16457,219,1,208.36,2011-05-05 13:19:00
15212,242,2,208.28,2011-04-12 13:45:00
12848,676,1,208.0,2010-02-02 12:45:00
16964,734,2,207.85,2009-12-06 12:53:00
16866,141,3,207.73999999999998,2011-07-22 10:06:00
15052,320,1,207.73000000000002,2011-01-24 15:52:00
13099,100,1,207.35999999999999,2011-09-01 17:40:00
17989,380,1,207.32999999999998,2010-11-25 13:49:00
15925,195,1,207.15,2011-05-29 15:35:00
15295,655,1,207.04,2010-02-23 13:03:00
15820,320,1,206.98,2011-01-24 12:00:00
17166,39,2,206.34,2011-11-01 09:46:00
14964,248,1,206.21,2011-04-06 14:13:00
15914,379,2,205.99,2010-11-26 16:10:00
14278,410,1,205.83,2010-10-26 12:07:00
16540,415,1,205.75,2010-10-21 17:22:00
17670,228,1,205.7,2011-04-26 09:12:00
16490,437,1,205.41000000000003,2010-09-29 16:30:00
14602,657,1,205.35999999999999,2010-02-21 15:47:00
15307,96,1,205.3,2011-09-05 11:38:00
12400,415,1,205.25,2010-10-21 13:45:00
15758,25,1,205.25,2011-11-15 10:48:00
15319,284,1,204.5,2011-03-01 12:48:00
17271,737,1,204.3,2009-12-03 13:49:00
16901,730,1,204.26,2009-12-10 16:30:00
17206,54,1,204.24,2011-10-17 13:25:00
14468,734,1,204.24,2009-12-06 12:21:00
13017,8,1,204.0,2011-12-02 15:53:00
17394,220,1,203.86999999999998,2011-05-04 13:22:00
17891,163,1,203.85999999999999,2011-06-30 20:08:00
14519,684,2,203.14,2010-01-25 11:18:00
17074,563,1,203.05,2010-05-26 12:04:00
15459,418,2,202.82999999999998,2010-10-18 15:25:00
15558,640,1,202.68,2010-03-10 15:25:00
18169,61,1,202.65,2011-10-10 12:18:00
12416,657,1,202.56,2010-02-21 10:19:00
14892,691,1,202.35000000000002,2010-01-18 08:58:00
14385,10,3,202.11,2011-11-30 15:36:00
16965,227,1,201.19,2011-04-27 12:08:00
13284,331,1,201.19,2011-01-13 09:23:00
18281,181,2,201.14,2011-06-12 10:53:00
18126,61,1,200.92000000000002,2011-10-10 12:19:00
13556,430,2,200.82,2010-10-06 16:44:00
14330,624,1,200.63,2010-03-26 09:10:00
17693,138,1,200.47,2011-07-25 15:48:00
13133,274,3,200.45000000000002,2011-03-11 10:31:00
13944,654,1,200.43,2010-02-24 15:02:00
14782,320,1,200.10000000000002,2011-01-24 11:12:00
15593,71,1,199.8,2011-09-30 11:46:00
13322,18,1,199.48000000000002,2011-11-22 14:21:00
14521,492,1,199.45000000000002,2010-08-05 16:35:00
15001,395,2,199.10999999999999,2010-11-10 13:51:00
15020,380,1,198.47,2010-11-25 13:29:00
17184,570,2,198.41000000000003,2010-05-19 14:24:00
12581,40,1,197.71,2011-10-31 08:56:00
17778,662,1,197.70000000000002,2010-02-16 12:44:00
14185,332,1,197.65,2011-01-12 13:52:00
14789,29,1,197.64,2011-11-11 08:59:00
17112,503,1,197.57,2010-07-25 11:14:00
12927,395,1,197.31,2010-11-10 10:02:00
15234,277,1,197.0,2011-03-08 08:53:00
13436,2,1,196.89,2011-12-08 10:33:00
15746,135,1,196.88,2011-07-28 15:21:00
13978,15,2,196.79000000000002,2011-11-25 11:36:00
16937,500,1,196.25,2010-07-28 17:56:00
16112,144,4,195.73999999999998,2011-07-19 14:28:00
13757,675,1,195.55,2010-02-03 12:37:00
17010,19,1,195.36,2011-11-21 14:49:00
14666,25,1,195.25,2011-11-15 12:57:00
15612,37,2,195.15,2011-11-03 14:52:00
14405,387,1,195.0,2010-11-18 11:40:00
17468,11,3,194.8,2011-11-29 15:33:00
17065,638,2,194.7,2010-03-12 11:41:00
17475,80,1,194.37,2011-09-21 14:55:00
16299,478,1,193.65,2010-08-19 17:46:00
14476,258,1,193.0,2011-03-27 15:39:00
12522,40,2,192.72,2011-10-31 15:30:00
14768,18,2,192.60000000000002,2011-11-22 12:54:00
15729,213,3,192.55,2011-05-11 12:36:00
18028,584,1,192.05,2010-05-05 13:28:00
14100,138,1,191.95000000000002,2011-07-25 11:01:00
15909,174,1,191.94,2011-06-19 10:38:00
16695,562,2,191.9,2010-05-27 12:36:00
14279,521,2,191.86,2010-07-07 08:42:00
15692,29,1,191.04,2011-11-11 14:12:00
15954,590,1,190.75,2010-04-29 13:35:00
14728,414,1,190.58,2010-10-22 15:57:00
15688,419,1,190.57,2010-10-17 12:06:00
15412,172,1,190.53,2011-06-21 15:24:00
18020,544,1,190.48000000000002,2010-06-14 12:31:00
14617,403,2,190.47000000000003,2010-11-02 11:41:00
13766,496,1,190.35,2010-08-01 14:25:00
13972,71,2,190.25,2011-09-30 11:54:00
17257,437,2,189.78,2010-09-29 12:51:00
18046,650,1,189.63,2010-02-28 11:36:00
13826,177,1,189.5,2011-06-16 13:48:00
14801,62,1,189.34,2011-10-09 15:24:00
14830,54,1,188.88,2011-10-17 14:29:00
16277,734,1,188.69,2009-12-06 11:27:00
14697,219,2,188.60999999999999,2011-05-05 15:39:00
17283,379,1,188.46,2010-11-26 11:53:00
16051,682,1,188.44,2010-01-27 09:38:00
13063,481,1,188.4,2010-08-16 12:27:00
17781,160,2,188.02,2011-07-03 16:00:00
17279,58,1,187.82999999999998,2011-10-13 11:58:00
15072,480,1,187.51999999999998,2010-08-17 15:46:00
13852,611,1,187.35000000000002,2010-04-08 09:06:00
18013,156,2,187.29,2011-07-07 14:11:00
13568,174,1,187.05,2011-06-19 14:42:00
13387,418,1,186.94,2010-10-18 14:07:00
16267,592,1,186.66,2010-04-27 14:10:00
18063,391,2,186.60000000000002,2010-11-14 10:46:00
17215,465,1,186.15,2010-09-01 13:39:00
16388,654,1,186.05,2010-02-24 10:20:00
15567,19,1,186.01,2011-11-21 10:48:00
12641,116,1,185.9,2011-08-16 13:26:00
17574,243,1,185.65,2011-04-11 09:47:00
14879,685,1,185.06,2010-01-24 11:35:00
16097,241,1,185.04999999999998,2011-04-13 13:47:00
14677,593,1,184.91,2010-04-26 09:48:00
17803,393,1,184.66,2010-11-12 13:53:00
16914,37,1,183.76,2011-11-03 15:27:00
14059,267,1,183.6,2011-03-18 10:06:00
13460,30,2,183.44,2011-11-10 17:17:00
14119,376,2,183.37,2010-11-29 10:33:00
14983,690,1,183.20000000000002,2010-01-19 17:32:00
16819,466,2,182.59,2010-08-31 17:37:00
14941,579,1,182.1,2010-05-10 11:30:00
12934,737,1,181.65,2009-12-03 10:51:00
16822,687,1,181.39,2010-01-22 14:22:00
15359,663,8,181.35,2010-02-15 10:47:00
16594,76,1,181.09,2011-09-25 14:08:00
17904,22,1,181.07,2011-11-18 12:57:00
14858,506,1,180.75,2010-07-22 10:51:00
17820,375,1,180.60999999999999,2010-11-30 17:43:00
16090,625,1,180.56,2010-03-25 13:05:00
12622,233,1,180.1,2011-04-21 16:39:00
18234,552,1,179.6,2010-06-06 11:22:00
16640,398,1,179.4,2010-11-07 10:48:00
14945,414,1,179.4,2010-10-22 11:26:00
18147,46,2,179.33999999999997,2011-10-25 11:46:00
15895,150,1,179.17,2011-07-13 10:27:00
14705,199,1,179.0,2011-05-25 12:39:00
15209,731,1,178.98000000000002,2009-12-09 17:26:00
15139,240,2,178.96,2011-04-14 11:39:00
14812,599,1,178.85,2010-04-20 12:13:00
16691,419,2,178.83,2010-10-17 15:03:00
17170,375,2,178.68,2010-11-30 15:55:00
17879,174,1,178.51999999999998,2011-06-19 12:36:00
15292,202,1,178.39,2011-05-22 15:00:00
18045,46,1,178.34,2011-10-25 13:07:00
12686,372,1,178.28,2010-12-03 09:51:00
17253,19,1,178.26,2011-11-21 12:59:00
17798,582,1,178.07,2010-05-07 11:42:00
18282,8,2,178.05,2011-12-02 11:43:00
16403,313,1,177.5,2011-01-31 13:39:00
13618,174,1,177.34,2011-06-19 11:09:00
12618,22,1,177.31,2011-11-18 11:10:00
13072,267,1,177.15,2011-03-18 08:12:00
16285,647,1,176.9,2010-03-03 16:03:00
17036,384,1,176.9,2010-11-21 14:26:00
17587,629,1,176.71,2010-03-21 14:16:00
13746,414,1,176.69,2010-10-22 11:55:00
17947,38,1,176.68,2011-11-02 13:05:00
14287,9,3,176.63,2011-12-01 13:25:00
12893,31,1,176.55,2011-11-09 12:34:00
18054,393,1,176.5,2010-11-12 08:18:00
12509,285,1,176.5,2011-02-28 14:45:00
18175,676,1,176.1,2010-02-02 10:25:00
18274,31,1,175.92,2011-11-09 17:03:00
17840,444,1,175.9,2010-09-22 12:24:00
14486,512,2,175.5,2010-07-16 09:42:00
18166,624,1,175.5,2010-03-26 12:26:00
13007,580,1,175.25,2010-05-09 10:38:00
16144,247,1,175.2,2011-04-07 10:09:00
17331,124,1,175.2,2011-08-08 11:55:00
16559,398,1,175.0,2010-11-07 13:52:00
17108,664,1,174.95,2010-02-14 12:22:00
18010,257,1,174.8,2011-03-28 12:27:00
14495,51,3,174.8,2011-10-20 12:28:00
14518,65,1,174.37,2011-10-06 14:43:00
15684,548,3,173.95,2010-06-10 18:51:00
14674,510,1,173.66,2010-07-18 14:25:00
15565,51,2,173.16,2011-10-20 14:33:00
16741,626,1,173.06,2010-03-24 15:15:00
16599,386,1,172.8,2010-11-19 12:45:00
13671,395,1,172.6,2010-11-10 10:50:00
13690,60,1,172.25,2011-10-11 15:03:00
12442,4,1,172.06,2011-12-06 14:22:00
15515,388,1,171.81,2010-11-17 13:39:00
17983,396,1,171.71,2010-11-09 13:24:00
17575,668,1,171.7,2010-02-10 13:48:00
13560,8,1,171.42000000000002,2011-12-02 13:11:00
16312,433,1,171.15,2010-10-03 14:15:00
16673,680,1,171.13,2010-01-29 14:22:00
14536,260,1,170.95,2011-03-25 12:21:00
15403,492,2,170.88,2010-08-05 12:21:00
14811,388,1,170.5,2010-11-17 13:09:00
15256,149,2,170.4,2011-07-14 11:47:00
17922,544,1,170.4,2010-06-14 16:32:00
14860,20,1,170.32,2011-11-20 14:17:00
16731,649,1,170.3,2010-03-01 15:05:00
15335,54,1,170.22,2011-10-17 12:50:00
14218,43,1,169.48000000000002,2011-10-28 10:00:00
16002,626,1,169.21,2010-03-24 13:08:00
15647,416,1,169.0,2010-10-20 15:09:00
12367,5,1,168.9,2011-12-05 16:48:00
12768,451,1,168.69000000000003,2010-09-15 12:08:00
14578,4,1,168.63,2011-12-06 17:18:00
18099,128,1,168.31,2011-08-04 15:52:00
17737,10,2,168.24,2011-11-30 15:16:00
14131,649,1,168.22,2010-03-01 11:59:00
12551,358,1,168.0,2010-12-17 11:23:00
17559,513,1,167.62,2010-07-15 12:02:00
17367,239,1,167.55,2011-04-15 14:21:00
18037,155,15,167.42,2011-07-08 13:39:00
17586,620,1,167.4,2010-03-30 13:12:00
13609,594,1,167.35,2010-04-25 13:26:00
16405,303,2,167.25,2011-02-10 15:24:00
15166,468,1,167.16,2010-08-29 12:31:00
17875,689,1,167.1,2010-01-20 15:30:00
13547,409,1,167.08,2010-10-27 14:14:00
13967,146,2,166.3,2011-07-17 12:02:00
17650,22,1,166.08,2011-11-18 14:52:00
18088,62,1,166.03,2011-10-09 13:41:00
18107,443,1,165.88,2010-09-23 13:03:00
13903,401,1,165.45000000000002,2010-11-04 17:44:00
15316,327,1,165.0,2011-01-17 11:34:00
16663,730,1,165.0,2009-12-10 13:12:00
13470,100,2,165.0,2011-09-01 14:57:00
13191,659,1,164.69,2010-02-19 17:02:00
15904,9,1,164.68,2011-12-01 14:50:00
17535,281,1,164.4,2011-03-04 15:20:00
13603,27,1,164.34,2011-11-13 15:57:00
17417,549,1,164.18,2010-06-09 10:00:00
14955,733,1,163.77,2009-12-07 11:35:00
14354,6,2,163.62,2011-12-04 11:32:00
14485,39,1,162.8,2011-11-01 12:25:00
16517,278,1,162.7,2011-03-07 13:50:00
18174,8,2,162.5,2011-12-02 16:56:00
12954,639,1,162.45,2010-03-11 10:16:00
15733,283,1,162.3,2011-03-02 09:05:00
15534,726,1,162.25,2009-12-14 12:48:00
16443,521,1,162.24,2010-07-07 11:57:00
18014,29,1,162.22,2011-11-11 15:28:00
12661,437,1,162.0,2010-09-29 16:46:00
17971,549,1,161.94,2010-06-09 14:04:00
17600,18,1,161.67000000000002,2011-11-22 09:43:00
16113,184,1,161.38,2011-06-09 16:16:00
13714,466,1,161.35,2010-08-31 13:57:00
13779,516,1,161.13,2010-07-12 11:24:00
13701,447,1,161.0,2010-09-19 12:39:00
13229,226,1,160.95,2011-04-28 12:07:00
17605,591,1,160.75,2010-04-28 14:45:00
17202,421,1,160.65,2010-10-15 11:25:00
17487,729,1,160.55,2009-12-11 15:06:00
15229,587,1,160.5,2010-05-02 13:50:00
16645,736,1,160.39,2009-12-04 09:49:00
18146,141,2,160.35000000000002,2011-07-22 12:08:00
12966,10,1,160.18,2011-11-30 12:38:00
14571,426,1,160.0,2010-10-10 15:06:00
13420,150,2,159.85,2011-07-13 08:48:00
13302,156,2,159.2,2011-07-07 17:56:00
17953,541,1,159.17000000000002,2010-06-17 15:08:00
16213,79,1,159.0,2011-09-22 10:03:00
18224,264,1,158.95000000000002,2011-03-21 10:30:00
14089,57,1,158.75,2011-10-14 10:38:00
15499,724,1,158.65,2009-12-16 12:17:00
15548,596,1,158.09,2010-04-23 12:20:00
15348,73,1,158.04,2011-09-28 13:17:00
14318,461,1,158.02,2010-09-05 15:32:00
18004,363,1,157.92,2010-12-12 13:47:00
17751,422,1,157.85999999999999,2010-10-14 13:57:00
14207,688,1,157.8,2010-01-21 09:33:00
14822,486,1,157.70000000000002,2010-08-11 12:52:00
16687,391,1,157.63,2010-11-14 11:46:00
12894,576,1,157.35,2010-05-13 14:47:00
17318,726,1,157.32999999999998,2009-12-14 13:11:00
16371,449,1,157.2,2010-09-17 12:09:00
17128,335,1,157.09,2011-01-09 12:02:00
17118,318,1,157.02,2011-01-26 12:19:00
15007,160,1,156.91,2011-07-03 16:00:00
15742,620,1,156.87,2010-03-30 15:25:00
13830,582,1,156.85000000000002,2010-05-07 12:24:00
14406,120,1,156.75,2011-08-12 16:54:00
16578,627,1,156.6,2010-03-23 15:11:00
15438,132,1,156.57999999999998,2011-07-31 14:19:00
15263,107,1,156.51,2011-08-25 10:26:00
17885,13,1,156.34,2011-11-27 14:40:00
13051,579,2,155.8,2010-05-10 09:14:00
17832,50,1,155.37,2011-10-21 11:43:00
14368,320,1,155.0,2011-01-24 09:52:00
14046,285,1,154.99,2011-02-28 14:48:00
17698,261,1,154.95,2011-03-24 11:34:00
15740,50,1,154.88,2011-10-21 14:29:00
17899,160,1,154.55,2011-07-03 14:58:00
15226,311,1,154.41,2011-02-02 11:41:00
13490,655,1,154.25,2010-02-23 14:48:00
14814,582,1,154.21,2010-05-07 14:10:00
17517,309,1,153.94,2011-02-04 11:48:00
15560,398,2,153.52,2010-11-07 10:15:00
15431,503,1,153.24,2010-07-25 12:44:00
12602,59,1,153.12,2011-10-12 11:22:00
16248,62,1,152.94,2011-10-09 11:32:00
18138,296,1,152.65,2011-02-17 14:51:00
18113,369,1,152.64000000000001,2010-12-06 12:31:00
14066,267,1,152.55,2011-03-18 12:21:00
15509,381,1,152.41,2010-11-24 14:48:00
17327,410,2,152.35,2010-10-26 09:54:00
13653,488,1,152.2,2010-08-09 08:19:00
16617,236,1,151.85,2011-04-18 10:35:00
14362,23,1,151.5,2011-11-17 15:08:00
18076,381,1,151.49,2010-11-24 14:02:00
13697,39,1,151.29999999999998,2011-11-01 09:14:00
14516,517,1,151.17,2010-07-11 14:07:00
16337,37,1,151.05,2011-11-03 10:03:00
16662,395,1,151.05,2010-11-10 16:56:00
14073,33,1,151.04,2011-11-07 15:49:00
12959,485,1,150.95,2010-08-12 17:20:00
14980,738,1,150.68,2009-12-02 14:09:00
15991,535,1,150.55,2010-06-23 15:50:00
14084,513,1,150.5,2010-07-15 14:36:00
15775,246,2,150.5,2011-04-08 12:56:00
15474,596,1,150.35,2010-04-23 11:14:00
18200,107,1,150.35,2011-08-25 18:45:00
14845,600,1,150.0,2010-04-19 10:19:00
17234,183,1,149.89000000000001,2011-06-10 11:20:00
13257,437,1,149.75,2010-09-29 14:58:00
17946,234,2,149.57999999999998,2011-04-20 17:00:00
17390,421,1,149.3,2010-10-15 11:29:00
15435,23,1,149.29,2011-11-17 16:39:00
13003,106,3,149.05,2011-08-26 10:50:00
17549,24,2,148.86,2011-11-16 09:59:00
13125,524,1,148.62,2010-07-04 11:58:00
15526,34,2,148.44,2011-11-06 15:04:00
15283,391,3,148.33,2010-11-14 14:54:00
17592,739,1,148.3,2009-12-01 10:49:00
13457,689,2,148.22,2010-01-20 08:48:00
13578,410,1,147.66,2010-10-26 13:44:00
15479,734,1,147.4,2009-12-06 15:08:00
14098,37,1,147.35,2011-11-03 10:13:00
16724,405,1,147.35,2010-10-31 11:40:00
17794,687,2,147.3,2010-01-22 10:18:00
12858,384,1,147.27,2010-11-21 12:55:00
17030,64,1,146.87,2011-10-07 08:49:00
14683,589,1,146.56,2010-04-30 17:18:00
15496,632,1,146.14000000000001,2010-03-18 13:16:00
18137,552,2,145.99,2010-06-06 14:18:00
12565,289,1,145.92,2011-02-24 10:34:00
13866,75,1,145.67000000000002,2011-09-26 14:54:00
15937,65,1,145.35,2011-10-06 15:48:00
14972,129,2,145.07,2011-08-03 14:54:00
16598,286,1,145.04999999999998,2011-02-27 11:42:00
15902,381,1,145.01,2010-11-24 16:57:00
16852,11,2,144.91000000000003,2011-11-29 13:22:00
17938,421,1,144.29,2010-10-15 14:27:00
14109,73,1,144.2,2011-09-28 10:18:00
15816,543,2,144.14999999999998,2010-06-15 13:36:00
12587,8,1,144.0,2011-12-02 12:47:00
17186,47,2,144.0,2011-10-24 10:20:00
12387,416,1,143.94,2010-10-20 16:27:00
14604,634,1,143.85999999999999,2010-03-16 13:00:00
14574,733,1,143.70000000000002,2009-12-07 12:42:00
17149,452,1,143.10000000000002,2010-09-14 14:56:00
15705,202,1,143.1,2011-05-22 15:37:00
15761,443,1,143.05,2010-09-23 09:33:00
16507,573,1,142.71,2010-05-16 12:56:00
14386,297,1,142.4,2011-02-16 09:45:00
17859,305,1,141.92000000000002,2011-02-08 10:32:00
18038,557,1,141.48,2010-06-01 15:59:00
14041,267,1,141.41,2011-03-18 13:25:00
17273,425,1,141.12,2010-10-11 15:57:00
12636,739,1,141.0,2009-12-01 09:55:00
17959,593,1,140.75,2010-04-26 14:12:00
14773,593,1,140.55,2010-04-26 10:29:00
15388,271,1,140.54,2011-03-14 13:53:00
15702,477,2,140.39000000000001,2010-08-20 14:50:00
13483,66,1,140.34,2011-10-05 11:53:00
15324,702,1,140.22000000000003,2010-01-07 14:37:00
13839,487,1,139.95000000000002,2010-08-10 13:52:00
16840,604,2,139.85,2010-04-15 15:48:00
16483,193,1,139.35,2011-05-31 13:08:00
14772,113,1,139.26,2011-08-19 15:04:00
14707,436,2,139.2,2010-09-30 11:37:00
18209,29,1,139.10000000000002,2011-11-11 12:07:00
13273,114,1,138.98,2011-08-18 14:02:00
12902,265,1,138.68,2011-03-20 12:06:00
13716,270,1,138.28,2011-03-15 13:49:00
17982,681,1,138.18,2010-01-28 09:38:00
15663,107,1,138.14,2011-08-25 15:50:00
15848,622,1,137.99,2010-03-28 10:54:00
16396,477,1,137.8,2010-08-20 14:17:00
13279,79,1,137.75,2011-09-22 17:24:00
15836,51,1,137.37,2011-10-20 17:13:00
13907,692,1,136.8,2010-01-17 12:22:00
13195,415,1,136.73,2010-10-21 13:07:00
16237,438,1,136.65,2010-09-28 17:02:00
16289,463,1,136.31,2010-09-03 14:02:00
16651,587,1,136.2,2010-05-02 11:46:00
16876,404,1,136.01,2010-11-01 11:59:00
14366,526,1,136.0,2010-07-02 17:23:00
16462,74,3,136.0,2011-09-27 10:24:00
12968,113,1,135.95,2011-08-19 15:44:00
17583,561,1,135.95,2010-05-28 14:24:00
14889,337,1,135.9,2011-01-07 15:19:00
15419,25,1,135.86,2011-11-15 09:23:00
16114,171,1,135.75000000000003,2011-06-22 10:13:00
14391,577,1,135.6,2010-05-12 09:42:00
13076,458,1,135.4,2010-09-08 10:27:00
16665,363,1,135.39999999999998,2010-12-12 14:03:00
14588,579,1,135.39,2010-05-10 15:08:00
13144,333,2,135.35,2011-01-11 11:15:00
17972,242,1,135.19,2011-04-12 12:16:00
13702,446,1,135.18,2010-09-20 11:40:00
17960,172,3,135.08,2011-06-21 14:15:00
17199,583,1,135.04000000000002,2010-05-06 13:53:00
13364,72,1,134.95999999999998,2011-09-29 18:13:00
13119,669,1,134.9,2010-02-09 08:38:00
16055,221,1,134.8,2011-05-03 09:26:00
14340,219,1,134.7,2011-05-05 09:44:00
14174,34,1,134.46,2011-11-06 13:17:00
15926,543,1,134.44,2010-06-15 15:23:00
16486,538,1,134.36,2010-06-20 12:16:00
14280,197,1,134.04,2011-05-27 10:37:00
16886,457,1,134.0,2010-09-09 15:08:00
14349,11,1,133.5,2011-11-29 15:39:00
17881,305,1,133.35000000000002,2011-02-08 17:16:00
17826,375,1,133.34,2010-11-30 13:23:00
12467,424,1,132.8,2010-10-12 15:41:00
12964,438,1,132.24,2010-09-28 17:47:00
12512,67,2,132.18,2011-10-04 14:55:00
14438,307,1,131.9,2011-02-06 14:56:00
17565,587,1,131.83,2010-05-02 11:54:00
17455,204,1,131.7,2011-05-20 12:31:00
14795,167,1,131.45000000000002,2011-06-26 13:04:00
14378,622,1,131.25,2010-03-28 12:22:00
15409,722,1,131.25,2009-12-18 15:35:00
17225,582,1,131.15,2010-05-07 11:38:00
16865,402,1,130.95,2010-11-03 11:34:00
15844,47,1,130.73999999999998,2011-10-24 15:19:00
17240,597,1,130.6,2010-04-22 15:44:00
16410,735,1,130.32,2009-12-05 14:51:00
16288,471,1,129.85,2010-08-26 14:45:00
17762,457,1,129.75,2010-09-09 17:40:00
15317,678,1,129.75,2010-01-31 15:55:00
14865,8,4,129.72,2011-12-02 16:25:00
17847,516,2,129.69,2010-07-12 10:00:00
14999,593,1,129.48000000000002,2010-04-26 10:47:00
12555,683,1,129.23,2010-01-26 16:26:00
13071,613,1,129.22,2010-04-06 13:37:00
17056,739,1,128.60000000000002,2009-12-01 12:55:00
16828,94,2,128.5,2011-09-07 15:10:00
17089,387,1,128.45,2010-11-18 15:33:00
16251,513,1,128.31,2010-07-15 14:55:00
15892,670,1,128.2,2010-02-08 16:23:00
17297,18,1,128.18,2011-11-22 14:43:00
13666,61,5,127.89999999999999,2011-10-10 15:39:00
13053,622,1,127.65,2010-03-28 11:28:00
13586,542,1,127.28,2010-06-16 13:47:00
15578,163,1,127.1,2011-06-30 13:03:00
16973,387,1,127.0,2010-11-18 13:56:00
14751,685,2,126.45,2010-01-24 13:37:00
15463,30,1,126.14,2011-11-10 12:57:00
16294,477,1,126.05000000000001,2010-08-20 12:01:00
13794,547,1,126.03,2010-06-11 12:30:00
17657,431,1,126.0,2010-10-05 14:52:00
12814,102,1,125.92,2011-08-30 12:11:00
13522,31,1,125.80000000000001,2011-11-09 15:11:00
16925,541,1,125.65,2010-06-17 15:03:00
15017,34,1,125.58,2011-11-06 10:33:00
15731,554,1,125.3,2010-06-04 10:10:00
13912,424,1,124.95,2010-10-12 08:43:00
17148,52,1,124.88,2011-10-19 09:59:00
17818,738,1,124.78,2009-12-02 11:34:00
13312,452,1,124.75,2010-09-14 14:36:00
16849,187,1,124.57,2011-06-06 09:16:00
17316,421,1,124.45,2010-10-15 14:35:00
18000,565,1,124.25,2010-05-24 17:34:00
12773,565,1,124.25,2010-05-24 17:30:00
15779,464,2,124.08000000000001,2010-09-02 16:40:00
13968,424,1,123.66,2010-10-12 13:22:00
14187,474,1,123.5,2010-08-23 12:06:00
16397,629,1,123.13,2010-03-21 15:36:00
13876,64,1,122.7,2011-10-07 10:22:00
13638,16,1,122.64,2011-11-24 10:38:00
12969,603,1,122.45,2010-04-16 10:50:00
13084,492,1,122.39999999999999,2010-08-05 08:49:00
16073,298,1,122.39999999999999,2011-02-15 15:41:00
13244,93,1,121.74000000000001,2011-09-08 11:46:00
13182,46,1,121.18,2011-10-25 13:46:00
15049,274,1,121.17000000000002,2011-03-11 12:13:00
17260,412,1,120.95,2010-10-24 13:21:00
17446,177,2,120.9,2011-06-16 10:42:00
14884,670,1,120.6,2010-02-08 12:56:00
14165,276,1,120.44,2011-03-09 12:39:00
14444,457,1,120.44,2010-09-09 18:56:00
17543,550,1,120.05,2010-06-08 12:41:00
18015,5,1,120.03,2011-12-05 14:49:00
14259,142,1,120.0,2011-07-21 10:44:00
14453,191,1,119.93,2011-06-02 14:15:00
15161,389,1,119.92,2010-11-16 16:08:00
17541,510,1,119.86,2010-07-18 11:36:00
17177,506,1,119.5,2010-07-22 14:53:00
15843,304,1,118.95000000000002,2011-02-09 10:19:00
17280,439,1,118.85999999999999,2010-09-27 16:46:00
17079,79,1,118.80000000000001,2011-09-22 15:34:00
14155,267,1,118.75,2011-03-18 14:13:00
14076,130,1,118.67,2011-08-02 15:19:00
12929,312,1,117.85,2011-02-01 12:08:00
16291,683,1,117.72,2010-01-26 16:26:00
17654,278,1,117.55,2011-03-07 13:17:00
16959,88,1,117.35000000000001,2011-09-13 15:03:00
14726,655,1,116.5,2010-02-23 12:35:00
17117,289,1,116.19999999999999,2011-02-24 13:54:00
14874,536,1,116.18,2010-06-22 14:58:00
14143,134,1,115.8,2011-07-29 09:48:00
16068,594,1,115.73,2010-04-25 11:52:00
18027,99,1,115.31,2011-09-02 10:38:00
18012,724,1,115.3,2009-12-16 13:16:00
17401,542,1,114.85,2010-06-16 16:54:00
17933,633,1,114.69,2010-03-17 15:11:00
15905,544,1,114.69,2010-06-14 16:00:00
13188,12,1,114.60000000000001,2011-11-28 15:28:00
16247,171,1,114.56,2011-06-22 14:23:00
14632,263,1,114.56,2011-03-22 08:49:00
14652,78,1,114.18,2011-09-23 14:21:00
12938,26,1,114.14,2011-11-14 11:21:00
14582,41,1,114.11,2011-10-30 11:56:00
17275,384,1,114.1,2010-11-21 13:26:00
15056,521,1,113.64999999999999,2010-07-07 15:58:00
14457,311,1,113.64,2011-02-02 09:39:00
18105,38,1,113.48000000000002,2011-11-02 12:04:00
16821,382,1,113.35,2010-11-23 10:04:00
17784,551,1,112.86,2010-06-07 16:08:00
18148,647,1,112.85000000000001,2010-03-03 11:40:00
14689,209,1,112.8,2011-05-15 11:22:00
16697,242,1,112.75,2011-04-12 17:12:00
18129,244,1,112.55000000000001,2011-04-10 14:16:00
13241,412,1,112.53,2010-10-24 11:17:00
15899,369,1,112.5,2010-12-06 10:36:00
15610,52,1,112.46000000000001,2011-10-19 10:36:00
13620,529,1,112.34,2010-06-29 15:02:00
17816,37,6,112.32,2011-11-03 11:34:00
17900,191,2,112.19999999999999,2011-06-02 14:38:00
13193,62,1,112.08,2011-10-09 14:30:00
12756,87,1,112.07999999999998,2011-09-14 09:31:00
14750,737,1,112.03,2009-12-03 17:57:00
17957,67,1,111.68,2011-10-04 14:58:00
14668,446,1,111.63,2010-09-20 15:03:00
17304,535,1,111.5,2010-06-23 16:23:00
17887,130,1,111.35,2011-08-02 17:29:00
17208,396,1,111.15,2010-11-09 12:50:00
15352,549,1,111.15,2010-06-09 11:28:00
18120,215,1,111.15,2011-05-09 13:45:00
14464,569,2,111.0,2010-05-20 18:00:00
12692,638,1,110.95,2010-03-12 14:02:00
14509,535,1,110.95,2010-06-23 13:21:00
15537,164,1,110.92,2011-06-29 13:10:00
15853,52,1,110.8,2011-10-19 10:38:00
18256,388,1,110.7,2010-11-17 08:53:00
14787,472,1,110.65,2010-08-25 14:38:00
16963,188,1,110.55000000000001,2011-06-05 13:48:00
14641,22,1,110.46,2011-11-18 10:42:00
17836,48,1,110.21000000000001,2011-10-23 16:13:00
17909,738,1,110.05,2009-12-02 13:10:00
15851,527,1,109.73,2010-07-01 12:34:00
14033,556,1,109.44,2010-06-02 15:10:00
16363,54,1,109.36000000000001,2011-10-17 14:14:00
16064,726,1,109.31,2009-12-14 16:11:00
16664,570,1,109.2,2010-05-19 17:11:00
14721,380,1,109.07,2010-11-25 13:08:00
14345,39,1,108.97999999999999,2011-11-01 09:51:00
13170,27,1,108.81,2011-11-13 12:19:00
15875,647,1,108.52,2010-03-03 16:51:00
16106,66,1,108.38,2011-10-05 10:37:00
14374,542,1,108.0,2010-06-16 14:25:00
14661,27,1,107.95,2011-11-13 11:51:00
13580,407,1,107.75,2010-10-29 15:01:00
14943,664,1,107.62,2010-02-14 16:04:00
15395,326,1,107.45,2011-01-18 12:40:00
16301,737,1,107.33,2009-12-03 10:20:00
15328,408,1,107.24,2010-10-28 09:05:00
17893,226,1,107.21,2011-04-28 13:50:00
16047,683,1,107.14,2010-01-26 16:34:00
15846,386,1,107.01,2010-11-19 14:40:00
16630,408,1,106.80000000000001,2010-10-28 14:30:00
16082,671,1,106.75,2010-02-07 15:16:00
14637,678,1,106.67999999999999,2010-01-31 15:52:00
15168,26,1,106.56,2011-11-14 11:26:00
15927,648,1,106.54,2010-03-02 13:25:00
17791,30,1,106.1,2011-11-10 12:09:00
16581,183,1,105.84,2011-06-10 10:05:00
18103,550,1,105.8,2010-06-08 13:36:00
15642,730,1,105.78000000000002,2009-12-10 11:51:00
14579,433,1,105.56,2010-10-03 14:36:00
15340,562,1,105.5,2010-05-27 10:27:00
14027,61,1,104.82,2011-10-10 09:01:00
17328,674,1,104.7,2010-02-04 17:11:00
16547,547,1,104.25999999999999,2010-06-11 13:02:00
16375,471,2,104.0,2010-08-26 14:25:00
16896,556,1,103.95,2010-06-02 15:40:00
14542,186,1,103.25,2011-06-07 08:19:00
15924,732,1,102.82,2009-12-08 15:00:00
18124,473,1,102.65,2010-08-24 17:21:00
17467,396,1,102.6,2010-11-09 12:58:00
14836,11,3,102.44999999999999,2011-11-29 16:45:00
13829,422,1,102.0,2010-10-14 18:19:00
15486,528,1,102.0,2010-06-30 13:15:00
18068,290,1,101.69999999999999,2011-02-23 14:50:00
16516,31,1,101.69999999999999,2011-11-09 14:59:00
16944,610,1,101.36,2010-04-09 11:03:00
18086,275,1,101.34,2011-03-10 13:34:00
18195,388,1,101.16,2010-11-17 15:03:00
13011,373,1,101.10000000000001,2010-12-02 17:22:00
17741,407,2,101.1,2010-10-29 11:59:00
16498,162,2,100.97,2011-07-01 15:07:00
17493,386,1,100.91000000000001,2010-11-19 16:57:00
14946,15,1,100.9,2011-11-25 13:33:00
17224,502,1,100.86,2010-07-26 13:30:00
17427,72,1,100.8,2011-09-29 11:29:00
14371,296,1,100.5,2011-02-17 16:35:00
15635,396,1,100.35,2010-11-09 08:58:00
17570,382,1,100.0,2010-11-23 11:56:00
17939,160,1,99.14,2011-07-03 12:27:00
12774,536,1,98.7,2010-06-22 10:38:00
17538,26,1,98.42,2011-11-14 12:12:00
16694,724,1,98.30000000000001,2009-12-16 15:45:00
12984,19,1,97.5,2011-11-21 12:37:00
17395,509,1,97.5,2010-07-19 15:34:00
14642,59,1,96.12,2011-10-12 11:08:00
13793,647,1,96.0,2010-03-03 08:25:00
15583,377,1,95.96,2010-11-28 15:04:00
17024,46,3,95.85,2011-10-25 13:47:00
17895,45,1,95.45,2011-10-26 17:00:00
18249,18,1,95.34,2011-11-22 15:07:00
12548,167,1,95.19999999999999,2011-06-26 15:35:00
15285,408,1,94.92,2010-10-28 09:46:00
14833,499,1,94.8,2010-07-29 10:06:00
15868,584,1,94.53,2010-05-05 14:11:00
16339,285,1,94.05,2011-02-28 13:41:00
15397,290,1,94.0,2011-02-23 09:25:00
18033,66,1,93.82000000000001,2011-10-05 17:28:00
14394,565,1,93.8,2010-05-24 10:43:00
15305,556,1,93.6,2010-06-02 13:50:00
12992,726,1,93.35000000000001,2009-12-14 16:46:00
15082,669,1,93.35000000000001,2010-02-09 10:23:00
16196,489,1,93.3,2010-08-08 11:40:00
14054,66,1,92.46,2011-10-05 15:49:00
13160,23,1,91.8,2011-11-17 13:07:00
16831,565,1,91.8,2010-05-24 09:08:00
12659,30,1,91.68,2011-11-10 11:53:00
13392,678,1,91.14,2010-01-31 13:34:00
14786,551,1,90.96,2010-06-07 13:42:00
13947,66,1,90.6,2011-10-05 14:42:00
14435,502,1,90.42,2010-07-26 12:33:00
16506,20,2,90.30000000000001,2011-11-20 12:17:00
16597,5,1,90.04,2011-12-05 15:44:00
14117,144,1,90.0,2011-07-19 09:49:00
15686,421,1,90.0,2010-10-15 13:50:00
14974,38,1,89.94,2011-11-02 13:01:00
16061,432,1,89.65,2010-10-04 15:29:00
13535,403,1,89.5,2010-11-02 11:49:00
14760,298,1,89.2,2011-02-15 16:27:00
13222,578,1,88.5,2010-05-11 13:54:00
15603,79,2,88.48,2011-09-22 10:04:00
15083,257,1,88.2,2011-03-28 12:18:00
16564,570,1,87.8,2010-05-19 14:41:00
17606,738,1,87.30000000000001,2009-12-02 13:32:00
17763,264,4,86.15,2011-03-21 14:25:00
13180,608,1,86.10000000000001,2010-04-11 13:37:00
15541,115,1,85.13000000000001,2011-08-17 14:58:00
13841,253,1,85.0,2011-04-01 12:10:00
12401,304,1,84.3,2011-02-09 13:50:00
15094,464,2,83.0,2010-09-02 16:55:00
14347,737,1,82.6,2009-12-03 10:49:00
13469,654,1,82.4,2010-02-24 15:03:00
16028,596,1,82.2,2010-04-23 11:45:00
13215,403,1,81.6,2010-11-02 18:26:00
13006,57,1,81.57,2011-10-14 13:49:00
17620,60,1,81.44,2011-10-11 12:08:00
17008,430,1,81.36,2010-10-06 15:19:00
14717,734,1,81.3,2009-12-06 13:05:00
15170,407,1,81.15,2010-10-29 10:34:00
17336,473,1,81.12,2010-08-24 15:37:00
16789,9,1,80.8,2011-12-01 15:12:00
17752,360,1,80.64,2010-12-15 16:19:00
15833,738,1,80.4,2009-12-02 11:59:00
15131,395,1,80.28,2010-11-10 12:07:00
14190,667,1,79.9,2010-02-11 14:27:00
16165,506,1,79.9,2010-07-22 14:17:00
14589,372,1,79.5,2010-12-03 11:42:00
14007,513,1,79.48,2010-07-15 09:06:00
15753,305,1,79.2,2011-02-08 12:41:00
12570,683,1,77.52,2010-01-26 17:28:00
17942,8,1,77.50000000000001,2011-12-02 10:45:00
14785,11,2,77.4,2011-11-29 13:21:00
13132,262,1,77.3,2011-03-23 12:44:00
16867,690,1,76.74000000000001,2010-01-19 09:11:00
14373,359,1,76.55,2010-12-16 15:40:00
14090,325,1,76.32000000000001,2011-01-19 10:51:00
15668,218,1,76.32000000000001,2011-05-06 10:39:00
14613,681,1,76.32000000000001,2010-01-28 13:02:00
13219,619,1,76.23,2010-03-31 14:18:00
17628,82,1,75.75,2011-09-19 15:21:00
16610,220,1,75.66,2011-05-04 13:13:00
14559,391,1,75.6,2010-11-14 16:05:00
17192,537,1,75.28,2010-06-21 16:07:00
16420,397,1,75.0,2010-11-08 15:15:00
17944,424,1,74.99,2010-10-12 16:25:00
13095,71,1,74.39999999999999,2011-09-30 12:03:00
12506,233,1,73.5,2011-04-21 08:54:00
18032,335,1,73.5,2011-01-09 15:32:00
16171,60,1,73.2,2011-10-11 14:51:00
17906,248,1,72.9,2011-04-06 17:25:00
13105,437,1,72.0,2010-09-29 13:41:00
16459,730,1,71.78999999999999,2009-12-10 12:42:00
13938,36,1,71.66,2011-11-04 14:37:00
16970,627,1,71.4,2010-03-23 13:50:00
13185,268,1,71.4,2011-03-17 11:56:00
17747,113,1,71.4,2011-08-19 08:13:00
13915,395,1,70.80000000000001,2010-11-10 15:17:00
14576,373,1,70.80000000000001,2010-12-02 17:51:00
15564,464,2,70.74000000000001,2010-09-02 15:52:00
12568,645,1,70.0,2010-03-05 09:15:00
13172,401,1,69.6,2010-11-04 15:10:00
14906,446,1,68.44,2010-09-20 16:30:00
12861,620,1,68.25,2010-03-30 11:39:00
17249,429,1,68.03,2010-10-07 11:33:00
14393,219,1,67.95,2011-05-05 18:16:00
17532,386,1,65.34,2010-11-19 08:13:00
13022,430,1,65.3,2010-10-06 10:50:00
13130,95,1,64.0,2011-09-06 15:30:00
16238,423,1,63.66,2010-10-13 12:36:00
17216,555,1,63.6,2010-06-03 13:03:00
17263,209,1,63.440000000000005,2011-05-15 14:32:00
15470,576,1,63.419999999999995,2010-05-13 09:35:00
12404,683,1,63.24,2010-01-26 16:25:00
16058,407,1,62.7,2010-10-29 16:48:00
13218,128,1,62.63999999999999,2011-08-04 16:59:00
14650,590,1,62.5,2010-04-29 20:27:00
15516,45,3,62.43,2011-10-26 10:51:00
13380,433,1,62.4,2010-10-03 10:18:00
13303,401,1,61.72,2010-11-04 14:55:00
13818,430,1,61.28,2010-10-06 12:35:00
15375,691,1,60.959999999999994,2010-01-18 15:38:00
16605,725,1,60.48,2009-12-15 19:03:00
15250,641,1,60.0,2010-03-09 07:35:00
17174,218,1,59.9,2011-05-06 11:47:00
13391,204,1,59.8,2011-05-20 10:50:00
13682,188,1,59.5,2011-06-05 14:06:00
15371,663,1,59.400000000000006,2010-02-15 13:14:00
15233,402,1,59.400000000000006,2010-11-03 13:36:00
14384,501,1,58.5,2010-07-27 09:53:00
12466,683,1,56.73,2010-01-26 16:26:00
17775,255,1,56.4,2011-03-30 10:50:00
13366,51,1,56.160000000000004,2011-10-20 13:37:00
15685,451,1,55.980000000000004,2010-09-15 13:43:00
12776,668,1,55.5,2010-02-10 12:11:00
17494,502,1,54.699999999999996,2010-07-26 10:06:00
12860,694,1,54.22,2010-01-15 15:22:00
13306,431,1,53.65,2010-10-05 14:55:00
16349,291,1,53.5,2011-02-22 12:40:00
17599,478,1,52.05,2010-08-19 12:50:00
15313,111,1,52.0,2011-08-21 16:02:00
16786,394,1,51.839999999999996,2010-11-11 08:25:00
17844,107,1,51.559999999999995,2011-08-25 11:27:00
13254,377,1,51.410000000000004,2010-11-28 15:42:00
14351,165,1,51.0,2011-06-28 11:56:00
14743,593,1,50.48,2010-04-26 10:26:00
18184,16,1,49.8,2011-11-24 15:28:00
14380,683,1,48.96,2010-01-26 17:11:00
16530,669,1,48.349999999999994,2010-02-09 15:30:00
16257,177,1,46.95,2011-06-16 10:11:00
13438,548,1,46.5,2010-06-10 18:46:00
15698,625,1,46.2,2010-03-25 17:38:00
12496,621,2,45.34,2010-03-29 14:06:00
15672,726,1,45.300000000000004,2009-12-14 16:52:00
17916,629,2,43.87,2010-03-21 12:26:00
14300,19,1,43.2,2011-11-21 08:57:00
13913,507,1,42.22,2010-07-21 10:11:00
13906,410,1,42.0,2010-10-26 15:00:00
16219,501,1,40.8,2010-07-27 11:44:00
14266,429,1,40.56,2010-10-07 13:32:00
15178,261,1,40.5,2011-03-24 15:12:00
14086,463,1,39.95,2010-09-03 10:52:00
16659,190,1,39.12,2011-06-03 15:03:00
17246,547,2,38.92,2010-06-11 12:36:00
18019,52,1,38.45,2011-10-19 12:10:00
15455,598,1,38.25,2010-04-21 12:43:00
15693,660,1,37.5,2010-02-18 14:37:00
16162,253,1,37.4,2011-04-01 15:03:00
17352,697,1,36.25,2010-01-12 16:13:00
14993,564,1,36.13,2010-05-25 12:47:00
15940,312,1,35.8,2011-02-01 16:18:00
16417,493,1,35.7,2010-08-04 09:08:00
17831,34,1,35.400000000000006,2011-11-06 15:09:00
15744,78,1,34.8,2011-09-23 09:52:00
17533,435,1,34.8,2010-10-01 09:14:00
15871,438,1,33.099999999999994,2010-09-28 14:16:00
16941,612,1,33.0,2010-04-07 11:13:00
14977,726,1,31.929999999999996,2009-12-14 10:37:00
17129,521,1,31.85,2010-07-07 13:46:00
16454,45,4,30.950000000000003,2011-10-26 11:40:00
14144,487,1,30.599999999999998,2010-08-10 15:17:00
13120,239,1,30.599999999999998,2011-04-15 10:19:00
16548,600,1,30.15,2010-04-19 16:15:00
15575,620,1,30.1,2010-03-30 12:50:00
15657,23,1,30.0,2011-11-17 12:19:00
17319,670,1,29.1,2010-02-08 15:47:00
17102,262,1,25.5,2011-03-23 10:08:00
15284,501,1,24.75,2010-07-27 13:25:00
14610,396,2,24.35,2010-11-09 10:58:00
16537,642,1,23.35,2010-03-08 13:41:00
12606,683,1,21.0,2010-01-26 16:23:00
17986,57,1,20.8,2011-10-14 14:22:00
16953,31,1,20.8,2011-11-09 15:54:00
13112,542,1,20.6,2010-06-16 17:03:00
15999,736,1,20.4,2009-12-04 12:31:00
13163,611,1,17.65,2010-04-08 16:21:00
16093,107,1,17.0,2011-08-25 11:09:00
12846,683,1,15.58,2010-01-26 16:29:00
14580,519,1,14.850000000000001,2010-07-09 15:20:00
14900,523,1,13.919999999999998,2010-07-05 15:09:00
16878,85,1,13.3,2011-09-16 17:39:00
17956,250,1,12.75,2011-04-04 13:47:00
17378,375,1,10.95,2010-11-30 18:46:00
18115,698,1,9.700000000000001,2010-01-11 11:57:00
15040,542,1,7.49,2010-06-16 11:40:00
15913,535,1,6.300000000000001,2010-06-23 16:31:00
14792,64,1,6.2,2011-10-07 09:19:00
13788,506,1,3.75,2010-07-22 15:50:00
16738,298,1,3.75,2011-02-15 09:46:00
14095,723,1,2.95,2009-12-17 12:49:00
